0,0.0
1,0.0
2,0.0
3,0.0
4,0.0
5,0.0
6,0.0
7,0.0
8,0.002
9,0.057
10,0.136
11,0.194
12,0.208
13,0.177
14,0.099
15,0.015
16,0.0
17,0.0
18,0.0
19,0.0
20,0.0
21,0.0
22,0.0
23,0.0
24,0.0
25,0.0
26,0.0
27,0.0
28,0.0
29,0.0
30,0.0
31,0.0
32,0.006
33,0.077
34,0.174
35,0.232
36,0.234
37,0.184
38,0.099
39,0.018
40,0.0
41,0.0
42,0.0
43,0.0
44,0.0
45,0.0
46,0.0
47,0.0
48,0.0
49,0.0
50,0.0
51,0.0
52,0.0
53,0.0
54,0.0
55,0.0
56,0.006
57,0.088
58,0.179
59,0.229
60,0.228
61,0.184
62,0.105
63,0.021
64,0.0
65,0.0
66,0.0
67,0.0
68,0.0
69,0.0
70,0.0
71,0.0
72,0.0
73,0.0
74,0.0
75,0.0
76,0.0
77,0.0
78,0.0
79,0.0
80,0.008
81,0.062
82,0.117
83,0.154
84,0.158
85,0.133
86,0.075
87,0.016
88,0.0
89,0.0
90,0.0
91,0.0
92,0.0
93,0.0
94,0.0
95,0.0
96,0.0
97,0.0
98,0.0
99,0.0
100,0.0
101,0.0
102,0.0
103,0.0
104,0.005
105,0.05
106,0.102
107,0.133
108,0.131
109,0.098
110,0.05
111,0.008
112,0.0
113,0.0
114,0.0
115,0.0
116,0.0
117,0.0
118,0.0
119,0.0
120,0.0
121,0.0
122,0.0
123,0.0
124,0.0
125,0.0
126,0.0
127,0.0
128,0.001
129,0.015
130,0.049
131,0.076
132,0.092
133,0.072
134,0.033
135,0.003
136,0.0
137,0.0
138,0.0
139,0.0
140,0.0
141,0.0
142,0.0
143,0.0
144,0.0
145,0.0
146,0.0
147,0.0
148,0.0
149,0.0
150,0.0
151,0.0
152,0.001
153,0.013
154,0.045
155,0.074
156,0.083
157,0.061
158,0.03
159,0.004
160,0.0
161,0.0
162,0.0
163,0.0
164,0.0
165,0.0
166,0.0
167,0.0
168,0.0
169,0.0
170,0.0
171,0.0
172,0.0
173,0.0
174,0.0
175,0.0
176,0.003
177,0.071
178,0.174
179,0.251
180,0.27
181,0.232
182,0.141
183,0.031
184,0.0
185,0.0
186,0.0
187,0.0
188,0.0
189,0.0
190,0.0
191,0.0
192,0.0
193,0.0
194,0.0
195,0.0
196,0.0
197,0.0
198,0.0
199,0.0
200,0.008
201,0.082
202,0.183
203,0.229
204,0.221
205,0.176
206,0.095
207,0.02
208,0.0
209,0.0
210,0.0
211,0.0
212,0.0
213,0.0
214,0.0
215,0.0
216,0.0
217,0.0
218,0.0
219,0.0
220,0.0
221,0.0
222,0.0
223,0.0
224,0.003
225,0.029
226,0.064
227,0.092
228,0.104
229,0.093
230,0.052
231,0.009
232,0.0
233,0.0
234,0.0
235,0.0
236,0.0
237,0.0
238,0.0
239,0.0
240,0.0
241,0.0
242,0.0
243,0.0
244,0.0
245,0.0
246,0.0
247,0.0
248,0.002
249,0.03
250,0.075
251,0.108
252,0.122
253,0.103
254,0.058
255,0.01
256,0.0
257,0.0
258,0.0
259,0.0
260,0.0
261,0.0
262,0.0
263,0.0
264,0.0
265,0.0
266,0.0
267,0.0
268,0.0
269,0.0
270,0.0
271,0.0
272,0.0
273,0.007
274,0.027
275,0.044
276,0.048
277,0.036
278,0.018
279,0.002
280,0.0
281,0.0
282,0.0
283,0.0
284,0.0
285,0.0
286,0.0
287,0.0
288,0.0
289,0.0
290,0.0
291,0.0
292,0.0
293,0.0
294,0.0
295,0.0
296,0.002
297,0.028
298,0.069
299,0.103
300,0.113
301,0.081
302,0.041
303,0.007
304,0.0
305,0.0
306,0.0
307,0.0
308,0.0
309,0.0
310,0.0
311,0.0
312,0.0
313,0.0
314,0.0
315,0.0
316,0.0
317,0.0
318,0.0
319,0.0
320,0.006
321,0.048
322,0.101
323,0.143
324,0.154
325,0.13
326,0.066
327,0.013
328,0.0
329,0.0
330,0.0
331,0.0
332,0.0
333,0.0
334,0.0
335,0.0
336,0.0
337,0.0
338,0.0
339,0.0
340,0.0
341,0.0
342,0.0
343,0.0
344,0.004
345,0.028
346,0.058
347,0.085
348,0.095
349,0.084
350,0.042
351,0.006
352,0.0
353,0.0
354,0.0
355,0.0
356,0.0
357,0.0
358,0.0
359,0.0
360,0.0
361,0.0
362,0.0
363,0.0
364,0.0
365,0.0
366,0.0
367,0.0
368,0.002
369,0.026
370,0.059
371,0.092
372,0.1
373,0.084
374,0.056
375,0.015
376,0.0
377,0.0
378,0.0
379,0.0
380,0.0
381,0.0
382,0.0
383,0.0
384,0.0
385,0.0
386,0.0
387,0.0
388,0.0
389,0.0
390,0.0
391,0.0
392,0.022
393,0.124
394,0.225
395,0.28
396,0.277
397,0.229
398,0.14
399,0.036
400,0.0
401,0.0
402,0.0
403,0.0
404,0.0
405,0.0
406,0.0
407,0.0
408,0.0
409,0.0
410,0.0
411,0.0
412,0.0
413,0.0
414,0.0
415,0.0
416,0.004
417,0.04
418,0.099
419,0.144
420,0.147
421,0.109
422,0.053
423,0.009
424,0.0
425,0.0
426,0.0
427,0.0
428,0.0
429,0.0
430,0.0
431,0.0
432,0.0
433,0.0
434,0.0
435,0.0
436,0.0
437,0.0
438,0.0
439,0.0
440,0.003
441,0.027
442,0.063
443,0.089
444,0.095
445,0.078
446,0.044
447,0.009
448,0.0
449,0.0
450,0.0
451,0.0
452,0.0
453,0.0
454,0.0
455,0.0
456,0.0
457,0.0
458,0.0
459,0.0
460,0.0
461,0.0
462,0.0
463,0.0
464,0.025
465,0.09
466,0.16
467,0.213
468,0.22
469,0.192
470,0.12
471,0.032
472,0.0
473,0.0
474,0.0
475,0.0
476,0.0
477,0.0
478,0.0
479,0.0
480,0.0
481,0.0
482,0.0
483,0.0
484,0.0
485,0.0
486,0.0
487,0.0
488,0.009
489,0.043
490,0.079
491,0.101
492,0.094
493,0.069
494,0.035
495,0.007
496,0.0
497,0.0
498,0.0
499,0.0
500,0.0
501,0.0
502,0.0
503,0.0
504,0.0
505,0.0
506,0.0
507,0.0
508,0.0
509,0.0
510,0.0
511,0.0
512,0.013
513,0.067
514,0.14
515,0.17
516,0.153
517,0.107
518,0.058
519,0.015
520,0.0
521,0.0
522,0.0
523,0.0
524,0.0
525,0.0
526,0.0
527,0.0
528,0.0
529,0.0
530,0.0
531,0.0
532,0.0
533,0.0
534,0.0
535,0.0
536,0.017
537,0.093
538,0.196
539,0.26
540,0.272
541,0.226
542,0.143
543,0.047
544,0.0
545,0.0
546,0.0
547,0.0
548,0.0
549,0.0
550,0.0
551,0.0
552,0.0
553,0.0
554,0.0
555,0.0
556,0.0
557,0.0
558,0.0
559,0.0
560,0.008
561,0.054
562,0.105
563,0.144
564,0.148
565,0.113
566,0.064
567,0.016
568,0.0
569,0.0
570,0.0
571,0.0
572,0.0
573,0.0
574,0.0
575,0.0
576,0.0
577,0.0
578,0.0
579,0.0
580,0.0
581,0.0
582,0.0
583,0.0
584,0.008
585,0.051
586,0.101
587,0.134
588,0.13
589,0.098
590,0.056
591,0.015
592,0.0
593,0.0
594,0.0
595,0.0
596,0.0
597,0.0
598,0.0
599,0.0
600,0.0
601,0.0
602,0.0
603,0.0
604,0.0
605,0.0
606,0.0
607,0.0
608,0.006
609,0.025
610,0.043
611,0.058
612,0.062
613,0.046
614,0.025
615,0.007
616,0.0
617,0.0
618,0.0
619,0.0
620,0.0
621,0.0
622,0.0
623,0.0
624,0.0
625,0.0
626,0.0
627,0.0
628,0.0
629,0.0
630,0.0
631,0.0
632,0.026
633,0.1
634,0.16
635,0.189
636,0.183
637,0.15
638,0.098
639,0.035
640,0.0
641,0.0
642,0.0
643,0.0
644,0.0
645,0.0
646,0.0
647,0.0
648,0.0
649,0.0
650,0.0
651,0.0
652,0.0
653,0.0
654,0.0
655,0.0
656,0.056
657,0.184
658,0.272
659,0.315
660,0.318
661,0.274
662,0.188
663,0.073
664,0.002
665,0.0
666,0.0
667,0.0
668,0.0
669,0.0
670,0.0
671,0.0
672,0.0
673,0.0
674,0.0
675,0.0
676,0.0
677,0.0
678,0.0
679,0.0
680,0.005
681,0.025
682,0.049
683,0.07
684,0.076
685,0.065
686,0.04
687,0.012
688,0.0
689,0.0
690,0.0
691,0.0
692,0.0
693,0.0
694,0.0
695,0.0
696,0.0
697,0.0
698,0.0
699,0.0
700,0.0
701,0.0
702,0.0
703,0.0
704,0.023
705,0.093
706,0.186
707,0.244
708,0.236
709,0.206
710,0.141
711,0.054
712,0.002
713,0.0
714,0.0
715,0.0
716,0.0
717,0.0
718,0.0
719,0.0
720,0.0
721,0.0
722,0.0
723,0.0
724,0.0
725,0.0
726,0.0
727,0.0
728,0.04
729,0.127
730,0.215
731,0.271
732,0.274
733,0.223
734,0.139
735,0.047
736,0.0
737,0.0
738,0.0
739,0.0
740,0.0
741,0.0
742,0.0
743,0.0
744,0.0
745,0.0
746,0.0
747,0.0
748,0.0
749,0.0
750,0.0
751,0.0
752,0.025
753,0.097
754,0.159
755,0.193
756,0.185
757,0.151
758,0.098
759,0.04
760,0.002
761,0.0
762,0.0
763,0.0
764,0.0
765,0.0
766,0.0
767,0.0
768,0.0
769,0.0
770,0.0
771,0.0
772,0.0
773,0.0
774,0.0
775,0.0
776,0.04
777,0.143
778,0.237
779,0.289
780,0.3
781,0.266
782,0.191
783,0.087
784,0.006
785,0.0
786,0.0
787,0.0
788,0.0
789,0.0
790,0.0
791,0.0
792,0.0
793,0.0
794,0.0
795,0.0
796,0.0
797,0.0
798,0.0
799,0.001
800,0.069
801,0.131
802,0.175
803,0.195
804,0.197
805,0.173
806,0.122
807,0.047
808,0.002
809,0.0
810,0.0
811,0.0
812,0.0
813,0.0
814,0.0
815,0.0
816,0.0
817,0.0
818,0.0
819,0.0
820,0.0
821,0.0
822,0.0
823,0.0
824,0.008
825,0.059
826,0.139
827,0.215
828,0.261
829,0.246
830,0.18
831,0.082
832,0.006
833,0.0
834,0.0
835,0.0
836,0.0
837,0.0
838,0.0
839,0.0
840,0.0
841,0.0
842,0.0
843,0.0
844,0.0
845,0.0
846,0.0
847,0.0
848,0.019
849,0.063
850,0.104
851,0.122
852,0.111
853,0.076
854,0.04
855,0.012
856,0.0
857,0.0
858,0.0
859,0.0
860,0.0
861,0.0
862,0.0
863,0.0
864,0.0
865,0.0
866,0.0
867,0.0
868,0.0
869,0.0
870,0.0
871,0.0
872,0.015
873,0.05
874,0.089
875,0.117
876,0.131
877,0.114
878,0.071
879,0.026
880,0.001
881,0.0
882,0.0
883,0.0
884,0.0
885,0.0
886,0.0
887,0.0
888,0.0
889,0.0
890,0.0
891,0.0
892,0.0
893,0.0
894,0.0
895,0.0
896,0.022
897,0.073
898,0.125
899,0.162
900,0.186
901,0.192
902,0.146
903,0.066
904,0.005
905,0.0
906,0.0
907,0.0
908,0.0
909,0.0
910,0.0
911,0.0
912,0.0
913,0.0
914,0.0
915,0.0
916,0.0
917,0.0
918,0.0
919,0.0
920,0.002
921,0.018
922,0.037
923,0.051
924,0.076
925,0.109
926,0.102
927,0.05
928,0.005
929,0.0
930,0.0
931,0.0
932,0.0
933,0.0
934,0.0
935,0.0
936,0.0
937,0.0
938,0.0
939,0.0
940,0.0
941,0.0
942,0.0
943,0.002
944,0.052
945,0.132
946,0.209
947,0.25
948,0.246
949,0.197
950,0.132
951,0.059
952,0.005
953,0.0
954,0.0
955,0.0
956,0.0
957,0.0
958,0.0
959,0.0
960,0.0
961,0.0
962,0.0
963,0.0
964,0.0
965,0.0
966,0.0
967,0.0
968,0.04
969,0.104
970,0.165
971,0.214
972,0.253
973,0.239
974,0.171
975,0.077
976,0.008
977,0.0
978,0.0
979,0.0
980,0.0
981,0.0
982,0.0
983,0.0
984,0.0
985,0.0
986,0.0
987,0.0
988,0.0
989,0.0
990,0.0
991,0.002
992,0.073
993,0.179
994,0.293
995,0.379
996,0.394
997,0.351
998,0.234
999,0.11
1000,0.015
1001,0.0
1002,0.0
1003,0.0
1004,0.0
1005,0.0
1006,0.0
1007,0.0
1008,0.0
1009,0.0
1010,0.0
1011,0.0
1012,0.0
1013,0.0
1014,0.0
1015,0.001
1016,0.013
1017,0.039
1018,0.071
1019,0.106
1020,0.136
1021,0.133
1022,0.097
1023,0.047
1024,0.006
1025,0.0
1026,0.0
1027,0.0
1028,0.0
1029,0.0
1030,0.0
1031,0.0
1032,0.0
1033,0.0
1034,0.0
1035,0.0
1036,0.0
1037,0.0
1038,0.0
1039,0.001
1040,0.023
1041,0.077
1042,0.151
1043,0.205
1044,0.235
1045,0.217
1046,0.163
1047,0.085
1048,0.015
1049,0.0
1050,0.0
1051,0.0
1052,0.0
1053,0.0
1054,0.0
1055,0.0
1056,0.0
1057,0.0
1058,0.0
1059,0.0
1060,0.0
1061,0.0
1062,0.0
1063,0.003
1064,0.05
1065,0.148
1066,0.262
1067,0.346
1068,0.36
1069,0.326
1070,0.251
1071,0.146
1072,0.034
1073,0.0
1074,0.0
1075,0.0
1076,0.0
1077,0.0
1078,0.0
1079,0.0
1080,0.0
1081,0.0
1082,0.0
1083,0.0
1084,0.0
1085,0.0
1086,0.0
1087,0.004
1088,0.068
1089,0.22
1090,0.375
1091,0.457
1092,0.46
1093,0.403
1094,0.299
1095,0.162
1096,0.034
1097,0.0
1098,0.0
1099,0.0
1100,0.0
1101,0.0
1102,0.0
1103,0.0
1104,0.0
1105,0.0
1106,0.0
1107,0.0
1108,0.0
1109,0.0
1110,0.0
1111,0.002
1112,0.039
1113,0.106
1114,0.183
1115,0.268
1116,0.302
1117,0.26
1118,0.16
1119,0.064
1120,0.008
1121,0.0
1122,0.0
1123,0.0
1124,0.0
1125,0.0
1126,0.0
1127,0.0
1128,0.0
1129,0.0
1130,0.0
1131,0.0
1132,0.0
1133,0.0
1134,0.0
1135,0.005
1136,0.064
1137,0.142
1138,0.204
1139,0.233
1140,0.242
1141,0.238
1142,0.199
1143,0.109
1144,0.025
1145,0.0
1146,0.0
1147,0.0
1148,0.0
1149,0.0
1150,0.0
1151,0.0
1152,0.0
1153,0.0
1154,0.0
1155,0.0
1156,0.0
1157,0.0
1158,0.0
1159,0.002
1160,0.041
1161,0.11
1162,0.165
1163,0.184
1164,0.175
1165,0.149
1166,0.12
1167,0.069
1168,0.017
1169,0.0
1170,0.0
1171,0.0
1172,0.0
1173,0.0
1174,0.0
1175,0.0
1176,0.0
1177,0.0
1178,0.0
1179,0.0
1180,0.0
1181,0.0
1182,0.0
1183,0.005
1184,0.05
1185,0.1
1186,0.175
1187,0.227
1188,0.201
1189,0.157
1190,0.115
1191,0.053
1192,0.011
1193,0.0
1194,0.0
1195,0.0
1196,0.0
1197,0.0
1198,0.0
1199,0.0
1200,0.0
1201,0.0
1202,0.0
1203,0.0
1204,0.0
1205,0.0
1206,0.0
1207,0.008
1208,0.06
1209,0.152
1210,0.249
1211,0.296
1212,0.291
1213,0.246
1214,0.169
1215,0.087
1216,0.02
1217,0.0
1218,0.0
1219,0.0
1220,0.0
1221,0.0
1222,0.0
1223,0.0
1224,0.0
1225,0.0
1226,0.0
1227,0.0
1228,0.0
1229,0.0
1230,0.0
1231,0.011
1232,0.071
1233,0.154
1234,0.263
1235,0.32
1236,0.344
1237,0.327
1238,0.265
1239,0.162
1240,0.047
1241,0.0
1242,0.0
1243,0.0
1244,0.0
1245,0.0
1246,0.0
1247,0.0
1248,0.0
1249,0.0
1250,0.0
1251,0.0
1252,0.0
1253,0.0
1254,0.0
1255,0.012
1256,0.083
1257,0.184
1258,0.269
1259,0.341
1260,0.371
1261,0.356
1262,0.272
1263,0.167
1264,0.052
1265,0.0
1266,0.0
1267,0.0
1268,0.0
1269,0.0
1270,0.0
1271,0.0
1272,0.0
1273,0.0
1274,0.0
1275,0.0
1276,0.0
1277,0.0
1278,0.0
1279,0.007
1280,0.057
1281,0.146
1282,0.24
1283,0.306
1284,0.318
1285,0.287
1286,0.214
1287,0.126
1288,0.038
1289,0.0
1290,0.0
1291,0.0
1292,0.0
1293,0.0
1294,0.0
1295,0.0
1296,0.0
1297,0.0
1298,0.0
1299,0.0
1300,0.0
1301,0.0
1302,0.0
1303,0.013
1304,0.065
1305,0.152
1306,0.268
1307,0.347
1308,0.372
1309,0.342
1310,0.274
1311,0.168
1312,0.055
1313,0.0
1314,0.0
1315,0.0
1316,0.0
1317,0.0
1318,0.0
1319,0.0
1320,0.0
1321,0.0
1322,0.0
1323,0.0
1324,0.0
1325,0.0
1326,0.0
1327,0.047
1328,0.173
1329,0.324
1330,0.428
1331,0.471
1332,0.466
1333,0.411
1334,0.314
1335,0.193
1336,0.07
1337,0.001
1338,0.0
1339,0.0
1340,0.0
1341,0.0
1342,0.0
1343,0.0
1344,0.0
1345,0.0
1346,0.0
1347,0.0
1348,0.0
1349,0.0
1350,0.0
1351,0.076
1352,0.21
1353,0.33
1354,0.427
1355,0.479
1356,0.485
1357,0.449
1358,0.366
1359,0.235
1360,0.089
1361,0.002
1362,0.0
1363,0.0
1364,0.0
1365,0.0
1366,0.0
1367,0.0
1368,0.0
1369,0.0
1370,0.0
1371,0.0
1372,0.0
1373,0.0
1374,0.0
1375,0.037
1376,0.121
1377,0.242
1378,0.381
1379,0.479
1380,0.494
1381,0.45
1382,0.357
1383,0.224
1384,0.08
1385,0.001
1386,0.0
1387,0.0
1388,0.0
1389,0.0
1390,0.0
1391,0.0
1392,0.0
1393,0.0
1394,0.0
1395,0.0
1396,0.0
1397,0.0
1398,0.0
1399,0.005
1400,0.028
1401,0.059
1402,0.092
1403,0.121
1404,0.137
1405,0.133
1406,0.109
1407,0.061
1408,0.018
1409,0.0
1410,0.0
1411,0.0
1412,0.0
1413,0.0
1414,0.0
1415,0.0
1416,0.0
1417,0.0
1418,0.0
1419,0.0
1420,0.0
1421,0.0
1422,0.0
1423,0.013
1424,0.058
1425,0.112
1426,0.175
1427,0.218
1428,0.231
1429,0.224
1430,0.172
1431,0.103
1432,0.034
1433,0.001
1434,0.0
1435,0.0
1436,0.0
1437,0.0
1438,0.0
1439,0.0
1440,0.0
1441,0.0
1442,0.0
1443,0.0
1444,0.0
1445,0.0
1446,0.0
1447,0.017
1448,0.078
1449,0.176
1450,0.251
1451,0.282
1452,0.271
1453,0.21
1454,0.126
1455,0.067
1456,0.024
1457,0.001
1458,0.0
1459,0.0
1460,0.0
1461,0.0
1462,0.0
1463,0.0
1464,0.0
1465,0.0
1466,0.0
1467,0.0
1468,0.0
1469,0.0
1470,0.0
1471,0.031
1472,0.108
1473,0.169
1474,0.228
1475,0.227
1476,0.204
1477,0.158
1478,0.104
1479,0.054
1480,0.017
1481,0.0
1482,0.0
1483,0.0
1484,0.0
1485,0.0
1486,0.0
1487,0.0
1488,0.0
1489,0.0
1490,0.0
1491,0.0
1492,0.0
1493,0.0
1494,0.0
1495,0.032
1496,0.117
1497,0.216
1498,0.296
1499,0.327
1500,0.318
1501,0.274
1502,0.208
1503,0.131
1504,0.052
1505,0.002
1506,0.0
1507,0.0
1508,0.0
1509,0.0
1510,0.0
1511,0.0
1512,0.0
1513,0.0
1514,0.0
1515,0.0
1516,0.0
1517,0.0
1518,0.0
1519,0.028
1520,0.104
1521,0.222
1522,0.318
1523,0.363
1524,0.354
1525,0.292
1526,0.212
1527,0.127
1528,0.052
1529,0.003
1530,0.0
1531,0.0
1532,0.0
1533,0.0
1534,0.0
1535,0.0
1536,0.0
1537,0.0
1538,0.0
1539,0.0
1540,0.0
1541,0.0
1542,0.0
1543,0.007
1544,0.04
1545,0.087
1546,0.144
1547,0.195
1548,0.226
1549,0.215
1550,0.144
1551,0.07
1552,0.031
1553,0.001
1554,0.0
1555,0.0
1556,0.0
1557,0.0
1558,0.0
1559,0.0
1560,0.0
1561,0.0
1562,0.0
1563,0.0
1564,0.0
1565,0.0
1566,0.0
1567,0.032
1568,0.1
1569,0.173
1570,0.216
1571,0.236
1572,0.231
1573,0.2
1574,0.159
1575,0.104
1576,0.048
1577,0.004
1578,0.0
1579,0.0
1580,0.0
1581,0.0
1582,0.0
1583,0.0
1584,0.0
1585,0.0
1586,0.0
1587,0.0
1588,0.0
1589,0.0
1590,0.0
1591,0.036
1592,0.101
1593,0.175
1594,0.204
1595,0.164
1596,0.134
1597,0.131
1598,0.109
1599,0.067
1600,0.029
1601,0.002
1602,0.0
1603,0.0
1604,0.0
1605,0.0
1606,0.0
1607,0.0
1608,0.0
1609,0.0
1610,0.0
1611,0.0
1612,0.0
1613,0.0
1614,0.001
1615,0.04
1616,0.122
1617,0.212
1618,0.269
1619,0.281
1620,0.302
1621,0.309
1622,0.246
1623,0.154
1624,0.067
1625,0.006
1626,0.0
1627,0.0
1628,0.0
1629,0.0
1630,0.0
1631,0.0
1632,0.0
1633,0.0
1634,0.0
1635,0.0
1636,0.0
1637,0.0
1638,0.0
1639,0.025
1640,0.083
1641,0.147
1642,0.207
1643,0.251
1644,0.283
1645,0.275
1646,0.223
1647,0.135
1648,0.052
1649,0.003
1650,0.0
1651,0.0
1652,0.0
1653,0.0
1654,0.0
1655,0.0
1656,0.0
1657,0.0
1658,0.0
1659,0.0
1660,0.0
1661,0.0
1662,0.002
1663,0.075
1664,0.211
1665,0.359
1666,0.468
1667,0.514
1668,0.499
1669,0.439
1670,0.347
1671,0.21
1672,0.074
1673,0.005
1674,0.0
1675,0.0
1676,0.0
1677,0.0
1678,0.0
1679,0.0
1680,0.0
1681,0.0
1682,0.0
1683,0.0
1684,0.0
1685,0.0
1686,0.0
1687,0.011
1688,0.043
1689,0.091
1690,0.135
1691,0.171
1692,0.18
1693,0.183
1694,0.167
1695,0.125
1696,0.059
1697,0.006
1698,0.0
1699,0.0
1700,0.0
1701,0.0
1702,0.0
1703,0.0
1704,0.0
1705,0.0
1706,0.0
1707,0.0
1708,0.0
1709,0.0
1710,0.002
1711,0.059
1712,0.154
1713,0.252
1714,0.36
1715,0.422
1716,0.427
1717,0.393
1718,0.298
1719,0.178
1720,0.057
1721,0.004
1722,0.0
1723,0.0
1724,0.0
1725,0.0
1726,0.0
1727,0.0
1728,0.0
1729,0.0
1730,0.0
1731,0.0
1732,0.0
1733,0.0
1734,0.0
1735,0.034
1736,0.118
1737,0.216
1738,0.32
1739,0.422
1740,0.45
1741,0.42
1742,0.349
1743,0.235
1744,0.101
1745,0.013
1746,0.0
1747,0.0
1748,0.0
1749,0.0
1750,0.0
1751,0.0
1752,0.0
1753,0.0
1754,0.0
1755,0.0
1756,0.0
1757,0.0
1758,0.002
1759,0.051
1760,0.149
1761,0.237
1762,0.312
1763,0.359
1764,0.364
1765,0.333
1766,0.275
1767,0.192
1768,0.086
1769,0.016
1770,0.0
1771,0.0
1772,0.0
1773,0.0
1774,0.0
1775,0.0
1776,0.0
1777,0.0
1778,0.0
1779,0.0
1780,0.0
1781,0.0
1782,0.001
1783,0.014
1784,0.039
1785,0.073
1786,0.106
1787,0.148
1788,0.171
1789,0.147
1790,0.1
1791,0.06
1792,0.027
1793,0.004
1794,0.0
1795,0.0
1796,0.0
1797,0.0
1798,0.0
1799,0.0
1800,0.0
1801,0.0
1802,0.0
1803,0.0
1804,0.0
1805,0.0
1806,0.006
1807,0.08
1808,0.182
1809,0.261
1810,0.311
1811,0.347
1812,0.359
1813,0.333
1814,0.281
1815,0.202
1816,0.111
1817,0.027
1818,0.0
1819,0.0
1820,0.0
1821,0.0
1822,0.0
1823,0.0
1824,0.0
1825,0.0
1826,0.0
1827,0.0
1828,0.0
1829,0.0
1830,0.003
1831,0.036
1832,0.099
1833,0.167
1834,0.215
1835,0.257
1836,0.271
1837,0.243
1838,0.204
1839,0.143
1840,0.077
1841,0.018
1842,0.0
1843,0.0
1844,0.0
1845,0.0
1846,0.0
1847,0.0
1848,0.0
1849,0.0
1850,0.0
1851,0.0
1852,0.0
1853,0.0
1854,0.002
1855,0.03
1856,0.078
1857,0.15
1858,0.227
1859,0.282
1860,0.278
1861,0.228
1862,0.163
1863,0.094
1864,0.042
1865,0.008
1866,0.0
1867,0.0
1868,0.0
1869,0.0
1870,0.0
1871,0.0
1872,0.0
1873,0.0
1874,0.0
1875,0.0
1876,0.0
1877,0.0
1878,0.004
1879,0.041
1880,0.11
1881,0.188
1882,0.246
1883,0.273
1884,0.292
1885,0.274
1886,0.224
1887,0.161
1888,0.087
1889,0.022
1890,0.0
1891,0.0
1892,0.0
1893,0.0
1894,0.0
1895,0.0
1896,0.0
1897,0.0
1898,0.0
1899,0.0
1900,0.0
1901,0.0
1902,0.007
1903,0.052
1904,0.121
1905,0.196
1906,0.257
1907,0.281
1908,0.281
1909,0.259
1910,0.224
1911,0.168
1912,0.101
1913,0.023
1914,0.0
1915,0.0
1916,0.0
1917,0.0
1918,0.0
1919,0.0
1920,0.0
1921,0.0
1922,0.0
1923,0.0
1924,0.0
1925,0.0
1926,0.005
1927,0.046
1928,0.101
1929,0.173
1930,0.245
1931,0.308
1932,0.363
1933,0.363
1934,0.3
1935,0.21
1936,0.108
1937,0.027
1938,0.0
1939,0.0
1940,0.0
1941,0.0
1942,0.0
1943,0.0
1944,0.0
1945,0.0
1946,0.0
1947,0.0
1948,0.0
1949,0.0
1950,0.012
1951,0.083
1952,0.183
1953,0.285
1954,0.371
1955,0.419
1956,0.44
1957,0.413
1958,0.34
1959,0.218
1960,0.103
1961,0.026
1962,0.0
1963,0.0
1964,0.0
1965,0.0
1966,0.0
1967,0.0
1968,0.0
1969,0.0
1970,0.0
1971,0.0
1972,0.0
1973,0.0
1974,0.029
1975,0.14
1976,0.27
1977,0.378
1978,0.456
1979,0.504
1980,0.508
1981,0.466
1982,0.387
1983,0.285
1984,0.166
1985,0.052
1986,0.0
1987,0.0
1988,0.0
1989,0.0
1990,0.0
1991,0.0
1992,0.0
1993,0.0
1994,0.0
1995,0.0
1996,0.0
1997,0.0
1998,0.042
1999,0.173
2000,0.314
2001,0.436
2002,0.527
2003,0.577
2004,0.575
2005,0.529
2006,0.439
2007,0.318
2008,0.184
2009,0.061
2010,0.0
2011,0.0
2012,0.0
2013,0.0
2014,0.0
2015,0.0
2016,0.0
2017,0.0
2018,0.0
2019,0.0
2020,0.0
2021,0.0
2022,0.017
2023,0.088
2024,0.208
2025,0.331
2026,0.424
2027,0.471
2028,0.476
2029,0.439
2030,0.367
2031,0.259
2032,0.145
2033,0.045
2034,0.0
2035,0.0
2036,0.0
2037,0.0
2038,0.0
2039,0.0
2040,0.0
2041,0.0
2042,0.0
2043,0.0
2044,0.0
2045,0.0
2046,0.033
2047,0.124
2048,0.233
2049,0.345
2050,0.429
2051,0.466
2052,0.454
2053,0.402
2054,0.335
2055,0.251
2056,0.149
2057,0.05
2058,0.0
2059,0.0
2060,0.0
2061,0.0
2062,0.0
2063,0.0
2064,0.0
2065,0.0
2066,0.0
2067,0.0
2068,0.0
2069,0.0
2070,0.023
2071,0.104
2072,0.229
2073,0.364
2074,0.478
2075,0.541
2076,0.561
2077,0.534
2078,0.454
2079,0.336
2080,0.199
2081,0.074
2082,0.002
2083,0.0
2084,0.0
2085,0.0
2086,0.0
2087,0.0
2088,0.0
2089,0.0
2090,0.0
2091,0.0
2092,0.0
2093,0.0
2094,0.02
2095,0.088
2096,0.205
2097,0.341
2098,0.441
2099,0.492
2100,0.498
2101,0.458
2102,0.385
2103,0.277
2104,0.157
2105,0.055
2106,0.001
2107,0.0
2108,0.0
2109,0.0
2110,0.0
2111,0.0
2112,0.0
2113,0.0
2114,0.0
2115,0.0
2116,0.0
2117,0.0
2118,0.023
2119,0.095
2120,0.216
2121,0.353
2122,0.46
2123,0.514
2124,0.511
2125,0.476
2126,0.395
2127,0.281
2128,0.158
2129,0.057
2130,0.003
2131,0.0
2132,0.0
2133,0.0
2134,0.0
2135,0.0
2136,0.0
2137,0.0
2138,0.0
2139,0.0
2140,0.0
2141,0.0
2142,0.044
2143,0.163
2144,0.3
2145,0.417
2146,0.498
2147,0.546
2148,0.544
2149,0.505
2150,0.425
2151,0.317
2152,0.196
2153,0.079
2154,0.004
2155,0.0
2156,0.0
2157,0.0
2158,0.0
2159,0.0
2160,0.0
2161,0.0
2162,0.0
2163,0.0
2164,0.0
2165,0.0
2166,0.046
2167,0.161
2168,0.295
2169,0.401
2170,0.468
2171,0.491
2172,0.473
2173,0.418
2174,0.334
2175,0.234
2176,0.135
2177,0.048
2178,0.001
2179,0.0
2180,0.0
2181,0.0
2182,0.0
2183,0.0
2184,0.0
2185,0.0
2186,0.0
2187,0.0
2188,0.0
2189,0.0
2190,0.011
2191,0.055
2192,0.123
2193,0.187
2194,0.227
2195,0.248
2196,0.247
2197,0.229
2198,0.192
2199,0.142
2200,0.087
2201,0.033
2202,0.001
2203,0.0
2204,0.0
2205,0.0
2206,0.0
2207,0.0
2208,0.0
2209,0.0
2210,0.0
2211,0.0
2212,0.0
2213,0.0
2214,0.023
2215,0.083
2216,0.157
2217,0.218
2218,0.246
2219,0.248
2220,0.251
2221,0.226
2222,0.204
2223,0.167
2224,0.111
2225,0.048
2226,0.004
2227,0.0
2228,0.0
2229,0.0
2230,0.0
2231,0.0
2232,0.0
2233,0.0
2234,0.0
2235,0.0
2236,0.0
2237,0.0
2238,0.02
2239,0.075
2240,0.144
2241,0.2
2242,0.242
2243,0.288
2244,0.319
2245,0.324
2246,0.296
2247,0.238
2248,0.15
2249,0.058
2250,0.004
2251,0.0
2252,0.0
2253,0.0
2254,0.0
2255,0.0
2256,0.0
2257,0.0
2258,0.0
2259,0.0
2260,0.0
2261,0.001
2262,0.045
2263,0.146
2264,0.272
2265,0.38
2266,0.457
2267,0.481
2268,0.462
2269,0.41
2270,0.33
2271,0.234
2272,0.14
2273,0.06
2274,0.007
2275,0.0
2276,0.0
2277,0.0
2278,0.0
2279,0.0
2280,0.0
2281,0.0
2282,0.0
2283,0.0
2284,0.0
2285,0.0
2286,0.026
2287,0.093
2288,0.214
2289,0.334
2290,0.422
2291,0.449
2292,0.429
2293,0.381
2294,0.311
2295,0.226
2296,0.14
2297,0.061
2298,0.007
2299,0.0
2300,0.0
2301,0.0
2302,0.0
2303,0.0
2304,0.0
2305,0.0
2306,0.0
2307,0.0
2308,0.0
2309,0.0
2310,0.018
2311,0.068
2312,0.145
2313,0.253
2314,0.351
2315,0.41
2316,0.421
2317,0.395
2318,0.337
2319,0.254
2320,0.158
2321,0.068
2322,0.008
2323,0.0
2324,0.0
2325,0.0
2326,0.0
2327,0.0
2328,0.0
2329,0.0
2330,0.0
2331,0.0
2332,0.0
2333,0.0
2334,0.032
2335,0.11
2336,0.225
2337,0.358
2338,0.472
2339,0.53
2340,0.539
2341,0.496
2342,0.418
2343,0.303
2344,0.185
2345,0.082
2346,0.01
2347,0.0
2348,0.0
2349,0.0
2350,0.0
2351,0.0
2352,0.0
2353,0.0
2354,0.0
2355,0.0
2356,0.0
2357,0.001
2358,0.055
2359,0.165
2360,0.292
2361,0.402
2362,0.48
2363,0.528
2364,0.536
2365,0.502
2366,0.436
2367,0.337
2368,0.221
2369,0.107
2370,0.019
2371,0.0
2372,0.0
2373,0.0
2374,0.0
2375,0.0
2376,0.0
2377,0.0
2378,0.0
2379,0.0
2380,0.0
2381,0.005
2382,0.094
2383,0.238
2384,0.388
2385,0.514
2386,0.605
2387,0.651
2388,0.658
2389,0.617
2390,0.535
2391,0.414
2392,0.27
2393,0.134
2394,0.026
2395,0.0
2396,0.0
2397,0.0
2398,0.0
2399,0.0
2400,0.0
2401,0.0
2402,0.0
2403,0.0
2404,0.0
2405,0.006
2406,0.102
2407,0.245
2408,0.391
2409,0.521
2410,0.605
2411,0.639
2412,0.625
2413,0.576
2414,0.495
2415,0.38
2416,0.248
2417,0.121
2418,0.023
2419,0.0
2420,0.0
2421,0.0
2422,0.0
2423,0.0
2424,0.0
2425,0.0
2426,0.0
2427,0.0
2428,0.0
2429,0.006
2430,0.095
2431,0.237
2432,0.382
2433,0.498
2434,0.571
2435,0.597
2436,0.585
2437,0.541
2438,0.453
2439,0.352
2440,0.227
2441,0.107
2442,0.023
2443,0.0
2444,0.0
2445,0.0
2446,0.0
2447,0.0
2448,0.0
2449,0.0
2450,0.0
2451,0.0
2452,0.0
2453,0.009
2454,0.11
2455,0.269
2456,0.409
2457,0.508
2458,0.585
2459,0.63
2460,0.637
2461,0.601
2462,0.525
2463,0.408
2464,0.269
2465,0.133
2466,0.03
2467,0.0
2468,0.0
2469,0.0
2470,0.0
2471,0.0
2472,0.0
2473,0.0
2474,0.0
2475,0.0
2476,0.0
2477,0.009
2478,0.089
2479,0.206
2480,0.329
2481,0.404
2482,0.439
2483,0.449
2484,0.434
2485,0.391
2486,0.337
2487,0.255
2488,0.161
2489,0.078
2490,0.017
2491,0.0
2492,0.0
2493,0.0
2494,0.0
2495,0.0
2496,0.0
2497,0.0
2498,0.0
2499,0.0
2500,0.0
2501,0.006
2502,0.066
2503,0.173
2504,0.291
2505,0.39
2506,0.453
2507,0.503
2508,0.519
2509,0.479
2510,0.388
2511,0.272
2512,0.165
2513,0.072
2514,0.013
2515,0.0
2516,0.0
2517,0.0
2518,0.0
2519,0.0
2520,0.0
2521,0.0
2522,0.0
2523,0.0
2524,0.0
2525,0.003
2526,0.036
2527,0.089
2528,0.155
2529,0.212
2530,0.255
2531,0.275
2532,0.278
2533,0.261
2534,0.217
2535,0.169
2536,0.112
2537,0.056
2538,0.013
2539,0.0
2540,0.0
2541,0.0
2542,0.0
2543,0.0
2544,0.0
2545,0.0
2546,0.0
2547,0.0
2548,0.0
2549,0.006
2550,0.064
2551,0.18
2552,0.339
2553,0.46
2554,0.549
2555,0.595
2556,0.585
2557,0.551
2558,0.477
2559,0.37
2560,0.246
2561,0.127
2562,0.032
2563,0.0
2564,0.0
2565,0.0
2566,0.0
2567,0.0
2568,0.0
2569,0.0
2570,0.0
2571,0.0
2572,0.0
2573,0.005
2574,0.051
2575,0.138
2576,0.257
2577,0.361
2578,0.441
2579,0.483
2580,0.477
2581,0.447
2582,0.382
2583,0.291
2584,0.188
2585,0.094
2586,0.023
2587,0.0
2588,0.0
2589,0.0
2590,0.0
2591,0.0
2592,0.0
2593,0.0
2594,0.0
2595,0.0
2596,0.0
2597,0.01
2598,0.081
2599,0.214
2600,0.361
2601,0.49
2602,0.577
2603,0.622
2604,0.62
2605,0.581
2606,0.497
2607,0.379
2608,0.253
2609,0.135
2610,0.036
2611,0.0
2612,0.0
2613,0.0
2614,0.0
2615,0.0
2616,0.0
2617,0.0
2618,0.0
2619,0.0
2620,0.0
2621,0.017
2622,0.109
2623,0.241
2624,0.362
2625,0.458
2626,0.528
2627,0.568
2628,0.576
2629,0.544
2630,0.471
2631,0.362
2632,0.236
2633,0.123
2634,0.034
2635,0.0
2636,0.0
2637,0.0
2638,0.0
2639,0.0
2640,0.0
2641,0.0
2642,0.0
2643,0.0
2644,0.0
2645,0.016
2646,0.094
2647,0.202
2648,0.314
2649,0.425
2650,0.525
2651,0.594
2652,0.612
2653,0.577
2654,0.504
2655,0.391
2656,0.268
2657,0.151
2658,0.048
2659,0.0
2660,0.0
2661,0.0
2662,0.0
2663,0.0
2664,0.0
2665,0.0
2666,0.0
2667,0.0
2668,0.0
2669,0.026
2670,0.138
2671,0.278
2672,0.41
2673,0.52
2674,0.597
2675,0.636
2676,0.631
2677,0.594
2678,0.517
2679,0.407
2680,0.265
2681,0.137
2682,0.041
2683,0.001
2684,0.0
2685,0.0
2686,0.0
2687,0.0
2688,0.0
2689,0.0
2690,0.0
2691,0.0
2692,0.0
2693,0.015
2694,0.085
2695,0.195
2696,0.314
2697,0.419
2698,0.496
2699,0.539
2700,0.544
2701,0.513
2702,0.434
2703,0.324
2704,0.211
2705,0.109
2706,0.032
2707,0.001
2708,0.0
2709,0.0
2710,0.0
2711,0.0
2712,0.0
2713,0.0
2714,0.0
2715,0.0
2716,0.0
2717,0.013
2718,0.078
2719,0.192
2720,0.32
2721,0.402
2722,0.444
2723,0.458
2724,0.468
2725,0.456
2726,0.399
2727,0.297
2728,0.188
2729,0.09
2730,0.025
2731,0.0
2732,0.0
2733,0.0
2734,0.0
2735,0.0
2736,0.0
2737,0.0
2738,0.0
2739,0.0
2740,0.0
2741,0.01
2742,0.067
2743,0.172
2744,0.304
2745,0.416
2746,0.487
2747,0.5
2748,0.471
2749,0.407
2750,0.328
2751,0.237
2752,0.152
2753,0.083
2754,0.028
2755,0.0
2756,0.0
2757,0.0
2758,0.0
2759,0.0
2760,0.0
2761,0.0
2762,0.0
2763,0.0
2764,0.0
2765,0.015
2766,0.073
2767,0.183
2768,0.291
2769,0.363
2770,0.418
2771,0.437
2772,0.417
2773,0.377
2774,0.324
2775,0.26
2776,0.178
2777,0.088
2778,0.029
2779,0.001
2780,0.0
2781,0.0
2782,0.0
2783,0.0
2784,0.0
2785,0.0
2786,0.0
2787,0.0
2788,0.0
2789,0.011
2790,0.059
2791,0.135
2792,0.21
2793,0.274
2794,0.338
2795,0.376
2796,0.385
2797,0.362
2798,0.313
2799,0.242
2800,0.167
2801,0.093
2802,0.031
2803,0.001
2804,0.0
2805,0.0
2806,0.0
2807,0.0
2808,0.0
2809,0.0
2810,0.0
2811,0.0
2812,0.0
2813,0.013
2814,0.065
2815,0.156
2816,0.272
2817,0.388
2818,0.468
2819,0.521
2820,0.524
2821,0.485
2822,0.408
2823,0.319
2824,0.214
2825,0.119
2826,0.043
2827,0.002
2828,0.0
2829,0.0
2830,0.0
2831,0.0
2832,0.0
2833,0.0
2834,0.0
2835,0.0
2836,0.0
2837,0.016
2838,0.069
2839,0.169
2840,0.307
2841,0.443
2842,0.534
2843,0.567
2844,0.561
2845,0.522
2846,0.454
2847,0.358
2848,0.249
2849,0.145
2850,0.057
2851,0.004
2852,0.0
2853,0.0
2854,0.0
2855,0.0
2856,0.0
2857,0.0
2858,0.0
2859,0.0
2860,0.0
2861,0.027
2862,0.1
2863,0.216
2864,0.338
2865,0.421
2866,0.476
2867,0.493
2868,0.475
2869,0.423
2870,0.35
2871,0.267
2872,0.179
2873,0.098
2874,0.033
2875,0.001
2876,0.0
2877,0.0
2878,0.0
2879,0.0
2880,0.0
2881,0.0
2882,0.0
2883,0.0
2884,0.0
2885,0.014
2886,0.072
2887,0.17
2888,0.281
2889,0.366
2890,0.417
2891,0.419
2892,0.38
2893,0.338
2894,0.281
2895,0.215
2896,0.144
2897,0.079
2898,0.031
2899,0.002
2900,0.0
2901,0.0
2902,0.0
2903,0.0
2904,0.0
2905,0.0
2906,0.0
2907,0.0
2908,0.0
2909,0.024
2910,0.101
2911,0.234
2912,0.372
2913,0.469
2914,0.53
2915,0.544
2916,0.526
2917,0.474
2918,0.401
2919,0.316
2920,0.217
2921,0.121
2922,0.048
2923,0.005
2924,0.0
2925,0.0
2926,0.0
2927,0.0
2928,0.0
2929,0.0
2930,0.0
2931,0.0
2932,0.0
2933,0.021
2934,0.082
2935,0.17
2936,0.277
2937,0.378
2938,0.451
2939,0.484
2940,0.487
2941,0.45
2942,0.383
2943,0.287
2944,0.188
2945,0.111
2946,0.045
2947,0.004
2948,0.0
2949,0.0
2950,0.0
2951,0.0
2952,0.0
2953,0.0
2954,0.0
2955,0.0
2956,0.0
2957,0.04
2958,0.144
2959,0.272
2960,0.39
2961,0.473
2962,0.517
2963,0.532
2964,0.527
2965,0.493
2966,0.44
2967,0.362
2968,0.26
2969,0.157
2970,0.066
2971,0.008
2972,0.0
2973,0.0
2974,0.0
2975,0.0
2976,0.0
2977,0.0
2978,0.0
2979,0.0
2980,0.0
2981,0.045
2982,0.153
2983,0.293
2984,0.417
2985,0.496
2986,0.546
2987,0.576
2988,0.572
2989,0.537
2990,0.463
2991,0.368
2992,0.259
2993,0.149
2994,0.061
2995,0.007
2996,0.0
2997,0.0
2998,0.0
2999,0.0
3000,0.0
3001,0.0
3002,0.0
3003,0.0
3004,0.0
3005,0.039
3006,0.128
3007,0.234
3008,0.332
3009,0.406
3010,0.455
3011,0.483
3012,0.47
3013,0.426
3014,0.355
3015,0.273
3016,0.185
3017,0.107
3018,0.045
3019,0.006
3020,0.0
3021,0.0
3022,0.0
3023,0.0
3024,0.0
3025,0.0
3026,0.0
3027,0.0
3028,0.0
3029,0.022
3030,0.083
3031,0.169
3032,0.253
3033,0.312
3034,0.367
3035,0.397
3036,0.393
3037,0.365
3038,0.321
3039,0.262
3040,0.193
3041,0.114
3042,0.045
3043,0.005
3044,0.0
3045,0.0
3046,0.0
3047,0.0
3048,0.0
3049,0.0
3050,0.0
3051,0.0
3052,0.0
3053,0.014
3054,0.05
3055,0.101
3056,0.167
3057,0.235
3058,0.291
3059,0.315
3060,0.314
3061,0.288
3062,0.241
3063,0.184
3064,0.128
3065,0.074
3066,0.031
3067,0.003
3068,0.0
3069,0.0
3070,0.0
3071,0.0
3072,0.0
3073,0.0
3074,0.0
3075,0.0
3076,0.0
3077,0.022
3078,0.074
3079,0.152
3080,0.244
3081,0.323
3082,0.381
3083,0.408
3084,0.415
3085,0.391
3086,0.349
3087,0.282
3088,0.201
3089,0.119
3090,0.052
3091,0.008
3092,0.0
3093,0.0
3094,0.0
3095,0.0
3096,0.0
3097,0.0
3098,0.0
3099,0.0
3100,0.002
3101,0.048
3102,0.133
3103,0.245
3104,0.357
3105,0.424
3106,0.453
3107,0.462
3108,0.436
3109,0.391
3110,0.32
3111,0.243
3112,0.174
3113,0.111
3114,0.051
3115,0.008
3116,0.0
3117,0.0
3118,0.0
3119,0.0
3120,0.0
3121,0.0
3122,0.0
3123,0.0
3124,0.002
3125,0.045
3126,0.132
3127,0.257
3128,0.401
3129,0.497
3130,0.545
3131,0.549
3132,0.536
3133,0.512
3134,0.463
3135,0.389
3136,0.29
3137,0.183
3138,0.088
3139,0.018
3140,0.0
3141,0.0
3142,0.0
3143,0.0
3144,0.0
3145,0.0
3146,0.0
3147,0.0
3148,0.005
3149,0.066
3150,0.175
3151,0.324
3152,0.448
3153,0.542
3154,0.608
3155,0.655
3156,0.661
3157,0.62
3158,0.543
3159,0.434
3160,0.315
3161,0.202
3162,0.097
3163,0.019
3164,0.0
3165,0.0
3166,0.0
3167,0.0
3168,0.0
3169,0.0
3170,0.0
3171,0.0
3172,0.003
3173,0.055
3174,0.158
3175,0.281
3176,0.404
3177,0.504
3178,0.574
3179,0.618
3180,0.626
3181,0.588
3182,0.515
3183,0.402
3184,0.277
3185,0.171
3186,0.084
3187,0.02
3188,0.0
3189,0.0
3190,0.0
3191,0.0
3192,0.0
3193,0.0
3194,0.0
3195,0.0
3196,0.006
3197,0.07
3198,0.179
3199,0.309
3200,0.434
3201,0.545
3202,0.627
3203,0.669
3204,0.672
3205,0.639
3206,0.565
3207,0.456
3208,0.331
3209,0.209
3210,0.101
3211,0.021
3212,0.0
3213,0.0
3214,0.0
3215,0.0
3216,0.0
3217,0.0
3218,0.0
3219,0.0
3220,0.005
3221,0.066
3222,0.18
3223,0.319
3224,0.448
3225,0.551
3226,0.618
3227,0.649
3228,0.642
3229,0.595
3230,0.515
3231,0.411
3232,0.295
3233,0.185
3234,0.089
3235,0.019
3236,0.0
3237,0.0
3238,0.0
3239,0.0
3240,0.0
3241,0.0
3242,0.0
3243,0.0
3244,0.005
3245,0.059
3246,0.168
3247,0.288
3248,0.403
3249,0.5
3250,0.569
3251,0.613
3252,0.62
3253,0.587
3254,0.52
3255,0.426
3256,0.308
3257,0.195
3258,0.099
3259,0.024
3260,0.0
3261,0.0
3262,0.0
3263,0.0
3264,0.0
3265,0.0
3266,0.0
3267,0.0
3268,0.006
3269,0.058
3270,0.143
3271,0.233
3272,0.312
3273,0.376
3274,0.43
3275,0.477
3276,0.496
3277,0.48
3278,0.421
3279,0.335
3280,0.244
3281,0.155
3282,0.074
3283,0.016
3284,0.0
3285,0.0
3286,0.0
3287,0.0
3288,0.0
3289,0.0
3290,0.0
3291,0.0
3292,0.002
3293,0.034
3294,0.094
3295,0.166
3296,0.239
3297,0.309
3298,0.339
3299,0.355
3300,0.355
3301,0.341
3302,0.293
3303,0.233
3304,0.162
3305,0.092
3306,0.043
3307,0.008
3308,0.0
3309,0.0
3310,0.0
3311,0.0
3312,0.0
3313,0.0
3314,0.0
3315,0.0
3316,0.004
3317,0.05
3318,0.13
3319,0.24
3320,0.347
3321,0.428
3322,0.471
3323,0.49
3324,0.466
3325,0.434
3326,0.367
3327,0.285
3328,0.202
3329,0.13
3330,0.062
3331,0.014
3332,0.0
3333,0.0
3334,0.0
3335,0.0
3336,0.0
3337,0.0
3338,0.0
3339,0.0
3340,0.004
3341,0.047
3342,0.136
3343,0.256
3344,0.369
3345,0.467
3346,0.53
3347,0.562
3348,0.56
3349,0.518
3350,0.445
3351,0.349
3352,0.247
3353,0.153
3354,0.079
3355,0.021
3356,0.0
3357,0.0
3358,0.0
3359,0.0
3360,0.0
3361,0.0
3362,0.0
3363,0.0
3364,0.005
3365,0.055
3366,0.159
3367,0.296
3368,0.428
3369,0.534
3370,0.614
3371,0.645
3372,0.639
3373,0.6
3374,0.53
3375,0.424
3376,0.304
3377,0.189
3378,0.09
3379,0.025
3380,0.0
3381,0.0
3382,0.0
3383,0.0
3384,0.0
3385,0.0
3386,0.0
3387,0.0
3388,0.01
3389,0.07
3390,0.162
3391,0.27
3392,0.379
3393,0.479
3394,0.548
3395,0.566
3396,0.545
3397,0.5
3398,0.437
3399,0.352
3400,0.25
3401,0.156
3402,0.076
3403,0.021
3404,0.0
3405,0.0
3406,0.0
3407,0.0
3408,0.0
3409,0.0
3410,0.0
3411,0.0
3412,0.006
3413,0.05
3414,0.129
3415,0.236
3416,0.342
3417,0.435
3418,0.504
3419,0.547
3420,0.555
3421,0.531
3422,0.479
3423,0.396
3424,0.287
3425,0.183
3426,0.088
3427,0.024
3428,0.0
3429,0.0
3430,0.0
3431,0.0
3432,0.0
3433,0.0
3434,0.0
3435,0.0
3436,0.009
3437,0.066
3438,0.161
3439,0.272
3440,0.384
3441,0.478
3442,0.558
3443,0.606
3444,0.602
3445,0.549
3446,0.467
3447,0.357
3448,0.252
3449,0.159
3450,0.083
3451,0.026
3452,0.0
3453,0.0
3454,0.0
3455,0.0
3456,0.0
3457,0.0
3458,0.0
3459,0.0
3460,0.008
3461,0.057
3462,0.141
3463,0.242
3464,0.344
3465,0.417
3466,0.461
3467,0.469
3468,0.453
3469,0.412
3470,0.352
3471,0.28
3472,0.204
3473,0.127
3474,0.061
3475,0.014
3476,0.0
3477,0.0
3478,0.0
3479,0.0
3480,0.0
3481,0.0
3482,0.0
3483,0.0
3484,0.005
3485,0.035
3486,0.084
3487,0.145
3488,0.204
3489,0.262
3490,0.306
3491,0.323
3492,0.327
3493,0.323
3494,0.324
3495,0.292
3496,0.241
3497,0.175
3498,0.089
3499,0.024
3500,0.001
3501,0.0
3502,0.0
3503,0.0
3504,0.0
3505,0.0
3506,0.0
3507,0.0
3508,0.007
3509,0.054
3510,0.138
3511,0.257
3512,0.372
3513,0.457
3514,0.52
3515,0.538
3516,0.51
3517,0.459
3518,0.39
3519,0.305
3520,0.216
3521,0.136
3522,0.068
3523,0.021
3524,0.001
3525,0.0
3526,0.0
3527,0.0
3528,0.0
3529,0.0
3530,0.0
3531,0.0
3532,0.012
3533,0.074
3534,0.167
3535,0.29
3536,0.411
3537,0.507
3538,0.57
3539,0.604
3540,0.598
3541,0.574
3542,0.511
3543,0.423
3544,0.314
3545,0.196
3546,0.095
3547,0.03
3548,0.001
3549,0.0
3550,0.0
3551,0.0
3552,0.0
3553,0.0
3554,0.0
3555,0.0
3556,0.016
3557,0.081
3558,0.169
3559,0.273
3560,0.369
3561,0.423
3562,0.452
3563,0.428
3564,0.38
3565,0.326
3566,0.263
3567,0.193
3568,0.134
3569,0.09
3570,0.047
3571,0.012
3572,0.0
3573,0.0
3574,0.0
3575,0.0
3576,0.0
3577,0.0
3578,0.0
3579,0.0
3580,0.009
3581,0.055
3582,0.127
3583,0.209
3584,0.283
3585,0.345
3586,0.401
3587,0.411
3588,0.405
3589,0.394
3590,0.347
3591,0.276
3592,0.206
3593,0.131
3594,0.067
3595,0.02
3596,0.001
3597,0.0
3598,0.0
3599,0.0
3600,0.0
3601,0.0
3602,0.0
3603,0.0
3604,0.008
3605,0.044
3606,0.095
3607,0.16
3608,0.221
3609,0.274
3610,0.306
3611,0.324
3612,0.339
3613,0.347
3614,0.323
3615,0.275
3616,0.202
3617,0.132
3618,0.071
3619,0.021
3620,0.001
3621,0.0
3622,0.0
3623,0.0
3624,0.0
3625,0.0
3626,0.0
3627,0.0
3628,0.012
3629,0.059
3630,0.126
3631,0.21
3632,0.292
3633,0.384
3634,0.423
3635,0.412
3636,0.395
3637,0.372
3638,0.337
3639,0.284
3640,0.223
3641,0.148
3642,0.083
3643,0.028
3644,0.002
3645,0.0
3646,0.0
3647,0.0
3648,0.0
3649,0.0
3650,0.0
3651,0.0
3652,0.008
3653,0.039
3654,0.078
3655,0.128
3656,0.189
3657,0.263
3658,0.325
3659,0.369
3660,0.387
3661,0.392
3662,0.377
3663,0.323
3664,0.249
3665,0.173
3666,0.096
3667,0.03
3668,0.001
3669,0.0
3670,0.0
3671,0.0
3672,0.0
3673,0.0
3674,0.0
3675,0.0
3676,0.013
3677,0.068
3678,0.152
3679,0.266
3680,0.385
3681,0.487
3682,0.567
3683,0.601
3684,0.595
3685,0.544
3686,0.472
3687,0.381
3688,0.275
3689,0.183
3690,0.096
3691,0.03
3692,0.001
3693,0.0
3694,0.0
3695,0.0
3696,0.0
3697,0.0
3698,0.0
3699,0.0
3700,0.014
3701,0.069
3702,0.149
3703,0.231
3704,0.295
3705,0.359
3706,0.409
3707,0.429
3708,0.397
3709,0.342
3710,0.287
3711,0.218
3712,0.156
3713,0.102
3714,0.055
3715,0.017
3716,0.001
3717,0.0
3718,0.0
3719,0.0
3720,0.0
3721,0.0
3722,0.0
3723,0.0
3724,0.008
3725,0.045
3726,0.115
3727,0.222
3728,0.321
3729,0.402
3730,0.464
3731,0.517
3732,0.503
3733,0.417
3734,0.334
3735,0.259
3736,0.181
3737,0.111
3738,0.055
3739,0.019
3740,0.002
3741,0.0
3742,0.0
3743,0.0
3744,0.0
3745,0.0
3746,0.0
3747,0.0
3748,0.01
3749,0.06
3750,0.144
3751,0.243
3752,0.35
3753,0.449
3754,0.512
3755,0.541
3756,0.533
3757,0.495
3758,0.44
3759,0.371
3760,0.283
3761,0.189
3762,0.1
3763,0.034
3764,0.002
3765,0.0
3766,0.0
3767,0.0
3768,0.0
3769,0.0
3770,0.0
3771,0.0
3772,0.02
3773,0.074
3774,0.146
3775,0.225
3776,0.292
3777,0.339
3778,0.372
3779,0.388
3780,0.385
3781,0.358
3782,0.316
3783,0.257
3784,0.182
3785,0.115
3786,0.058
3787,0.019
3788,0.001
3789,0.0
3790,0.0
3791,0.0
3792,0.0
3793,0.0
3794,0.0
3795,0.0
3796,0.009
3797,0.039
3798,0.083
3799,0.141
3800,0.214
3801,0.278
3802,0.324
3803,0.356
3804,0.37
3805,0.365
3806,0.335
3807,0.292
3808,0.236
3809,0.164
3810,0.091
3811,0.032
3812,0.002
3813,0.0
3814,0.0
3815,0.0
3816,0.0
3817,0.0
3818,0.0
3819,0.0
3820,0.016
3821,0.073
3822,0.173
3823,0.283
3824,0.381
3825,0.455
3826,0.493
3827,0.507
3828,0.495
3829,0.458
3830,0.392
3831,0.307
3832,0.22
3833,0.148
3834,0.081
3835,0.027
3836,0.001
3837,0.0
3838,0.0
3839,0.0
3840,0.0
3841,0.0
3842,0.0
3843,0.0
3844,0.015
3845,0.067
3846,0.147
3847,0.235
3848,0.307
3849,0.362
3850,0.386
3851,0.39
3852,0.383
3853,0.35
3854,0.302
3855,0.239
3856,0.17
3857,0.106
3858,0.057
3859,0.021
3860,0.003
3861,0.0
3862,0.0
3863,0.0
3864,0.0
3865,0.0
3866,0.0
3867,0.0
3868,0.014
3869,0.057
3870,0.128
3871,0.215
3872,0.299
3873,0.354
3874,0.396
3875,0.404
3876,0.38
3877,0.332
3878,0.29
3879,0.234
3880,0.171
3881,0.112
3882,0.061
3883,0.021
3884,0.002
3885,0.0
3886,0.0
3887,0.0
3888,0.0
3889,0.0
3890,0.0
3891,0.0
3892,0.007
3893,0.037
3894,0.083
3895,0.135
3896,0.184
3897,0.221
3898,0.252
3899,0.268
3900,0.263
3901,0.243
3902,0.204
3903,0.163
3904,0.119
3905,0.075
3906,0.037
3907,0.012
3908,0.001
3909,0.0
3910,0.0
3911,0.0
3912,0.0
3913,0.0
3914,0.0
3915,0.0
3916,0.006
3917,0.034
3918,0.078
3919,0.139
3920,0.194
3921,0.252
3922,0.282
3923,0.298
3924,0.296
3925,0.28
3926,0.243
3927,0.202
3928,0.16
3929,0.114
3930,0.064
3931,0.024
3932,0.001
3933,0.0
3934,0.0
3935,0.0
3936,0.0
3937,0.0
3938,0.0
3939,0.0
3940,0.012
3941,0.052
3942,0.114
3943,0.194
3944,0.293
3945,0.392
3946,0.495
3947,0.558
3948,0.563
3949,0.518
3950,0.44
3951,0.356
3952,0.271
3953,0.181
3954,0.104
3955,0.041
3956,0.003
3957,0.0
3958,0.0
3959,0.0
3960,0.0
3961,0.0
3962,0.0
3963,0.0
3964,0.016
3965,0.07
3966,0.159
3967,0.262
3968,0.359
3969,0.444
3970,0.513
3971,0.529
3972,0.502
3973,0.467
3974,0.409
3975,0.328
3976,0.244
3977,0.171
3978,0.101
3979,0.039
3980,0.003
3981,0.0
3982,0.0
3983,0.0
3984,0.0
3985,0.0
3986,0.0
3987,0.0
3988,0.019
3989,0.075
3990,0.16
3991,0.268
3992,0.384
3993,0.481
3994,0.532
3995,0.551
3996,0.542
3997,0.509
3998,0.445
3999,0.358
4000,0.263
4001,0.173
4002,0.093
4003,0.034
4004,0.003
4005,0.0
4006,0.0
4007,0.0
4008,0.0
4009,0.0
4010,0.0
4011,0.0
4012,0.019
4013,0.076
4014,0.164
4015,0.281
4016,0.399
4017,0.494
4018,0.547
4019,0.577
4020,0.571
4021,0.53
4022,0.46
4023,0.371
4024,0.274
4025,0.185
4026,0.103
4027,0.04
4028,0.004
4029,0.0
4030,0.0
4031,0.0
4032,0.0
4033,0.0
4034,0.0
4035,0.0
4036,0.018
4037,0.07
4038,0.151
4039,0.245
4040,0.338
4041,0.415
4042,0.47
4043,0.498
4044,0.487
4045,0.447
4046,0.382
4047,0.291
4048,0.204
4049,0.129
4050,0.074
4051,0.029
4052,0.003
4053,0.0
4054,0.0
4055,0.0
4056,0.0
4057,0.0
4058,0.0
4059,0.0
4060,0.016
4061,0.059
4062,0.123
4063,0.21
4064,0.309
4065,0.397
4066,0.454
4067,0.484
4068,0.483
4069,0.458
4070,0.392
4071,0.318
4072,0.232
4073,0.162
4074,0.098
4075,0.04
4076,0.003
4077,0.0
4078,0.0
4079,0.0
4080,0.0
4081,0.0
4082,0.0
4083,0.0
4084,0.021
4085,0.083
4086,0.185
4087,0.304
4088,0.416
4089,0.502
4090,0.557
4091,0.576
4092,0.57
4093,0.55
4094,0.495
4095,0.412
4096,0.314
4097,0.211
4098,0.116
4099,0.045
4100,0.004
4101,0.0
4102,0.0
4103,0.0
4104,0.0
4105,0.0
4106,0.0
4107,0.0
4108,0.021
4109,0.083
4110,0.185
4111,0.321
4112,0.446
4113,0.545
4114,0.617
4115,0.654
4116,0.653
4117,0.63
4118,0.562
4119,0.462
4120,0.339
4121,0.219
4122,0.116
4123,0.045
4124,0.005
4125,0.0
4126,0.0
4127,0.0
4128,0.0
4129,0.0
4130,0.0
4131,0.0
4132,0.023
4133,0.085
4134,0.175
4135,0.284
4136,0.391
4137,0.487
4138,0.554
4139,0.583
4140,0.558
4141,0.502
4142,0.434
4143,0.353
4144,0.265
4145,0.179
4146,0.099
4147,0.035
4148,0.003
4149,0.0
4150,0.0
4151,0.0
4152,0.0
4153,0.0
4154,0.0
4155,0.0
4156,0.013
4157,0.053
4158,0.116
4159,0.202
4160,0.296
4161,0.369
4162,0.41
4163,0.426
4164,0.402
4165,0.346
4166,0.27
4167,0.205
4168,0.154
4169,0.104
4170,0.057
4171,0.019
4172,0.002
4173,0.0
4174,0.0
4175,0.0
4176,0.0
4177,0.0
4178,0.0
4179,0.0
4180,0.007
4181,0.038
4182,0.086
4183,0.149
4184,0.203
4185,0.244
4186,0.278
4187,0.315
4188,0.337
4189,0.351
4190,0.329
4191,0.275
4192,0.204
4193,0.133
4194,0.069
4195,0.023
4196,0.001
4197,0.0
4198,0.0
4199,0.0
4200,0.0
4201,0.0
4202,0.0
4203,0.0
4204,0.008
4205,0.042
4206,0.097
4207,0.162
4208,0.232
4209,0.298
4210,0.364
4211,0.405
4212,0.423
4213,0.41
4214,0.378
4215,0.32
4216,0.247
4217,0.168
4218,0.095
4219,0.036
4220,0.004
4221,0.0
4222,0.0
4223,0.0
4224,0.0
4225,0.0
4226,0.0
4227,0.0
4228,0.019
4229,0.08
4230,0.179
4231,0.292
4232,0.401
4233,0.492
4234,0.547
4235,0.581
4236,0.584
4237,0.571
4238,0.52
4239,0.441
4240,0.335
4241,0.223
4242,0.121
4243,0.047
4244,0.005
4245,0.0
4246,0.0
4247,0.0
4248,0.0
4249,0.0
4250,0.0
4251,0.0
4252,0.031
4253,0.107
4254,0.221
4255,0.349
4256,0.471
4257,0.57
4258,0.64
4259,0.676
4260,0.675
4261,0.643
4262,0.574
4263,0.473
4264,0.354
4265,0.234
4266,0.126
4267,0.048
4268,0.005
4269,0.0
4270,0.0
4271,0.0
4272,0.0
4273,0.0
4274,0.0
4275,0.0
4276,0.029
4277,0.104
4278,0.215
4279,0.338
4280,0.457
4281,0.558
4282,0.627
4283,0.661
4284,0.66
4285,0.621
4286,0.547
4287,0.444
4288,0.322
4289,0.208
4290,0.111
4291,0.041
4292,0.004
4293,0.0
4294,0.0
4295,0.0
4296,0.0
4297,0.0
4298,0.0
4299,0.0
4300,0.022
4301,0.087
4302,0.181
4303,0.291
4304,0.393
4305,0.469
4306,0.505
4307,0.521
4308,0.511
4309,0.488
4310,0.427
4311,0.342
4312,0.25
4313,0.159
4314,0.084
4315,0.028
4316,0.002
4317,0.0
4318,0.0
4319,0.0
4320,0.0
4321,0.0
4322,0.0
4323,0.0
4324,0.026
4325,0.097
4326,0.197
4327,0.317
4328,0.428
4329,0.514
4330,0.56
4331,0.58
4332,0.576
4333,0.542
4334,0.488
4335,0.407
4336,0.307
4337,0.197
4338,0.102
4339,0.038
4340,0.002
4341,0.0
4342,0.0
4343,0.0
4344,0.0
4345,0.0
4346,0.0
4347,0.0
4348,0.018
4349,0.071
4350,0.162
4351,0.285
4352,0.4
4353,0.502
4354,0.568
4355,0.581
4356,0.575
4357,0.535
4358,0.467
4359,0.387
4360,0.278
4361,0.174
4362,0.09
4363,0.034
4364,0.002
4365,0.0
4366,0.0
4367,0.0
4368,0.0
4369,0.0
4370,0.0
4371,0.0
4372,0.024
4373,0.095
4374,0.202
4375,0.321
4376,0.432
4377,0.518
4378,0.578
4379,0.603
4380,0.599
4381,0.567
4382,0.509
4383,0.424
4384,0.307
4385,0.194
4386,0.104
4387,0.042
4388,0.004
4389,0.0
4390,0.0
4391,0.0
4392,0.0
4393,0.0
4394,0.0
4395,0.0
4396,0.022
4397,0.089
4398,0.197
4399,0.318
4400,0.439
4401,0.538
4402,0.611
4403,0.645
4404,0.632
4405,0.582
4406,0.505
4407,0.413
4408,0.308
4409,0.202
4410,0.11
4411,0.04
4412,0.002
4413,0.0
4414,0.0
4415,0.0
4416,0.0
4417,0.0
4418,0.0
4419,0.0
4420,0.017
4421,0.073
4422,0.149
4423,0.234
4424,0.315
4425,0.383
4426,0.433
4427,0.461
4428,0.459
4429,0.425
4430,0.36
4431,0.275
4432,0.198
4433,0.121
4434,0.063
4435,0.023
4436,0.002
4437,0.0
4438,0.0
4439,0.0
4440,0.0
4441,0.0
4442,0.0
4443,0.0
4444,0.019
4445,0.085
4446,0.183
4447,0.293
4448,0.39
4449,0.448
4450,0.483
4451,0.497
4452,0.482
4453,0.443
4454,0.391
4455,0.317
4456,0.242
4457,0.17
4458,0.098
4459,0.034
4460,0.002
4461,0.0
4462,0.0
4463,0.0
4464,0.0
4465,0.0
4466,0.0
4467,0.0
4468,0.015
4469,0.07
4470,0.163
4471,0.275
4472,0.387
4473,0.483
4474,0.545
4475,0.573
4476,0.55
4477,0.51
4478,0.443
4479,0.362
4480,0.27
4481,0.17
4482,0.093
4483,0.035
4484,0.003
4485,0.0
4486,0.0
4487,0.0
4488,0.0
4489,0.0
4490,0.0
4491,0.0
4492,0.015
4493,0.069
4494,0.151
4495,0.248
4496,0.352
4497,0.441
4498,0.501
4499,0.539
4500,0.542
4501,0.517
4502,0.45
4503,0.353
4504,0.259
4505,0.17
4506,0.089
4507,0.031
4508,0.002
4509,0.0
4510,0.0
4511,0.0
4512,0.0
4513,0.0
4514,0.0
4515,0.0
4516,0.013
4517,0.062
4518,0.14
4519,0.239
4520,0.351
4521,0.446
4522,0.514
4523,0.541
4524,0.531
4525,0.484
4526,0.41
4527,0.309
4528,0.22
4529,0.142
4530,0.075
4531,0.024
4532,0.001
4533,0.0
4534,0.0
4535,0.0
4536,0.0
4537,0.0
4538,0.0
4539,0.0
4540,0.006
4541,0.036
4542,0.081
4543,0.143
4544,0.217
4545,0.29
4546,0.335
4547,0.351
4548,0.344
4549,0.318
4550,0.275
4551,0.231
4552,0.174
4553,0.118
4554,0.064
4555,0.02
4556,0.001
4557,0.0
4558,0.0
4559,0.0
4560,0.0
4561,0.0
4562,0.0
4563,0.0
4564,0.004
4565,0.032
4566,0.08
4567,0.149
4568,0.237
4569,0.328
4570,0.406
4571,0.452
4572,0.432
4573,0.376
4574,0.308
4575,0.235
4576,0.179
4577,0.115
4578,0.061
4579,0.018
4580,0.0
4581,0.0
4582,0.0
4583,0.0
4584,0.0
4585,0.0
4586,0.0
4587,0.0
4588,0.008
4589,0.052
4590,0.122
4591,0.211
4592,0.301
4593,0.383
4594,0.45
4595,0.494
4596,0.495
4597,0.449
4598,0.391
4599,0.339
4600,0.249
4601,0.161
4602,0.086
4603,0.028
4604,0.001
4605,0.0
4606,0.0
4607,0.0
4608,0.0
4609,0.0
4610,0.0
4611,0.0
4612,0.016
4613,0.074
4614,0.16
4615,0.266
4616,0.374
4617,0.453
4618,0.496
4619,0.501
4620,0.484
4621,0.448
4622,0.403
4623,0.326
4624,0.241
4625,0.167
4626,0.092
4627,0.029
4628,0.001
4629,0.0
4630,0.0
4631,0.0
4632,0.0
4633,0.0
4634,0.0
4635,0.0
4636,0.009
4637,0.052
4638,0.117
4639,0.185
4640,0.255
4641,0.332
4642,0.399
4643,0.455
4644,0.462
4645,0.443
4646,0.404
4647,0.335
4648,0.256
4649,0.161
4650,0.084
4651,0.025
4652,0.001
4653,0.0
4654,0.0
4655,0.0
4656,0.0
4657,0.0
4658,0.0
4659,0.0
4660,0.014
4661,0.075
4662,0.167
4663,0.27
4664,0.379
4665,0.471
4666,0.542
4667,0.574
4668,0.58
4669,0.545
4670,0.482
4671,0.397
4672,0.295
4673,0.189
4674,0.095
4675,0.03
4676,0.002
4677,0.0
4678,0.0
4679,0.0
4680,0.0
4681,0.0
4682,0.0
4683,0.0
4684,0.018
4685,0.086
4686,0.189
4687,0.311
4688,0.43
4689,0.54
4690,0.609
4691,0.647
4692,0.644
4693,0.604
4694,0.533
4695,0.43
4696,0.314
4697,0.196
4698,0.1
4699,0.031
4700,0.001
4701,0.0
4702,0.0
4703,0.0
4704,0.0
4705,0.0
4706,0.0
4707,0.0
4708,0.009
4709,0.056
4710,0.136
4711,0.243
4712,0.353
4713,0.455
4714,0.535
4715,0.577
4716,0.559
4717,0.525
4718,0.464
4719,0.384
4720,0.277
4721,0.173
4722,0.087
4723,0.026
4724,0.001
4725,0.0
4726,0.0
4727,0.0
4728,0.0
4729,0.0
4730,0.0
4731,0.0
4732,0.006
4733,0.039
4734,0.09
4735,0.161
4736,0.245
4737,0.313
4738,0.338
4739,0.338
4740,0.309
4741,0.269
4742,0.219
4743,0.169
4744,0.13
4745,0.094
4746,0.055
4747,0.019
4748,0.001
4749,0.0
4750,0.0
4751,0.0
4752,0.0
4753,0.0
4754,0.0
4755,0.0
4756,0.008
4757,0.048
4758,0.115
4759,0.212
4760,0.316
4761,0.426
4762,0.518
4763,0.568
4764,0.564
4765,0.533
4766,0.472
4767,0.374
4768,0.264
4769,0.161
4770,0.084
4771,0.027
4772,0.001
4773,0.0
4774,0.0
4775,0.0
4776,0.0
4777,0.0
4778,0.0
4779,0.0
4780,0.013
4781,0.07
4782,0.146
4783,0.231
4784,0.313
4785,0.379
4786,0.41
4787,0.41
4788,0.391
4789,0.363
4790,0.315
4791,0.25
4792,0.169
4793,0.101
4794,0.047
4795,0.012
4796,0.0
4797,0.0
4798,0.0
4799,0.0
4800,0.0
4801,0.0
4802,0.0
4803,0.0
4804,0.005
4805,0.05
4806,0.142
4807,0.26
4808,0.372
4809,0.456
4810,0.511
4811,0.541
4812,0.53
4813,0.505
4814,0.456
4815,0.378
4816,0.287
4817,0.19
4818,0.098
4819,0.03
4820,0.001
4821,0.0
4822,0.0
4823,0.0
4824,0.0
4825,0.0
4826,0.0
4827,0.0
4828,0.013
4829,0.075
4830,0.16
4831,0.25
4832,0.323
4833,0.384
4834,0.439
4835,0.472
4836,0.45
4837,0.383
4838,0.29
4839,0.215
4840,0.147
4841,0.078
4842,0.032
4843,0.006
4844,0.0
4845,0.0
4846,0.0
4847,0.0
4848,0.0
4849,0.0
4850,0.0
4851,0.0
4852,0.004
4853,0.048
4854,0.13
4855,0.224
4856,0.328
4857,0.43
4858,0.491
4859,0.534
4860,0.548
4861,0.526
4862,0.474
4863,0.395
4864,0.294
4865,0.191
4866,0.098
4867,0.027
4868,0.0
4869,0.0
4870,0.0
4871,0.0
4872,0.0
4873,0.0
4874,0.0
4875,0.0
4876,0.011
4877,0.078
4878,0.181
4879,0.304
4880,0.425
4881,0.533
4882,0.605
4883,0.641
4884,0.64
4885,0.606
4886,0.536
4887,0.437
4888,0.317
4889,0.203
4890,0.1
4891,0.026
4892,0.0
4893,0.0
4894,0.0
4895,0.0
4896,0.0
4897,0.0
4898,0.0
4899,0.0
4900,0.004
4901,0.043
4902,0.113
4903,0.221
4904,0.343
4905,0.434
4906,0.487
4907,0.507
4908,0.509
4909,0.474
4910,0.41
4911,0.33
4912,0.242
4913,0.158
4914,0.079
4915,0.017
4916,0.0
4917,0.0
4918,0.0
4919,0.0
4920,0.0
4921,0.0
4922,0.0
4923,0.0
4924,0.005
4925,0.05
4926,0.136
4927,0.257
4928,0.37
4929,0.457
4930,0.518
4931,0.543
4932,0.548
4933,0.511
4934,0.447
4935,0.366
4936,0.265
4937,0.169
4938,0.079
4939,0.018
4940,0.0
4941,0.0
4942,0.0
4943,0.0
4944,0.0
4945,0.0
4946,0.0
4947,0.0
4948,0.007
4949,0.065
4950,0.152
4951,0.244
4952,0.34
4953,0.418
4954,0.464
4955,0.476
4956,0.468
4957,0.445
4958,0.398
4959,0.317
4960,0.216
4961,0.123
4962,0.053
4963,0.013
4964,0.0
4965,0.0
4966,0.0
4967,0.0
4968,0.0
4969,0.0
4970,0.0
4971,0.0
4972,0.002
4973,0.023
4974,0.065
4975,0.124
4976,0.19
4977,0.246
4978,0.291
4979,0.323
4980,0.333
4981,0.318
4982,0.285
4983,0.239
4984,0.183
4985,0.113
4986,0.053
4987,0.012
4988,0.0
4989,0.0
4990,0.0
4991,0.0
4992,0.0
4993,0.0
4994,0.0
4995,0.0
4996,0.004
4997,0.047
4998,0.125
4999,0.225
5000,0.317
5001,0.395
5002,0.445
5003,0.466
5004,0.454
5005,0.425
5006,0.373
5007,0.303
5008,0.224
5009,0.142
5010,0.065
5011,0.013
5012,0.0
5013,0.0
5014,0.0
5015,0.0
5016,0.0
5017,0.0
5018,0.0
5019,0.0
5020,0.003
5021,0.047
5022,0.13
5023,0.238
5024,0.349
5025,0.437
5026,0.495
5027,0.531
5028,0.543
5029,0.523
5030,0.464
5031,0.379
5032,0.272
5033,0.172
5034,0.082
5035,0.017
5036,0.0
5037,0.0
5038,0.0
5039,0.0
5040,0.0
5041,0.0
5042,0.0
5043,0.0
5044,0.003
5045,0.049
5046,0.134
5047,0.238
5048,0.341
5049,0.418
5050,0.468
5051,0.48
5052,0.458
5053,0.42
5054,0.356
5055,0.275
5056,0.196
5057,0.119
5058,0.055
5059,0.011
5060,0.0
5061,0.0
5062,0.0
5063,0.0
5064,0.0
5065,0.0
5066,0.0
5067,0.0
5068,0.002
5069,0.042
5070,0.124
5071,0.237
5072,0.351
5073,0.441
5074,0.496
5075,0.511
5076,0.484
5077,0.448
5078,0.397
5079,0.327
5080,0.24
5081,0.147
5082,0.068
5083,0.012
5084,0.0
5085,0.0
5086,0.0
5087,0.0
5088,0.0
5089,0.0
5090,0.0
5091,0.0
5092,0.002
5093,0.055
5094,0.151
5095,0.267
5096,0.378
5097,0.469
5098,0.533
5099,0.559
5100,0.562
5101,0.523
5102,0.447
5103,0.349
5104,0.249
5105,0.152
5106,0.071
5107,0.013
5108,0.0
5109,0.0
5110,0.0
5111,0.0
5112,0.0
5113,0.0
5114,0.0
5115,0.0
5116,0.003
5117,0.058
5118,0.154
5119,0.27
5120,0.391
5121,0.489
5122,0.555
5123,0.586
5124,0.583
5125,0.545
5126,0.467
5127,0.371
5128,0.263
5129,0.155
5130,0.072
5131,0.013
5132,0.0
5133,0.0
5134,0.0
5135,0.0
5136,0.0
5137,0.0
5138,0.0
5139,0.0
5140,0.002
5141,0.05
5142,0.131
5143,0.223
5144,0.315
5145,0.39
5146,0.436
5147,0.457
5148,0.447
5149,0.422
5150,0.362
5151,0.289
5152,0.206
5153,0.127
5154,0.057
5155,0.009
5156,0.0
5157,0.0
5158,0.0
5159,0.0
5160,0.0
5161,0.0
5162,0.0
5163,0.0
5164,0.001
5165,0.037
5166,0.105
5167,0.183
5168,0.259
5169,0.331
5170,0.377
5171,0.407
5172,0.406
5173,0.363
5174,0.288
5175,0.22
5176,0.159
5177,0.102
5178,0.046
5179,0.006
5180,0.0
5181,0.0
5182,0.0
5183,0.0
5184,0.0
5185,0.0
5186,0.0
5187,0.0
5188,0.0
5189,0.034
5190,0.112
5191,0.23
5192,0.358
5193,0.476
5194,0.565
5195,0.601
5196,0.602
5197,0.568
5198,0.503
5199,0.392
5200,0.28
5201,0.167
5202,0.071
5203,0.009
5204,0.0
5205,0.0
5206,0.0
5207,0.0
5208,0.0
5209,0.0
5210,0.0
5211,0.0
5212,0.001
5213,0.042
5214,0.114
5215,0.198
5216,0.291
5217,0.368
5218,0.417
5219,0.437
5220,0.441
5221,0.428
5222,0.378
5223,0.303
5224,0.214
5225,0.133
5226,0.056
5227,0.006
5228,0.0
5229,0.0
5230,0.0
5231,0.0
5232,0.0
5233,0.0
5234,0.0
5235,0.0
5236,0.0
5237,0.042
5238,0.129
5239,0.248
5240,0.366
5241,0.461
5242,0.518
5243,0.534
5244,0.516
5245,0.476
5246,0.417
5247,0.34
5248,0.238
5249,0.141
5250,0.059
5251,0.007
5252,0.0
5253,0.0
5254,0.0
5255,0.0
5256,0.0
5257,0.0
5258,0.0
5259,0.0
5260,0.0
5261,0.043
5262,0.132
5263,0.25
5264,0.364
5265,0.461
5266,0.53
5267,0.577
5268,0.57
5269,0.535
5270,0.452
5271,0.338
5272,0.221
5273,0.124
5274,0.048
5275,0.005
5276,0.0
5277,0.0
5278,0.0
5279,0.0
5280,0.0
5281,0.0
5282,0.0
5283,0.0
5284,0.0
5285,0.015
5286,0.05
5287,0.097
5288,0.173
5289,0.259
5290,0.35
5291,0.424
5292,0.458
5293,0.44
5294,0.368
5295,0.283
5296,0.201
5297,0.119
5298,0.046
5299,0.003
5300,0.0
5301,0.0
5302,0.0
5303,0.0
5304,0.0
5305,0.0
5306,0.0
5307,0.0
5308,0.0
5309,0.026
5310,0.097
5311,0.186
5312,0.271
5313,0.341
5314,0.402
5315,0.432
5316,0.424
5317,0.393
5318,0.357
5319,0.289
5320,0.213
5321,0.127
5322,0.049
5323,0.002
5324,0.0
5325,0.0
5326,0.0
5327,0.0
5328,0.0
5329,0.0
5330,0.0
5331,0.0
5332,0.0
5333,0.025
5334,0.087
5335,0.175
5336,0.265
5337,0.345
5338,0.404
5339,0.444
5340,0.454
5341,0.433
5342,0.381
5343,0.306
5344,0.208
5345,0.115
5346,0.042
5347,0.003
5348,0.0
5349,0.0
5350,0.0
5351,0.0
5352,0.0
5353,0.0
5354,0.0
5355,0.0
5356,0.0
5357,0.027
5358,0.105
5359,0.217
5360,0.332
5361,0.426
5362,0.498
5363,0.529
5364,0.517
5365,0.481
5366,0.411
5367,0.319
5368,0.215
5369,0.124
5370,0.047
5371,0.003
5372,0.0
5373,0.0
5374,0.0
5375,0.0
5376,0.0
5377,0.0
5378,0.0
5379,0.0
5380,0.0
5381,0.031
5382,0.12
5383,0.24
5384,0.376
5385,0.487
5386,0.567
5387,0.598
5388,0.585
5389,0.541
5390,0.468
5391,0.368
5392,0.251
5393,0.14
5394,0.052
5395,0.004
5396,0.0
5397,0.0
5398,0.0
5399,0.0
5400,0.0
5401,0.0
5402,0.0
5403,0.0
5404,0.0
5405,0.015
5406,0.058
5407,0.113
5408,0.173
5409,0.226
5410,0.269
5411,0.298
5412,0.307
5413,0.292
5414,0.26
5415,0.212
5416,0.154
5417,0.088
5418,0.029
5419,0.001
5420,0.0
5421,0.0
5422,0.0
5423,0.0
5424,0.0
5425,0.0
5426,0.0
5427,0.0
5428,0.0
5429,0.028
5430,0.12
5431,0.25
5432,0.391
5433,0.504
5434,0.583
5435,0.628
5436,0.624
5437,0.584
5438,0.512
5439,0.4
5440,0.272
5441,0.146
5442,0.047
5443,0.002
5444,0.0
5445,0.0
5446,0.0
5447,0.0
5448,0.0
5449,0.0
5450,0.0
5451,0.0
5452,0.0
5453,0.007
5454,0.049
5455,0.108
5456,0.133
5457,0.16
5458,0.183
5459,0.2
5460,0.214
5461,0.235
5462,0.244
5463,0.229
5464,0.174
5465,0.103
5466,0.043
5467,0.003
5468,0.0
5469,0.0
5470,0.0
5471,0.0
5472,0.0
5473,0.0
5474,0.0
5475,0.0
5476,0.0
5477,0.03
5478,0.119
5479,0.241
5480,0.381
5481,0.499
5482,0.576
5483,0.61
5484,0.599
5485,0.552
5486,0.477
5487,0.382
5488,0.262
5489,0.14
5490,0.048
5491,0.001
5492,0.0
5493,0.0
5494,0.0
5495,0.0
5496,0.0
5497,0.0
5498,0.0
5499,0.0
5500,0.0
5501,0.027
5502,0.112
5503,0.222
5504,0.339
5505,0.44
5506,0.516
5507,0.555
5508,0.558
5509,0.523
5510,0.456
5511,0.366
5512,0.257
5513,0.149
5514,0.05
5515,0.001
5516,0.0
5517,0.0
5518,0.0
5519,0.0
5520,0.0
5521,0.0
5522,0.0
5523,0.0
5524,0.0
5525,0.022
5526,0.103
5527,0.212
5528,0.343
5529,0.442
5530,0.506
5531,0.531
5532,0.527
5533,0.493
5534,0.419
5535,0.33
5536,0.221
5537,0.119
5538,0.039
5539,0.0
5540,0.0
5541,0.0
5542,0.0
5543,0.0
5544,0.0
5545,0.0
5546,0.0
5547,0.0
5548,0.0
5549,0.021
5550,0.106
5551,0.22
5552,0.35
5553,0.444
5554,0.522
5555,0.574
5556,0.582
5557,0.545
5558,0.47
5559,0.372
5560,0.252
5561,0.131
5562,0.041
5563,0.001
5564,0.0
5565,0.0
5566,0.0
5567,0.0
5568,0.0
5569,0.0
5570,0.0
5571,0.0
5572,0.0
5573,0.016
5574,0.082
5575,0.179
5576,0.291
5577,0.389
5578,0.447
5579,0.457
5580,0.412
5581,0.342
5582,0.265
5583,0.192
5584,0.125
5585,0.067
5586,0.02
5587,0.0
5588,0.0
5589,0.0
5590,0.0
5591,0.0
5592,0.0
5593,0.0
5594,0.0
5595,0.0
5596,0.0
5597,0.018
5598,0.099
5599,0.217
5600,0.338
5601,0.442
5602,0.511
5603,0.52
5604,0.49
5605,0.449
5606,0.395
5607,0.308
5608,0.21
5609,0.112
5610,0.031
5611,0.0
5612,0.0
5613,0.0
5614,0.0
5615,0.0
5616,0.0
5617,0.0
5618,0.0
5619,0.0
5620,0.0
5621,0.017
5622,0.105
5623,0.225
5624,0.341
5625,0.451
5626,0.532
5627,0.565
5628,0.557
5629,0.517
5630,0.447
5631,0.349
5632,0.233
5633,0.121
5634,0.033
5635,0.0
5636,0.0
5637,0.0
5638,0.0
5639,0.0
5640,0.0
5641,0.0
5642,0.0
5643,0.0
5644,0.0
5645,0.014
5646,0.082
5647,0.178
5648,0.279
5649,0.373
5650,0.452
5651,0.499
5652,0.51
5653,0.482
5654,0.42
5655,0.323
5656,0.211
5657,0.11
5658,0.029
5659,0.0
5660,0.0
5661,0.0
5662,0.0
5663,0.0
5664,0.0
5665,0.0
5666,0.0
5667,0.0
5668,0.0
5669,0.017
5670,0.111
5671,0.239
5672,0.365
5673,0.471
5674,0.558
5675,0.604
5676,0.606
5677,0.57
5678,0.494
5679,0.386
5680,0.254
5681,0.132
5682,0.035
5683,0.0
5684,0.0
5685,0.0
5686,0.0
5687,0.0
5688,0.0
5689,0.0
5690,0.0
5691,0.0
5692,0.0
5693,0.018
5694,0.116
5695,0.249
5696,0.386
5697,0.497
5698,0.571
5699,0.607
5700,0.608
5701,0.567
5702,0.49
5703,0.38
5704,0.253
5705,0.132
5706,0.033
5707,0.0
5708,0.0
5709,0.0
5710,0.0
5711,0.0
5712,0.0
5713,0.0
5714,0.0
5715,0.0
5716,0.0
5717,0.009
5718,0.076
5719,0.179
5720,0.285
5721,0.373
5722,0.442
5723,0.488
5724,0.492
5725,0.449
5726,0.371
5727,0.268
5728,0.16
5729,0.07
5730,0.013
5731,0.0
5732,0.0
5733,0.0
5734,0.0
5735,0.0
5736,0.0
5737,0.0
5738,0.0
5739,0.0
5740,0.0
5741,0.003
5742,0.042
5743,0.115
5744,0.217
5745,0.336
5746,0.404
5747,0.423
5748,0.395
5749,0.335
5750,0.262
5751,0.193
5752,0.134
5753,0.077
5754,0.022
5755,0.0
5756,0.0
5757,0.0
5758,0.0
5759,0.0
5760,0.0
5761,0.0
5762,0.0
5763,0.0
5764,0.0
5765,0.007
5766,0.089
5767,0.206
5768,0.316
5769,0.388
5770,0.424
5771,0.41
5772,0.383
5773,0.382
5774,0.354
5775,0.266
5776,0.177
5777,0.085
5778,0.016
5779,0.0
5780,0.0
5781,0.0
5782,0.0
5783,0.0
5784,0.0
5785,0.0
5786,0.0
5787,0.0
5788,0.0
5789,0.004
5790,0.056
5791,0.14
5792,0.235
5793,0.325
5794,0.368
5795,0.38
5796,0.365
5797,0.34
5798,0.291
5799,0.226
5800,0.15
5801,0.074
5802,0.014
5803,0.0
5804,0.0
5805,0.0
5806,0.0
5807,0.0
5808,0.0
5809,0.0
5810,0.0
5811,0.0
5812,0.0
5813,0.005
5814,0.05
5815,0.117
5816,0.185
5817,0.255
5818,0.323
5819,0.365
5820,0.382
5821,0.386
5822,0.364
5823,0.292
5824,0.201
5825,0.112
5826,0.024
5827,0.0
5828,0.0
5829,0.0
5830,0.0
5831,0.0
5832,0.0
5833,0.0
5834,0.0
5835,0.0
5836,0.0
5837,0.005
5838,0.079
5839,0.197
5840,0.314
5841,0.428
5842,0.497
5843,0.514
5844,0.501
5845,0.464
5846,0.401
5847,0.311
5848,0.208
5849,0.105
5850,0.022
5851,0.0
5852,0.0
5853,0.0
5854,0.0
5855,0.0
5856,0.0
5857,0.0
5858,0.0
5859,0.0
5860,0.0
5861,0.004
5862,0.06
5863,0.149
5864,0.251
5865,0.349
5866,0.382
5867,0.376
5868,0.345
5869,0.296
5870,0.233
5871,0.181
5872,0.128
5873,0.065
5874,0.01
5875,0.0
5876,0.0
5877,0.0
5878,0.0
5879,0.0
5880,0.0
5881,0.0
5882,0.0
5883,0.0
5884,0.0
5885,0.002
5886,0.046
5887,0.129
5888,0.217
5889,0.291
5890,0.334
5891,0.346
5892,0.328
5893,0.3
5894,0.253
5895,0.189
5896,0.125
5897,0.06
5898,0.009
5899,0.0
5900,0.0
5901,0.0
5902,0.0
5903,0.0
5904,0.0
5905,0.0
5906,0.0
5907,0.0
5908,0.0
5909,0.002
5910,0.067
5911,0.186
5912,0.315
5913,0.4
5914,0.441
5915,0.458
5916,0.441
5917,0.399
5918,0.333
5919,0.252
5920,0.167
5921,0.075
5922,0.011
5923,0.0
5924,0.0
5925,0.0
5926,0.0
5927,0.0
5928,0.0
5929,0.0
5930,0.0
5931,0.0
5932,0.0
5933,0.003
5934,0.068
5935,0.18
5936,0.301
5937,0.406
5938,0.492
5939,0.542
5940,0.537
5941,0.499
5942,0.435
5943,0.33
5944,0.202
5945,0.08
5946,0.007
5947,0.0
5948,0.0
5949,0.0
5950,0.0
5951,0.0
5952,0.0
5953,0.0
5954,0.0
5955,0.0
5956,0.0
5957,0.0
5958,0.028
5959,0.084
5960,0.152
5961,0.215
5962,0.257
5963,0.284
5964,0.298
5965,0.306
5966,0.294
5967,0.263
5968,0.192
5969,0.088
5970,0.01
5971,0.0
5972,0.0
5973,0.0
5974,0.0
5975,0.0
5976,0.0
5977,0.0
5978,0.0
5979,0.0
5980,0.0
5981,0.001
5982,0.069
5983,0.193
5984,0.328
5985,0.444
5986,0.526
5987,0.566
5988,0.582
5989,0.544
5990,0.465
5991,0.347
5992,0.218
5993,0.101
5994,0.014
5995,0.0
5996,0.0
5997,0.0
5998,0.0
5999,0.0
6000,0.0
6001,0.0
6002,0.0
6003,0.0
6004,0.0
6005,0.001
6006,0.06
6007,0.168
6008,0.317
6009,0.436
6010,0.51
6011,0.546
6012,0.538
6013,0.494
6014,0.409
6015,0.296
6016,0.175
6017,0.067
6018,0.004
6019,0.0
6020,0.0
6021,0.0
6022,0.0
6023,0.0
6024,0.0
6025,0.0
6026,0.0
6027,0.0
6028,0.0
6029,0.0
6030,0.007
6031,0.034
6032,0.076
6033,0.128
6034,0.187
6035,0.231
6036,0.252
6037,0.248
6038,0.222
6039,0.171
6040,0.108
6041,0.046
6042,0.005
6043,0.0
6044,0.0
6045,0.0
6046,0.0
6047,0.0
6048,0.0
6049,0.0
6050,0.0
6051,0.0
6052,0.0
6053,0.0
6054,0.041
6055,0.134
6056,0.25
6057,0.373
6058,0.447
6059,0.462
6060,0.443
6061,0.4
6062,0.314
6063,0.207
6064,0.108
6065,0.041
6066,0.002
6067,0.0
6068,0.0
6069,0.0
6070,0.0
6071,0.0
6072,0.0
6073,0.0
6074,0.0
6075,0.0
6076,0.0
6077,0.0
6078,0.041
6079,0.146
6080,0.268
6081,0.385
6082,0.456
6083,0.497
6084,0.502
6085,0.47
6086,0.395
6087,0.28
6088,0.148
6089,0.061
6090,0.003
6091,0.0
6092,0.0
6093,0.0
6094,0.0
6095,0.0
6096,0.0
6097,0.0
6098,0.0
6099,0.0
6100,0.0
6101,0.0
6102,0.046
6103,0.137
6104,0.23
6105,0.316
6106,0.377
6107,0.415
6108,0.418
6109,0.404
6110,0.358
6111,0.281
6112,0.182
6113,0.075
6114,0.005
6115,0.0
6116,0.0
6117,0.0
6118,0.0
6119,0.0
6120,0.0
6121,0.0
6122,0.0
6123,0.0
6124,0.0
6125,0.0
6126,0.048
6127,0.165
6128,0.301
6129,0.398
6130,0.45
6131,0.497
6132,0.518
6133,0.513
6134,0.453
6135,0.347
6136,0.207
6137,0.086
6138,0.004
6139,0.0
6140,0.0
6141,0.0
6142,0.0
6143,0.0
6144,0.0
6145,0.0
6146,0.0
6147,0.0
6148,0.0
6149,0.0
6150,0.046
6151,0.15
6152,0.251
6153,0.329
6154,0.398
6155,0.435
6156,0.425
6157,0.387
6158,0.333
6159,0.255
6160,0.16
6161,0.063
6162,0.001
6163,0.0
6164,0.0
6165,0.0
6166,0.0
6167,0.0
6168,0.0
6169,0.0
6170,0.0
6171,0.0
6172,0.0
6173,0.0
6174,0.039
6175,0.126
6176,0.198
6177,0.267
6178,0.321
6179,0.37
6180,0.375
6181,0.359
6182,0.316
6183,0.232
6184,0.138
6185,0.045
6186,0.001
6187,0.0
6188,0.0
6189,0.0
6190,0.0
6191,0.0
6192,0.0
6193,0.0
6194,0.0
6195,0.0
6196,0.0
6197,0.0
6198,0.021
6199,0.094
6200,0.188
6201,0.297
6202,0.383
6203,0.429
6204,0.432
6205,0.394
6206,0.325
6207,0.244
6208,0.151
6209,0.055
6210,0.002
6211,0.0
6212,0.0
6213,0.0
6214,0.0
6215,0.0
6216,0.0
6217,0.0
6218,0.0
6219,0.0
6220,0.0
6221,0.0
6222,0.045
6223,0.186
6224,0.333
6225,0.451
6226,0.53
6227,0.569
6228,0.568
6229,0.525
6230,0.44
6231,0.325
6232,0.201
6233,0.081
6234,0.002
6235,0.0
6236,0.0
6237,0.0
6238,0.0
6239,0.0
6240,0.0
6241,0.0
6242,0.0
6243,0.0
6244,0.0
6245,0.0
6246,0.029
6247,0.118
6248,0.219
6249,0.302
6250,0.361
6251,0.396
6252,0.403
6253,0.386
6254,0.338
6255,0.258
6256,0.161
6257,0.06
6258,0.001
6259,0.0
6260,0.0
6261,0.0
6262,0.0
6263,0.0
6264,0.0
6265,0.0
6266,0.0
6267,0.0
6268,0.0
6269,0.0
6270,0.036
6271,0.162
6272,0.297
6273,0.411
6274,0.503
6275,0.558
6276,0.573
6277,0.535
6278,0.458
6279,0.342
6280,0.208
6281,0.078
6282,0.001
6283,0.0
6284,0.0
6285,0.0
6286,0.0
6287,0.0
6288,0.0
6289,0.0
6290,0.0
6291,0.0
6292,0.0
6293,0.0
6294,0.04
6295,0.18
6296,0.335
6297,0.461
6298,0.547
6299,0.591
6300,0.593
6301,0.553
6302,0.472
6303,0.356
6304,0.22
6305,0.083
6306,0.001
6307,0.0
6308,0.0
6309,0.0
6310,0.0
6311,0.0
6312,0.0
6313,0.0
6314,0.0
6315,0.0
6316,0.0
6317,0.0
6318,0.038
6319,0.18
6320,0.336
6321,0.458
6322,0.54
6323,0.581
6324,0.579
6325,0.531
6326,0.442
6327,0.318
6328,0.182
6329,0.06
6330,0.0
6331,0.0
6332,0.0
6333,0.0
6334,0.0
6335,0.0
6336,0.0
6337,0.0
6338,0.0
6339,0.0
6340,0.0
6341,0.0
6342,0.007
6343,0.058
6344,0.13
6345,0.196
6346,0.236
6347,0.253
6348,0.238
6349,0.222
6350,0.195
6351,0.142
6352,0.078
6353,0.021
6354,0.0
6355,0.0
6356,0.0
6357,0.0
6358,0.0
6359,0.0
6360,0.0
6361,0.0
6362,0.0
6363,0.0
6364,0.0
6365,0.0
6366,0.015
6367,0.097
6368,0.202
6369,0.323
6370,0.398
6371,0.413
6372,0.385
6373,0.327
6374,0.249
6375,0.158
6376,0.074
6377,0.019
6378,0.0
6379,0.0
6380,0.0
6381,0.0
6382,0.0
6383,0.0
6384,0.0
6385,0.0
6386,0.0
6387,0.0
6388,0.0
6389,0.0
6390,0.003
6391,0.038
6392,0.097
6393,0.171
6394,0.248
6395,0.315
6396,0.331
6397,0.296
6398,0.228
6399,0.163
6400,0.086
6401,0.02
6402,0.0
6403,0.0
6404,0.0
6405,0.0
6406,0.0
6407,0.0
6408,0.0
6409,0.0
6410,0.0
6411,0.0
6412,0.0
6413,0.0
6414,0.005
6415,0.061
6416,0.145
6417,0.246
6418,0.324
6419,0.362
6420,0.368
6421,0.329
6422,0.261
6423,0.192
6424,0.104
6425,0.027
6426,0.0
6427,0.0
6428,0.0
6429,0.0
6430,0.0
6431,0.0
6432,0.0
6433,0.0
6434,0.0
6435,0.0
6436,0.0
6437,0.0
6438,0.005
6439,0.071
6440,0.181
6441,0.309
6442,0.405
6443,0.442
6444,0.427
6445,0.389
6446,0.31
6447,0.211
6448,0.118
6449,0.028
6450,0.0
6451,0.0
6452,0.0
6453,0.0
6454,0.0
6455,0.0
6456,0.0
6457,0.0
6458,0.0
6459,0.0
6460,0.0
6461,0.0
6462,0.006
6463,0.061
6464,0.129
6465,0.191
6466,0.236
6467,0.254
6468,0.243
6469,0.216
6470,0.19
6471,0.148
6472,0.088
6473,0.024
6474,0.0
6475,0.0
6476,0.0
6477,0.0
6478,0.0
6479,0.0
6480,0.0
6481,0.0
6482,0.0
6483,0.0
6484,0.0
6485,0.0
6486,0.007
6487,0.083
6488,0.193
6489,0.304
6490,0.418
6491,0.468
6492,0.464
6493,0.419
6494,0.34
6495,0.215
6496,0.089
6497,0.014
6498,0.0
6499,0.0
6500,0.0
6501,0.0
6502,0.0
6503,0.0
6504,0.0
6505,0.0
6506,0.0
6507,0.0
6508,0.0
6509,0.0
6510,0.001
6511,0.035
6512,0.1
6513,0.186
6514,0.275
6515,0.315
6516,0.311
6517,0.281
6518,0.23
6519,0.175
6520,0.098
6521,0.024
6522,0.0
6523,0.0
6524,0.0
6525,0.0
6526,0.0
6527,0.0
6528,0.0
6529,0.0
6530,0.0
6531,0.0
6532,0.0
6533,0.0
6534,0.006
6535,0.09
6536,0.2
6537,0.299
6538,0.333
6539,0.302
6540,0.256
6541,0.195
6542,0.13
6543,0.073
6544,0.03
6545,0.004
6546,0.0
6547,0.0
6548,0.0
6549,0.0
6550,0.0
6551,0.0
6552,0.0
6553,0.0
6554,0.0
6555,0.0
6556,0.0
6557,0.0
6558,0.003
6559,0.061
6560,0.166
6561,0.276
6562,0.357
6563,0.398
6564,0.385
6565,0.328
6566,0.259
6567,0.189
6568,0.098
6569,0.021
6570,0.0
6571,0.0
6572,0.0
6573,0.0
6574,0.0
6575,0.0
6576,0.0
6577,0.0
6578,0.0
6579,0.0
6580,0.0
6581,0.0
6582,0.006
6583,0.109
6584,0.28
6585,0.407
6586,0.499
6587,0.544
6588,0.547
6589,0.505
6590,0.421
6591,0.293
6592,0.152
6593,0.028
6594,0.0
6595,0.0
6596,0.0
6597,0.0
6598,0.0
6599,0.0
6600,0.0
6601,0.0
6602,0.0
6603,0.0
6604,0.0
6605,0.0
6606,0.002
6607,0.045
6608,0.113
6609,0.203
6610,0.277
6611,0.308
6612,0.302
6613,0.266
6614,0.202
6615,0.122
6616,0.054
6617,0.004
6618,0.0
6619,0.0
6620,0.0
6621,0.0
6622,0.0
6623,0.0
6624,0.0
6625,0.0
6626,0.0
6627,0.0
6628,0.0
6629,0.0
6630,0.001
6631,0.049
6632,0.139
6633,0.237
6634,0.336
6635,0.362
6636,0.363
6637,0.327
6638,0.257
6639,0.168
6640,0.082
6641,0.012
6642,0.0
6643,0.0
6644,0.0
6645,0.0
6646,0.0
6647,0.0
6648,0.0
6649,0.0
6650,0.0
6651,0.0
6652,0.0
6653,0.0
6654,0.001
6655,0.035
6656,0.086
6657,0.128
6658,0.166
6659,0.196
6660,0.211
6661,0.207
6662,0.171
6663,0.108
6664,0.045
6665,0.003
6666,0.0
6667,0.0
6668,0.0
6669,0.0
6670,0.0
6671,0.0
6672,0.0
6673,0.0
6674,0.0
6675,0.0
6676,0.0
6677,0.0
6678,0.0
6679,0.026
6680,0.086
6681,0.167
6682,0.263
6683,0.337
6684,0.354
6685,0.331
6686,0.275
6687,0.184
6688,0.079
6689,0.006
6690,0.0
6691,0.0
6692,0.0
6693,0.0
6694,0.0
6695,0.0
6696,0.0
6697,0.0
6698,0.0
6699,0.0
6700,0.0
6701,0.0
6702,0.0
6703,0.008
6704,0.039
6705,0.088
6706,0.152
6707,0.193
6708,0.215
6709,0.213
6710,0.195
6711,0.137
6712,0.063
6713,0.005
6714,0.0
6715,0.0
6716,0.0
6717,0.0
6718,0.0
6719,0.0
6720,0.0
6721,0.0
6722,0.0
6723,0.0
6724,0.0
6725,0.0
6726,0.001
6727,0.053
6728,0.172
6729,0.291
6730,0.37
6731,0.4
6732,0.374
6733,0.32
6734,0.248
6735,0.159
6736,0.07
6737,0.005
6738,0.0
6739,0.0
6740,0.0
6741,0.0
6742,0.0
6743,0.0
6744,0.0
6745,0.0
6746,0.0
6747,0.0
6748,0.0
6749,0.0
6750,0.0
6751,0.014
6752,0.072
6753,0.15
6754,0.245
6755,0.313
6756,0.328
6757,0.293
6758,0.221
6759,0.133
6760,0.052
6761,0.002
6762,0.0
6763,0.0
6764,0.0
6765,0.0
6766,0.0
6767,0.0
6768,0.0
6769,0.0
6770,0.0
6771,0.0
6772,0.0
6773,0.0
6774,0.0
6775,0.045
6776,0.152
6777,0.239
6778,0.27
6779,0.258
6780,0.228
6781,0.185
6782,0.14
6783,0.093
6784,0.046
6785,0.002
6786,0.0
6787,0.0
6788,0.0
6789,0.0
6790,0.0
6791,0.0
6792,0.0
6793,0.0
6794,0.0
6795,0.0
6796,0.0
6797,0.0
6798,0.0
6799,0.023
6800,0.083
6801,0.151
6802,0.214
6803,0.233
6804,0.236
6805,0.215
6806,0.174
6807,0.102
6808,0.038
6809,0.001
6810,0.0
6811,0.0
6812,0.0
6813,0.0
6814,0.0
6815,0.0
6816,0.0
6817,0.0
6818,0.0
6819,0.0
6820,0.0
6821,0.0
6822,0.0
6823,0.021
6824,0.089
6825,0.18
6826,0.284
6827,0.341
6828,0.344
6829,0.277
6830,0.173
6831,0.098
6832,0.035
6833,0.001
6834,0.0
6835,0.0
6836,0.0
6837,0.0
6838,0.0
6839,0.0
6840,0.0
6841,0.0
6842,0.0
6843,0.0
6844,0.0
6845,0.0
6846,0.0
6847,0.007
6848,0.042
6849,0.084
6850,0.122
6851,0.149
6852,0.167
6853,0.172
6854,0.153
6855,0.107
6856,0.042
6857,0.001
6858,0.0
6859,0.0
6860,0.0
6861,0.0
6862,0.0
6863,0.0
6864,0.0
6865,0.0
6866,0.0
6867,0.0
6868,0.0
6869,0.0
6870,0.0
6871,0.008
6872,0.05
6873,0.109
6874,0.171
6875,0.21
6876,0.209
6877,0.173
6878,0.124
6879,0.071
6880,0.024
6881,0.0
6882,0.0
6883,0.0
6884,0.0
6885,0.0
6886,0.0
6887,0.0
6888,0.0
6889,0.0
6890,0.0
6891,0.0
6892,0.0
6893,0.0
6894,0.0
6895,0.012
6896,0.068
6897,0.16
6898,0.269
6899,0.356
6900,0.378
6901,0.342
6902,0.264
6903,0.155
6904,0.052
6905,0.0
6906,0.0
6907,0.0
6908,0.0
6909,0.0
6910,0.0
6911,0.0
6912,0.0
6913,0.0
6914,0.0
6915,0.0
6916,0.0
6917,0.0
6918,0.0
6919,0.011
6920,0.067
6921,0.151
6922,0.234
6923,0.298
6924,0.34
6925,0.344
6926,0.297
6927,0.207
6928,0.091
6929,0.001
6930,0.0
6931,0.0
6932,0.0
6933,0.0
6934,0.0
6935,0.0
6936,0.0
6937,0.0
6938,0.0
6939,0.0
6940,0.0
6941,0.0
6942,0.0
6943,0.017
6944,0.087
6945,0.192
6946,0.293
6947,0.346
6948,0.321
6949,0.253
6950,0.182
6951,0.108
6952,0.041
6953,0.0
6954,0.0
6955,0.0
6956,0.0
6957,0.0
6958,0.0
6959,0.0
6960,0.0
6961,0.0
6962,0.0
6963,0.0
6964,0.0
6965,0.0
6966,0.0
6967,0.01
6968,0.064
6969,0.141
6970,0.202
6971,0.227
6972,0.219
6973,0.182
6974,0.129
6975,0.072
6976,0.022
6977,0.0
6978,0.0
6979,0.0
6980,0.0
6981,0.0
6982,0.0
6983,0.0
6984,0.0
6985,0.0
6986,0.0
6987,0.0
6988,0.0
6989,0.0
6990,0.0
6991,0.012
6992,0.074
6993,0.149
6994,0.217
6995,0.286
6996,0.317
6997,0.299
6998,0.234
6999,0.143
7000,0.052
7001,0.0
7002,0.0
7003,0.0
7004,0.0
7005,0.0
7006,0.0
7007,0.0
7008,0.0
7009,0.0
7010,0.0
7011,0.0
7012,0.0
7013,0.0
7014,0.0
7015,0.012
7016,0.091
7017,0.197
7018,0.282
7019,0.33
7020,0.324
7021,0.299
7022,0.227
7023,0.133
7024,0.042
7025,0.0
7026,0.0
7027,0.0
7028,0.0
7029,0.0
7030,0.0
7031,0.0
7032,0.0
7033,0.0
7034,0.0
7035,0.0
7036,0.0
7037,0.0
7038,0.0
7039,0.01
7040,0.079
7041,0.163
7042,0.266
7043,0.352
7044,0.371
7045,0.328
7046,0.257
7047,0.142
7048,0.038
7049,0.0
7050,0.0
7051,0.0
7052,0.0
7053,0.0
7054,0.0
7055,0.0
7056,0.0
7057,0.0
7058,0.0
7059,0.0
7060,0.0
7061,0.0
7062,0.0
7063,0.01
7064,0.058
7065,0.14
7066,0.226
7067,0.274
7068,0.282
7069,0.261
7070,0.216
7071,0.134
7072,0.046
7073,0.0
7074,0.0
7075,0.0
7076,0.0
7077,0.0
7078,0.0
7079,0.0
7080,0.0
7081,0.0
7082,0.0
7083,0.0
7084,0.0
7085,0.0
7086,0.0
7087,0.006
7088,0.05
7089,0.111
7090,0.179
7091,0.237
7092,0.254
7093,0.222
7094,0.155
7095,0.079
7096,0.016
7097,0.0
7098,0.0
7099,0.0
7100,0.0
7101,0.0
7102,0.0
7103,0.0
7104,0.0
7105,0.0
7106,0.0
7107,0.0
7108,0.0
7109,0.0
7110,0.0
7111,0.002
7112,0.034
7113,0.083
7114,0.128
7115,0.182
7116,0.204
7117,0.174
7118,0.142
7119,0.098
7120,0.031
7121,0.0
7122,0.0
7123,0.0
7124,0.0
7125,0.0
7126,0.0
7127,0.0
7128,0.0
7129,0.0
7130,0.0
7131,0.0
7132,0.0
7133,0.0
7134,0.0
7135,0.004
7136,0.051
7137,0.122
7138,0.157
7139,0.158
7140,0.142
7141,0.119
7142,0.084
7143,0.045
7144,0.01
7145,0.0
7146,0.0
7147,0.0
7148,0.0
7149,0.0
7150,0.0
7151,0.0
7152,0.0
7153,0.0
7154,0.0
7155,0.0
7156,0.0
7157,0.0
7158,0.0
7159,0.003
7160,0.041
7161,0.108
7162,0.171
7163,0.206
7164,0.214
7165,0.182
7166,0.126
7167,0.068
7168,0.017
7169,0.0
7170,0.0
7171,0.0
7172,0.0
7173,0.0
7174,0.0
7175,0.0
7176,0.0
7177,0.0
7178,0.0
7179,0.0
7180,0.0
7181,0.0
7182,0.0
7183,0.01
7184,0.11
7185,0.259
7186,0.364
7187,0.422
7188,0.428
7189,0.386
7190,0.3
7191,0.169
7192,0.048
7193,0.0
7194,0.0
7195,0.0
7196,0.0
7197,0.0
7198,0.0
7199,0.0
7200,0.0
7201,0.0
7202,0.0
7203,0.0
7204,0.0
7205,0.0
7206,0.0
7207,0.003
7208,0.058
7209,0.154
7210,0.261
7211,0.337
7212,0.348
7213,0.311
7214,0.231
7215,0.13
7216,0.034
7217,0.0
7218,0.0
7219,0.0
7220,0.0
7221,0.0
7222,0.0
7223,0.0
7224,0.0
7225,0.0
7226,0.0
7227,0.0
7228,0.0
7229,0.0
7230,0.0
7231,0.005
7232,0.068
7233,0.179
7234,0.275
7235,0.354
7236,0.379
7237,0.347
7238,0.253
7239,0.134
7240,0.03
7241,0.0
7242,0.0
7243,0.0
7244,0.0
7245,0.0
7246,0.0
7247,0.0
7248,0.0
7249,0.0
7250,0.0
7251,0.0
7252,0.0
7253,0.0
7254,0.0
7255,0.006
7256,0.071
7257,0.177
7258,0.28
7259,0.345
7260,0.36
7261,0.315
7262,0.226
7263,0.113
7264,0.021
7265,0.0
7266,0.0
7267,0.0
7268,0.0
7269,0.0
7270,0.0
7271,0.0
7272,0.0
7273,0.0
7274,0.0
7275,0.0
7276,0.0
7277,0.0
7278,0.0
7279,0.004
7280,0.07
7281,0.191
7282,0.296
7283,0.347
7284,0.337
7285,0.282
7286,0.192
7287,0.087
7288,0.009
7289,0.0
7290,0.0
7291,0.0
7292,0.0
7293,0.0
7294,0.0
7295,0.0
7296,0.0
7297,0.0
7298,0.0
7299,0.0
7300,0.0
7301,0.0
7302,0.0
7303,0.0
7304,0.007
7305,0.025
7306,0.05
7307,0.071
7308,0.082
7309,0.074
7310,0.055
7311,0.027
7312,0.003
7313,0.0
7314,0.0
7315,0.0
7316,0.0
7317,0.0
7318,0.0
7319,0.0
7320,0.0
7321,0.0
7322,0.0
7323,0.0
7324,0.0
7325,0.0
7326,0.0
7327,0.001
7328,0.026
7329,0.061
7330,0.089
7331,0.114
7332,0.129
7333,0.117
7334,0.085
7335,0.038
7336,0.003
7337,0.0
7338,0.0
7339,0.0
7340,0.0
7341,0.0
7342,0.0
7343,0.0
7344,0.0
7345,0.0
7346,0.0
7347,0.0
7348,0.0
7349,0.0
7350,0.0
7351,0.001
7352,0.029
7353,0.094
7354,0.166
7355,0.208
7356,0.231
7357,0.207
7358,0.141
7359,0.059
7360,0.006
7361,0.0
7362,0.0
7363,0.0
7364,0.0
7365,0.0
7366,0.0
7367,0.0
7368,0.0
7369,0.0
7370,0.0
7371,0.0
7372,0.0
7373,0.0
7374,0.0
7375,0.0
7376,0.02
7377,0.066
7378,0.114
7379,0.153
7380,0.164
7381,0.14
7382,0.096
7383,0.047
7384,0.004
7385,0.0
7386,0.0
7387,0.0
7388,0.0
7389,0.0
7390,0.0
7391,0.0
7392,0.0
7393,0.0
7394,0.0
7395,0.0
7396,0.0
7397,0.0
7398,0.0
7399,0.0
7400,0.029
7401,0.104
7402,0.174
7403,0.227
7404,0.234
7405,0.188
7406,0.129
7407,0.059
7408,0.005
7409,0.0
7410,0.0
7411,0.0
7412,0.0
7413,0.0
7414,0.0
7415,0.0
7416,0.0
7417,0.0
7418,0.0
7419,0.0
7420,0.0
7421,0.0
7422,0.0
7423,0.001
7424,0.015
7425,0.048
7426,0.083
7427,0.112
7428,0.108
7429,0.083
7430,0.056
7431,0.025
7432,0.002
7433,0.0
7434,0.0
7435,0.0
7436,0.0
7437,0.0
7438,0.0
7439,0.0
7440,0.0
7441,0.0
7442,0.0
7443,0.0
7444,0.0
7445,0.0
7446,0.0
7447,0.0
7448,0.014
7449,0.052
7450,0.096
7451,0.129
7452,0.141
7453,0.127
7454,0.094
7455,0.038
7456,0.002
7457,0.0
7458,0.0
7459,0.0
7460,0.0
7461,0.0
7462,0.0
7463,0.0
7464,0.0
7465,0.0
7466,0.0
7467,0.0
7468,0.0
7469,0.0
7470,0.0
7471,0.0
7472,0.032
7473,0.125
7474,0.22
7475,0.286
7476,0.308
7477,0.281
7478,0.204
7479,0.106
7480,0.011
7481,0.0
7482,0.0
7483,0.0
7484,0.0
7485,0.0
7486,0.0
7487,0.0
7488,0.0
7489,0.0
7490,0.0
7491,0.0
7492,0.0
7493,0.0
7494,0.0
7495,0.0
7496,0.016
7497,0.059
7498,0.105
7499,0.136
7500,0.138
7501,0.109
7502,0.065
7503,0.024
7504,0.0
7505,0.0
7506,0.0
7507,0.0
7508,0.0
7509,0.0
7510,0.0
7511,0.0
7512,0.0
7513,0.0
7514,0.0
7515,0.0
7516,0.0
7517,0.0
7518,0.0
7519,0.0
7520,0.05
7521,0.174
7522,0.302
7523,0.367
7524,0.363
7525,0.306
7526,0.197
7527,0.063
7528,0.001
7529,0.0
7530,0.0
7531,0.0
7532,0.0
7533,0.0
7534,0.0
7535,0.0
7536,0.0
7537,0.0
7538,0.0
7539,0.0
7540,0.0
7541,0.0
7542,0.0
7543,0.0
7544,0.013
7545,0.055
7546,0.1
7547,0.128
7548,0.141
7549,0.129
7550,0.093
7551,0.038
7552,0.001
7553,0.0
7554,0.0
7555,0.0
7556,0.0
7557,0.0
7558,0.0
7559,0.0
7560,0.0
7561,0.0
7562,0.0
7563,0.0
7564,0.0
7565,0.0
7566,0.0
7567,0.0
7568,0.016
7569,0.067
7570,0.106
7571,0.12
7572,0.116
7573,0.092
7574,0.057
7575,0.023
7576,0.001
7577,0.0
7578,0.0
7579,0.0
7580,0.0
7581,0.0
7582,0.0
7583,0.0
7584,0.0
7585,0.0
7586,0.0
7587,0.0
7588,0.0
7589,0.0
7590,0.0
7591,0.0
7592,0.011
7593,0.054
7594,0.103
7595,0.147
7596,0.165
7597,0.144
7598,0.091
7599,0.031
7600,0.0
7601,0.0
7602,0.0
7603,0.0
7604,0.0
7605,0.0
7606,0.0
7607,0.0
7608,0.0
7609,0.0
7610,0.0
7611,0.0
7612,0.0
7613,0.0
7614,0.0
7615,0.0
7616,0.009
7617,0.052
7618,0.102
7619,0.138
7620,0.146
7621,0.121
7622,0.076
7623,0.028
7624,0.0
7625,0.0
7626,0.0
7627,0.0
7628,0.0
7629,0.0
7630,0.0
7631,0.0
7632,0.0
7633,0.0
7634,0.0
7635,0.0
7636,0.0
7637,0.0
7638,0.0
7639,0.0
7640,0.009
7641,0.058
7642,0.115
7643,0.151
7644,0.172
7645,0.164
7646,0.118
7647,0.049
7648,0.001
7649,0.0
7650,0.0
7651,0.0
7652,0.0
7653,0.0
7654,0.0
7655,0.0
7656,0.0
7657,0.0
7658,0.0
7659,0.0
7660,0.0
7661,0.0
7662,0.0
7663,0.0
7664,0.013
7665,0.055
7666,0.104
7667,0.133
7668,0.133
7669,0.109
7670,0.061
7671,0.018
7672,0.0
7673,0.0
7674,0.0
7675,0.0
7676,0.0
7677,0.0
7678,0.0
7679,0.0
7680,0.0
7681,0.0
7682,0.0
7683,0.0
7684,0.0
7685,0.0
7686,0.0
7687,0.0
7688,0.005
7689,0.035
7690,0.082
7691,0.119
7692,0.134
7693,0.121
7694,0.086
7695,0.034
7696,0.001
7697,0.0
7698,0.0
7699,0.0
7700,0.0
7701,0.0
7702,0.0
7703,0.0
7704,0.0
7705,0.0
7706,0.0
7707,0.0
7708,0.0
7709,0.0
7710,0.0
7711,0.0
7712,0.019
7713,0.113
7714,0.224
7715,0.311
7716,0.345
7717,0.322
7718,0.232
7719,0.098
7720,0.001
7721,0.0
7722,0.0
7723,0.0
7724,0.0
7725,0.0
7726,0.0
7727,0.0
7728,0.0
7729,0.0
7730,0.0
7731,0.0
7732,0.0
7733,0.0
7734,0.0
7735,0.0
7736,0.009
7737,0.047
7738,0.095
7739,0.121
7740,0.118
7741,0.093
7742,0.058
7743,0.019
7744,0.0
7745,0.0
7746,0.0
7747,0.0
7748,0.0
7749,0.0
7750,0.0
7751,0.0
7752,0.0
7753,0.0
7754,0.0
7755,0.0
7756,0.0
7757,0.0
7758,0.0
7759,0.0
7760,0.007
7761,0.036
7762,0.077
7763,0.11
7764,0.12
7765,0.102
7766,0.064
7767,0.022
7768,0.0
7769,0.0
7770,0.0
7771,0.0
7772,0.0
7773,0.0
7774,0.0
7775,0.0
7776,0.0
7777,0.0
7778,0.0
7779,0.0
7780,0.0
7781,0.0
7782,0.0
7783,0.0
7784,0.007
7785,0.043
7786,0.083
7787,0.104
7788,0.099
7789,0.071
7790,0.037
7791,0.008
7792,0.0
7793,0.0
7794,0.0
7795,0.0
7796,0.0
7797,0.0
7798,0.0
7799,0.0
7800,0.0
7801,0.0
7802,0.0
7803,0.0
7804,0.0
7805,0.0
7806,0.0
7807,0.0
7808,0.003
7809,0.028
7810,0.064
7811,0.085
7812,0.089
7813,0.071
7814,0.041
7815,0.009
7816,0.0
7817,0.0
7818,0.0
7819,0.0
7820,0.0
7821,0.0
7822,0.0
7823,0.0
7824,0.0
7825,0.0
7826,0.0
7827,0.0
7828,0.0
7829,0.0
7830,0.0
7831,0.0
7832,0.0
7833,0.01
7834,0.026
7835,0.039
7836,0.042
7837,0.033
7838,0.019
7839,0.004
7840,0.0
7841,0.0
7842,0.0
7843,0.0
7844,0.0
7845,0.0
7846,0.0
7847,0.0
7848,0.0
7849,0.0
7850,0.0
7851,0.0
7852,0.0
7853,0.0
7854,0.0
7855,0.0
7856,0.002
7857,0.022
7858,0.051
7859,0.075
7860,0.08
7861,0.064
7862,0.035
7863,0.007
7864,0.0
7865,0.0
7866,0.0
7867,0.0
7868,0.0
7869,0.0
7870,0.0
7871,0.0
7872,0.0
7873,0.0
7874,0.0
7875,0.0
7876,0.0
7877,0.0
7878,0.0
7879,0.0
7880,0.001
7881,0.013
7882,0.034
7883,0.052
7884,0.055
7885,0.044
7886,0.027
7887,0.006
7888,0.0
7889,0.0
7890,0.0
7891,0.0
7892,0.0
7893,0.0
7894,0.0
7895,0.0
7896,0.0
7897,0.0
7898,0.0
7899,0.0
7900,0.0
7901,0.0
7902,0.0
7903,0.0
7904,0.001
7905,0.012
7906,0.034
7907,0.054
7908,0.068
7909,0.063
7910,0.042
7911,0.013
7912,0.0
7913,0.0
7914,0.0
7915,0.0
7916,0.0
7917,0.0
7918,0.0
7919,0.0
7920,0.0
7921,0.0
7922,0.0
7923,0.0
7924,0.0
7925,0.0
7926,0.0
7927,0.0
7928,0.002
7929,0.018
7930,0.041
7931,0.061
7932,0.068
7933,0.057
7934,0.031
7935,0.008
7936,0.0
7937,0.0
7938,0.0
7939,0.0
7940,0.0
7941,0.0
7942,0.0
7943,0.0
7944,0.0
7945,0.0
7946,0.0
7947,0.0
7948,0.0
7949,0.0
7950,0.0
7951,0.0
7952,0.002
7953,0.035
7954,0.091
7955,0.134
7956,0.151
7957,0.123
7958,0.072
7959,0.017
7960,0.0
7961,0.0
7962,0.0
7963,0.0
7964,0.0
7965,0.0
7966,0.0
7967,0.0
7968,0.0
7969,0.0
7970,0.0
7971,0.0
7972,0.0
7973,0.0
7974,0.0
7975,0.0
7976,0.007
7977,0.067
7978,0.154
7979,0.232
7980,0.268
7981,0.25
7982,0.169
7983,0.055
7984,0.0
7985,0.0
7986,0.0
7987,0.0
7988,0.0
7989,0.0
7990,0.0
7991,0.0
7992,0.0
7993,0.0
7994,0.0
7995,0.0
7996,0.0
7997,0.0
7998,0.0
7999,0.0
8000,0.007
8001,0.072
8002,0.159
8003,0.221
8004,0.244
8005,0.215
8006,0.135
8007,0.035
8008,0.0
8009,0.0
8010,0.0
8011,0.0
8012,0.0
8013,0.0
8014,0.0
8015,0.0
8016,0.0
8017,0.0
8018,0.0
8019,0.0
8020,0.0
8021,0.0
8022,0.0
8023,0.0
8024,0.007
8025,0.077
8026,0.186
8027,0.275
8028,0.293
8029,0.258
8030,0.168
8031,0.054
8032,0.0
8033,0.0
8034,0.0
8035,0.0
8036,0.0
8037,0.0
8038,0.0
8039,0.0
8040,0.0
8041,0.0
8042,0.0
8043,0.0
8044,0.0
8045,0.0
8046,0.0
8047,0.0
8048,0.007
8049,0.043
8050,0.081
8051,0.108
8052,0.127
8053,0.118
8054,0.072
8055,0.02
8056,0.0
8057,0.0
8058,0.0
8059,0.0
8060,0.0
8061,0.0
8062,0.0
8063,0.0
8064,0.0
8065,0.0
8066,0.0
8067,0.0
8068,0.0
8069,0.0
8070,0.0
8071,0.0
8072,0.003
8073,0.037
8074,0.103
8075,0.178
8076,0.216
8077,0.2
8078,0.13
8079,0.038
8080,0.0
8081,0.0
8082,0.0
8083,0.0
8084,0.0
8085,0.0
8086,0.0
8087,0.0
8088,0.0
8089,0.0
8090,0.0
8091,0.0
8092,0.0
8093,0.0
8094,0.0
8095,0.0
8096,0.006
8097,0.038
8098,0.08
8099,0.115
8100,0.14
8101,0.139
8102,0.092
8103,0.023
8104,0.0
8105,0.0
8106,0.0
8107,0.0
8108,0.0
8109,0.0
8110,0.0
8111,0.0
8112,0.0
8113,0.0
8114,0.0
8115,0.0
8116,0.0
8117,0.0
8118,0.0
8119,0.0
8120,0.001
8121,0.016
8122,0.037
8123,0.048
8124,0.048
8125,0.036
8126,0.018
8127,0.003
8128,0.0
8129,0.0
8130,0.0
8131,0.0
8132,0.0
8133,0.0
8134,0.0
8135,0.0
8136,0.0
8137,0.0
8138,0.0
8139,0.0
8140,0.0
8141,0.0
8142,0.0
8143,0.0
8144,0.0
8145,0.016
8146,0.044
8147,0.084
8148,0.101
8149,0.089
8150,0.047
8151,0.008
8152,0.0
8153,0.0
8154,0.0
8155,0.0
8156,0.0
8157,0.0
8158,0.0
8159,0.0
8160,0.0
8161,0.0
8162,0.0
8163,0.0
8164,0.0
8165,0.0
8166,0.0
8167,0.0
8168,0.004
8169,0.039
8170,0.091
8171,0.135
8172,0.143
8173,0.112
8174,0.054
8175,0.009
8176,0.0
8177,0.0
8178,0.0
8179,0.0
8180,0.0
8181,0.0
8182,0.0
8183,0.0
8184,0.0
8185,0.0
8186,0.0
8187,0.0
8188,0.0
8189,0.0
8190,0.0
8191,0.0
8192,0.009
8193,0.053
8194,0.092
8195,0.103
8196,0.093
8197,0.061
8198,0.028
8199,0.003
8200,0.0
8201,0.0
8202,0.0
8203,0.0
8204,0.0
8205,0.0
8206,0.0
8207,0.0
8208,0.0
8209,0.0
8210,0.0
8211,0.0
8212,0.0
8213,0.0
8214,0.0
8215,0.0
8216,0.007
8217,0.083
8218,0.197
8219,0.268
8220,0.28
8221,0.24
8222,0.144
8223,0.031
8224,0.0
8225,0.0
8226,0.0
8227,0.0
8228,0.0
8229,0.0
8230,0.0
8231,0.0
8232,0.0
8233,0.0
8234,0.0
8235,0.0
8236,0.0
8237,0.0
8238,0.0
8239,0.0
8240,0.0
8241,0.006
8242,0.014
8243,0.017
8244,0.014
8245,0.01
8246,0.004
8247,0.0
8248,0.0
8249,0.0
8250,0.0
8251,0.0
8252,0.0
8253,0.0
8254,0.0
8255,0.0
8256,0.0
8257,0.0
8258,0.0
8259,0.0
8260,0.0
8261,0.0
8262,0.0
8263,0.0
8264,0.001
8265,0.018
8266,0.051
8267,0.072
8268,0.076
8269,0.06
8270,0.03
8271,0.003
8272,0.0
8273,0.0
8274,0.0
8275,0.0
8276,0.0
8277,0.0
8278,0.0
8279,0.0
8280,0.0
8281,0.0
8282,0.0
8283,0.0
8284,0.0
8285,0.0
8286,0.0
8287,0.0
8288,0.0
8289,0.008
8290,0.025
8291,0.036
8292,0.039
8293,0.031
8294,0.017
8295,0.002
8296,0.0
8297,0.0
8298,0.0
8299,0.0
8300,0.0
8301,0.0
8302,0.0
8303,0.0
8304,0.0
8305,0.0
8306,0.0
8307,0.0
8308,0.0
8309,0.0
8310,0.0
8311,0.0
8312,0.002
8313,0.034
8314,0.081
8315,0.115
8316,0.124
8317,0.098
8318,0.051
8319,0.008
8320,0.0
8321,0.0
8322,0.0
8323,0.0
8324,0.0
8325,0.0
8326,0.0
8327,0.0
8328,0.0
8329,0.0
8330,0.0
8331,0.0
8332,0.0
8333,0.0
8334,0.0
8335,0.0
8336,0.004
8337,0.045
8338,0.094
8339,0.123
8340,0.121
8341,0.096
8342,0.061
8343,0.013
8344,0.0
8345,0.0
8346,0.0
8347,0.0
8348,0.0
8349,0.0
8350,0.0
8351,0.0
8352,0.0
8353,0.0
8354,0.0
8355,0.0
8356,0.0
8357,0.0
8358,0.0
8359,0.0
8360,0.002
8361,0.031
8362,0.078
8363,0.113
8364,0.125
8365,0.099
8366,0.048
8367,0.004
8368,0.0
8369,0.0
8370,0.0
8371,0.0
8372,0.0
8373,0.0
8374,0.0
8375,0.0
8376,0.0
8377,0.0
8378,0.0
8379,0.0
8380,0.0
8381,0.0
8382,0.0
8383,0.0
8384,0.0
8385,0.022
8386,0.068
8387,0.105
8388,0.113
8389,0.086
8390,0.041
8391,0.004
8392,0.0
8393,0.0
8394,0.0
8395,0.0
8396,0.0
8397,0.0
8398,0.0
8399,0.0
8400,0.0
8401,0.0
8402,0.0
8403,0.0
8404,0.0
8405,0.0
8406,0.0
8407,0.0
8408,0.0
8409,0.01
8410,0.041
8411,0.068
8412,0.078
8413,0.07
8414,0.039
8415,0.006
8416,0.0
8417,0.0
8418,0.0
8419,0.0
8420,0.0
8421,0.0
8422,0.0
8423,0.0
8424,0.0
8425,0.0
8426,0.0
8427,0.0
8428,0.0
8429,0.0
8430,0.0
8431,0.0
8432,0.001
8433,0.022
8434,0.063
8435,0.083
8436,0.078
8437,0.054
8438,0.021
8439,0.001
8440,0.0
8441,0.0
8442,0.0
8443,0.0
8444,0.0
8445,0.0
8446,0.0
8447,0.0
8448,0.0
8449,0.0
8450,0.0
8451,0.0
8452,0.0
8453,0.0
8454,0.0
8455,0.0
8456,0.0
8457,0.014
8458,0.045
8459,0.066
8460,0.062
8461,0.043
8462,0.018
8463,0.001
8464,0.0
8465,0.0
8466,0.0
8467,0.0
8468,0.0
8469,0.0
8470,0.0
8471,0.0
8472,0.0
8473,0.0
8474,0.0
8475,0.0
8476,0.0
8477,0.0
8478,0.0
8479,0.0
8480,0.0
8481,0.01
8482,0.033
8483,0.048
8484,0.043
8485,0.032
8486,0.017
8487,0.002
8488,0.0
8489,0.0
8490,0.0
8491,0.0
8492,0.0
8493,0.0
8494,0.0
8495,0.0
8496,0.0
8497,0.0
8498,0.0
8499,0.0
8500,0.0
8501,0.0
8502,0.0
8503,0.0
8504,0.001
8505,0.018
8506,0.049
8507,0.075
8508,0.075
8509,0.051
8510,0.02
8511,0.001
8512,0.0
8513,0.0
8514,0.0
8515,0.0
8516,0.0
8517,0.0
8518,0.0
8519,0.0
8520,0.0
8521,0.0
8522,0.0
8523,0.0
8524,0.0
8525,0.0
8526,0.0
8527,0.0
8528,0.0
8529,0.015
8530,0.044
8531,0.075
8532,0.086
8533,0.069
8534,0.034
8535,0.004
8536,0.0
8537,0.0
8538,0.0
8539,0.0
8540,0.0
8541,0.0
8542,0.0
8543,0.0
8544,0.0
8545,0.0
8546,0.0
8547,0.0
8548,0.0
8549,0.0
8550,0.0
8551,0.0
8552,0.003
8553,0.041
8554,0.101
8555,0.143
8556,0.153
8557,0.123
8558,0.061
8559,0.008
8560,0.0
8561,0.0
8562,0.0
8563,0.0
8564,0.0
8565,0.0
8566,0.0
8567,0.0
8568,0.0
8569,0.0
8570,0.0
8571,0.0
8572,0.0
8573,0.0
8574,0.0
8575,0.0
8576,0.002
8577,0.029
8578,0.065
8579,0.088
8580,0.087
8581,0.063
8582,0.03
8583,0.003
8584,0.0
8585,0.0
8586,0.0
8587,0.0
8588,0.0
8589,0.0
8590,0.0
8591,0.0
8592,0.0
8593,0.0
8594,0.0
8595,0.0
8596,0.0
8597,0.0
8598,0.0
8599,0.0
8600,0.002
8601,0.038
8602,0.097
8603,0.148
8604,0.165
8605,0.141
8606,0.08
8607,0.014
8608,0.0
8609,0.0
8610,0.0
8611,0.0
8612,0.0
8613,0.0
8614,0.0
8615,0.0
8616,0.0
8617,0.0
8618,0.0
8619,0.0
8620,0.0
8621,0.0
8622,0.0
8623,0.0
8624,0.0
8625,0.005
8626,0.019
8627,0.036
8628,0.047
8629,0.039
8630,0.021
8631,0.002
8632,0.0
8633,0.0
8634,0.0
8635,0.0
8636,0.0
8637,0.0
8638,0.0
8639,0.0
8640,0.0
8641,0.0
8642,0.0
8643,0.0
8644,0.0
8645,0.0
8646,0.0
8647,0.0
8648,0.0
8649,0.012
8650,0.027
8651,0.037
8652,0.035
8653,0.024
8654,0.012
8655,0.001
8656,0.0
8657,0.0
8658,0.0
8659,0.0
8660,0.0
8661,0.0
8662,0.0
8663,0.0
8664,0.0
8665,0.0
8666,0.0
8667,0.0
8668,0.0
8669,0.0
8670,0.0
8671,0.0
8672,0.0
8673,0.015
8674,0.038
8675,0.055
8676,0.062
8677,0.048
8678,0.024
8679,0.003
8680,0.0
8681,0.0
8682,0.0
8683,0.0
8684,0.0
8685,0.0
8686,0.0
8687,0.0
8688,0.0
8689,0.0
8690,0.0
8691,0.0
8692,0.0
8693,0.0
8694,0.0
8695,0.0
8696,0.002
8697,0.026
8698,0.06
8699,0.101
8700,0.134
8701,0.128
8702,0.075
8703,0.012
8704,0.0
8705,0.0
8706,0.0
8707,0.0
8708,0.0
8709,0.0
8710,0.0
8711,0.0
8712,0.0
8713,0.0
8714,0.0
8715,0.0
8716,0.0
8717,0.0
8718,0.0
8719,0.0
8720,0.001
8721,0.018
8722,0.059
8723,0.113
8724,0.15
8725,0.135
8726,0.076
8727,0.012
8728,0.0
8729,0.0
8730,0.0
8731,0.0
8732,0.0
8733,0.0
8734,0.0
8735,0.0
8736,0.0
8737,0.0
8738,0.0
8739,0.0
8740,0.0
8741,0.0
8742,0.0
8743,0.0
8744,0.0
8745,0.047
8746,0.12
8747,0.17
8748,0.18
8749,0.144
8750,0.07
8751,0.006
8752,0.0
8753,0.0
8754,0.0
8755,0.0
8756,0.0
8757,0.0
8758,0.0
8759,0.0
