Heure,Production_Elec
0,110.12351844459829
1,111.31404296832368
2,115.48087880136254
3,118.15955897974466
4,115.48087880136254
5,111.01641183739233
6,104.76615808783404
7,96.73011755268769
8,89.45968721330614
9,104.94732604420965
10,155.25611153351232
11,252.27155988711053
12,235.2796430443506
13,163.8712919733217
14,138.1296981454075
15,128.96401584117672
16,128.87427969327314
17,141.37478719238968
18,131.8505910025866
19,112.80219862298041
20,96.43248642175634
21,81.55092987518901
22,76.78883178028745
23,101.1945845166579
24,129.76717308606717
25,125.89796838395966
26,138.69610701400757
27,146.13688528729125
28,141.37478719238968
29,142.8629428470464
30,143.4582051089091
31,144.94636076356585
32,164.0970049741175
33,196.66799245625296
34,222.31094112737952
35,302.431206781416
36,400.5724748769197
37,372.1127428079084
38,303.92636043136736
39,255.37472368741115
40,230.068864209931
41,224.1162415913041
42,207.44889825914865
43,178.57867855880804
44,160.12554844106455
45,142.8629428470464
46,139.29136927587027
47,145.54162302542855
48,149.7084588584674
49,154.1729258224376
50,151.79187677498683
51,133.33874665724332
52,116.96903445601926
53,111.90930523018636
54,119.0524523725387
55,129.76717308606717
56,136.24335518944233
57,147.26652705637565
58,158.7110065771117
59,169.49743006775464
60,166.890452666487
61,152.489390867795
62,136.61629577164598
63,112.28224581239002
64,100.5993222547952
65,93.75380624337421
66,108.3377316590102
67,118.15955897974466
68,95.24196189803095
69,97.92064207641307
70,133.04111552631198
71,158.93502391733915
72,152.68477016778087
73,106.84957600435347
74,97.92064207641307
75,118.457190110676
76,110.12351844459829
77,60.12148844813204
78,58.03807053161261
79,55.061759222299145
80,73.1258264006393
81,132.48000899243814
82,169.35402451352573
83,247.23304000018248
84,302.38092869622744
85,283.75023729626616
86,255.84991610056025
87,233.62792209806528
88,208.93705391380539
89,180.9597276062588
90,147.32740981101662
91,138.99373814493893
92,129.76717308606717
93,129.4695419551358
94,129.17191082420447
95,132.44585326444928
96,133.33874665724332
97,133.33874665724332
98,131.55295987165525
99,126.7908617767537
100,120.54060802719543
101,114.29035427763714
102,108.04010052807885
103,104.17089582597134
104,123.75366771279926
105,178.10561251226937
106,202.00944580883856
107,236.3070329824895
108,242.53755770069023
109,220.39087314946758
110,156.11676021190695
111,81.60481463453537
112,44.04940737783931
113,44.94230077063335
114,47.02571868715278
115,48.51387434180952
116,47.32334981808413
117,41.965989461319886
118,35.12047344989891
119,28.572588569409284
120,23.215228212645044
121,19.04839237960619
122,15.476818808430028
123,11.607614106322522
124,9.821827320734442
125,12.500507499116562
126,19.346023510537538
127,25.893908391027164
128,73.75524439049082
129,211.1123343448389
130,309.8382600327529
131,359.8188653372932
132,340.435079424609
133,178.36017890632786
134,109.91201678741271
135,120.78626541236984
136,138.39847588307623
137,147.0297786800853
138,151.79187677498683
139,155.95871260802568
140,173.81658046390646
141,192.56734171258134
142,191.97207945071864
143,169.94737576179895
144,147.0297786800853
145,127.38612403861639
146,119.94534576533273
147,108.63536278994155
148,103.2780024331773
149,116.07614106322522
150,121.1358702890581
151,125.00507499116561
152,137.4930668072403
153,191.48098003339086
154,280.66658717430204
155,413.3708288599887
156,456.63489701070563
157,353.1235375223747
158,273.4657332454245
159,260.4111172077287
160,261.0225018267911
161,255.96277260095817
162,245.24805188742968
163,230.36649534086237
164,210.12757843753076
165,187.8052436176798
166,156.85160600081971
167,138.99373814493893
168,130.36243534792987
169,113.09982975391175
170,111.90930523018636
171,111.31404296832368
172,106.55194487342212
173,101.1945845166579
174,113.69509201577445
175,134.52927118096872
176,164.98268501859593
177,222.54026080233314
178,257.71631467214684
179,281.1180131758937
180,289.9357862640046
181,288.0549609957867
182,291.86858527797943
183,284.3686199106231
184,284.8329923012988
185,283.3448366466421
186,284.2377300394361
187,280.9637875991913
188,270.5466980165942
189,256.8556659937522
190,251.20067450605663
191,246.73620754208642
192,241.97410944718487
193,234.83096230483258
194,223.22334819851005
195,211.31810296125616
196,194.65075962910075
197,158.04213052454512
198,136.3150579665568
199,128.57664856234177
200,104.93650602173616
201,115.00759740180284
202,163.24548065762798
203,185.40468089189253
204,178.2184690126673
205,160.69047700211726
206,122.67791070306123
207,82.87595094425926
208,61.60964410278877
209,50.00202999646625
210,44.94230077063335
211,41.07309606852585
212,37.20389136641834
213,35.7157357117616
214,36.310997973624296
215,32.441793271516794
216,25.001014998233124
217,16.964974463086765
218,8.03604053514636
219,2.381049047450774
220,0.8928933927940401
221,2.083417916519427
222,6.250253749558281
223,13.393400891910602
224,21.746801589345843
225,40.37388631514928
226,51.818365835885345
227,54.08825404350659
228,52.09626793545915
229,50.028972376139436
230,45.26326760708007
231,38.11651379056991
232,39.28730928293777
233,43.15651398504527
234,49.406767734603555
235,57.44280826974992
236,61.907275233720114
237,63.39543088837685
238,61.907275233720114
239,58.33570166254396
240,56.549914876955874
241,51.49018565112298
242,47.918612079946826
243,43.751776246907966
244,39.58494041386911
245,36.01336684269295
246,36.60862910455565
247,38.692047021075076
248,43.493603178691686
249,55.648112475277784
250,65.99710595491828
251,68.84613406720253
252,64.90161991382271
253,54.18329252613641
254,38.19903659015786
255,22.08389078299225
256,12.500507499116562
257,11.309982975391176
258,11.309982975391176
259,10.119458451665789
260,9.226565058871747
261,9.821827320734442
262,13.988663153773295
263,16.36971220122407
264,15.476818808430028
265,10.71472071352848
266,10.417089582597136
267,14.881556546567337
268,16.964974463086765
269,15.179187677498682
270,13.988663153773295
271,13.095769760979255
272,19.889312026643296
273,36.52801731855713
274,54.2263572630093
275,69.09539812653476
276,80.89308919811693
277,77.04000685320914
278,56.51236782783025
279,34.10390353423347
280,30.65600648592871
281,41.66835833038854
282,51.78781678205433
283,61.31201297185742
284,65.18121767396494
285,60.41911957906339
286,54.1688658295051
287,53.57360356764241
288,55.35939035323049
289,55.65702148416184
290,55.95465261509318
291,55.95465261509318
292,50.59729225832895
293,39.58494041386911
294,32.441793271516794
295,28.274957438477937
296,40.5764789634508
297,90.72743220189325
298,219.44600601091662
299,317.89042292509896
300,364.95390401439835
301,331.14041826278066
302,251.17607384601496
303,137.3946370034737
304,74.89188415486984
305,100.30169112386385
306,111.61167409925503
307,110.71878070646098
308,105.06378921876538
309,101.1945845166579
310,96.13485529082499
311,89.8846015412667
312,81.55092987518901
313,70.83620916166052
314,57.14517713881857
315,46.43045642529009
316,37.20389136641834
317,30.65600648592871
318,28.274957438477937
319,30.358375354997364
320,61.88224386763636
321,166.11614881485917
322,271.5047268972501
323,364.62763484322545
324,368.64745844787757
325,329.2148325971214
326,248.46875562739126
327,127.02061215774945
328,34.656101059223275
329,41.07309606852585
330,45.835194163427396
331,47.02571868715278
332,38.98967815200642
333,25.001014998233124
334,16.07208107029272
335,10.417089582597136
336,6.547884880489628
337,2.976311309313467
338,1.190524523725387
339,0.5952622618626935
340,0.5952622618626935
341,0.8928933927940401
342,1.7857867855880802
343,2.67868017838212
344,16.2818870669099
345,43.61919071515251
346,84.33737957226386
347,110.00005727474793
348,113.05167803533368
349,103.80177727094657
350,72.127289855763
351,31.40910099865165
352,10.71472071352848
353,13.095769760979255
354,18.155498986812148
355,26.489170652889857
356,34.22758005710487
357,42.56125172318258
358,50.2996611273976
359,53.57360356764241
360,54.1688658295051
361,55.95465261509318
362,56.549914876955874
363,57.14517713881857
364,60.71675070999473
365,61.31201297185742
366,61.907275233720114
367,65.18121767396494
368,72.06619174810096
369,83.62543878282439
370,92.57770841628013
371,92.07387796288944
372,102.63797977387334
373,102.7849920022601
374,100.01127334124817
375,104.04361262894213
376,109.52825618273559
377,111.61167409925503
378,103.87326469503999
379,98.51590433827577
380,88.09881475567862
381,76.78883178028745
382,66.37174219769032
383,55.95465261509318
384,46.43045642529009
385,38.692047021075076
386,33.03705553337949
387,28.572588569409284
388,25.298646129164474
389,23.51285934357639
390,24.703383867301778
391,24.40575273637043
392,31.627816004152876
393,58.782256035451496
394,93.63925408240789
395,134.84154436155242
396,146.11928262254418
397,128.55183254927908
398,91.20262461504237
399,34.29398049949312
400,10.71472071352848
401,11.607614106322522
402,13.393400891910602
403,17.560236724949455
404,24.108121605439084
405,33.63231779524218
406,41.965989461319886
407,41.3707271994572
408,36.01336684269295
409,35.12047344989891
410,32.73942440244814
411,32.14416214058544
412,34.82284231896757
413,38.692047021075076
414,44.34703850877066
415,48.21624321087817
416,62.89881378330181
417,110.03760432387355
418,143.42617574753075
419,177.16795872203406
420,170.5250353589146
421,116.40983893573485
422,65.85009372653153
423,31.107863193562473
424,15.774449939361375
425,16.07208107029272
426,14.58392541563599
427,10.417089582597136
428,6.547884880489628
429,5.952622618626934
430,10.119458451665789
431,17.8578678558808
432,28.572588569409284
433,42.56125172318258
434,56.847546007887225
435,63.0977997574455
436,58.930963924406655
437,55.95465261509318
438,60.41911957906339
439,64.88358654303359
440,72.62920929556425
441,77.21565712183747
442,99.27090986458813
443,160.86634262376663
444,167.84274850637468
445,93.73598822560612
446,73.18501349471188
447,74.83630373495508
448,73.81252047097398
449,67.26463559048436
450,60.41911957906339
451,65.77647993582762
452,81.84856100612035
453,94.34906850523691
454,118.457190110676
455,121.1358702890581
456,112.80219862298041
457,102.38510904038326
458,101.1945845166579
459,101.1945845166579
460,86.0153968391592
461,65.47884880489627
462,57.74043940068127
463,64.88358654303359
464,113.17705021877347
465,178.72781715380526
466,264.42246250953883
467,357.8160592067723
468,371.066054544454
469,339.22482586952606
470,243.19730939135178
471,150.499315773337
472,120.07623563651978
473,133.33874665724332
474,127.98138630047909
475,114.29035427763714
476,105.65905148062808
477,103.57563356410866
478,101.78984677852058
479,98.21827320734442
480,90.77749493406074
481,83.03908552984574
482,79.76514308960093
483,77.6817251730815
484,76.78883178028745
485,79.76514308960093
486,83.63434779170844
487,79.76514308960093
488,163.10568177755687
489,254.92160202525105
490,336.5605723877753
491,385.8706059791806
492,380.16003407157024
493,336.6520041962473
494,263.0885324315845
495,142.8506425170256
496,52.962218948580016
497,52.978341305779715
498,52.38307904391702
499,47.02571868715278
500,41.66835833038854
501,36.60862910455565
502,30.06074422406602
503,23.215228212645044
504,17.8578678558808
505,15.476818808430028
506,15.774449939361375
507,16.964974463086765
508,16.667343332155415
509,16.36971220122407
510,14.58392541563599
511,13.095769760979255
512,64.6829049083215
513,127.92071889885915
514,218.02785747280595
515,277.65103315529456
516,303.44460072896567
517,232.55980914268503
518,174.19886076103623
519,83.67932354217075
520,27.40179307704143
521,25.596277260095814
522,24.108121605439084
523,23.51285934357639
524,24.703383867301778
525,25.893908391027164
526,27.08443291475255
527,28.870219700340634
528,29.465481962203327
529,28.274957438477937
530,27.08443291475255
531,26.19153952195851
532,25.596277260095814
533,26.19153952195851
534,30.358375354997364
535,34.82284231896757
536,61.676044545177014
537,136.85495516152577
538,216.91073138676342
539,298.9423713628488
540,320.9778950742419
541,313.4420783183284
542,257.48190801548805
543,150.54959385852555
544,76.77270942308775
545,94.34906850523691
546,99.40879773106981
547,92.86091285058018
548,80.65803648239496
549,64.28832428117089
550,58.03807053161261
551,51.78781678205433
552,45.2399319015647
553,41.07309606852585
554,35.41810458083026
555,33.92994892617353
556,35.41810458083026
557,36.60862910455565
558,37.79915362828103
559,37.20389136641834
560,77.36266935022422
561,159.2831484864801
562,253.7508065328832
563,339.07972465472875
564,370.7739411012699
565,331.93657751237646
566,256.6231703506828
567,145.0363122644905
568,45.02121689606348
569,52.978341305779715
570,66.37174219769032
571,69.64568463793513
572,63.693062019308194
573,55.061759222299145
574,47.02571868715278
575,36.60862910455565
576,21.131810296125614
577,10.71472071352848
578,7.143147142352321
579,4.762098094901548
580,3.869204702107507
581,3.5715735711761605
582,3.5715735711761605
583,4.166835833038854
584,42.53982703125666
585,118.39291603489822
586,208.20242347791367
587,291.8531089798429
588,328.1426822615412
589,300.3212771912655
590,219.0713697681446
591,90.81356167563902
592,8.373129728792769
593,2.083417916519427
594,1.4881556546567336
595,1.190524523725387
596,0.8928933927940401
597,1.190524523725387
598,1.7857867855880802
599,1.7857867855880802
600,2.083417916519427
601,2.67868017838212
602,2.976311309313467
603,2.083417916519427
604,1.7857867855880802
605,2.67868017838212
606,4.4644669639702
607,5.35736035676424
608,47.93664545073596
609,141.00397297679655
610,231.74583187532107
611,290.2179410967994
612,324.70199856155216
613,304.97582112049525
614,234.87276208717915
615,120.32932172303089
616,13.527897437255486
617,3.273942440244814
618,3.869204702107507
619,5.654991487695588
620,10.71472071352848
621,16.964974463086765
622,21.42944142705696
623,21.727072557988308
624,19.04839237960619
625,15.476818808430028
626,13.393400891910602
627,13.393400891910602
628,14.58392541563599
629,16.667343332155415
630,19.643654641468885
631,22.024703688919654
632,38.45720965837414
633,61.84999915323696
634,79.23097893540024
635,83.26692489725204
636,78.31474983709086
637,71.6879488311711
638,67.04952725914096
639,63.84368092185279
640,81.55092987518901
641,89.58697041033535
642,92.86091285058018
643,98.81353546920711
644,91.67038832685479
645,85.71776570822784
646,83.63434779170844
647,76.4912006493561
648,65.18121767396494
649,52.08544791298567
650,35.12047344989891
651,19.643654641468885
652,12.202876368185215
653,7.4407782732836685
654,5.0597292258328945
655,5.543830647866061
656,60.571649495197406
657,102.3692020362046
658,139.4405078708675
659,179.61901488603093
660,213.54366147747822
661,150.73436848905897
662,76.64733723964797
663,38.34604881854462
664,28.759058860511104
665,32.14416214058544
666,35.41810458083026
667,38.394415890143726
668,39.28730928293777
669,40.775464937594506
670,42.56125172318258
671,44.34703850877066
672,46.43045642529009
673,50.59729225832895
674,57.14517713881857
675,61.60964410278877
676,65.18121767396494
677,71.72910255445456
678,80.65803648239496
679,87.50355249381593
680,94.50329408193933
681,111.49881759885709
682,144.9196337369137
683,186.09498163638506
684,187.2101967088381
685,169.1944966020971
686,160.30141406271392
687,100.70157408574067
688,83.76523766289549
689,91.96801945778614
690,91.07512606499209
691,79.76514308960093
692,65.18121767396494
693,65.18121767396494
694,63.0977997574455
695,62.204906364651464
696,63.0977997574455
697,66.96700445955301
698,65.47884880489627
699,61.01438184092607
700,56.549914876955874
701,51.19255452019163
702,44.64466963970201
703,39.28730928293777
704,55.98520166892419
705,89.97264202860191
706,178.22229103984617
707,236.28560829056357
708,225.6031322914345
709,207.77390247579527
710,151.14316045981985
711,68.643541418901
712,36.62835813591318
713,51.19255452019163
714,57.14517713881857
715,55.061759222299145
716,50.59729225832895
717,66.96700445955301
718,91.37275719592344
719,120.24297689626408
720,152.68477016778087
721,166.67343332155417
722,180.66209647532744
723,189.8886615341992
724,191.0791860579246
725,189.29339927233653
726,171.4355314164557
727,161.7087425783511
728,255.3624233573903
729,346.8573767686378
730,488.7970925220802
731,505.3621840232902
732,534.1840366520316
733,535.8066888520333
734,463.67579232211244
735,320.1509714177941
736,189.22530316937986
737,162.20896635758396
738,155.95871260802568
739,141.97004945425238
740,132.44585326444928
741,132.44585326444928
742,122.92165707464619
743,113.9927231467058
744,118.75482124160735
745,120.24297689626408
746,109.23062505180424
747,89.8846015412667
748,74.70541386376803
749,71.13384029259186
750,73.51488934004264
751,77.97935630401284
752,112.0832598382463
753,212.49632715496074
754,295.0693446335624
755,291.57838284838476
756,353.78520022662565
757,361.20624946855185
758,319.4642773474594
759,220.74917168201887
760,163.66127062368346
761,153.28003242964357
762,139.88663153773294
763,133.04111552631198
764,125.60033725302831
765,116.07614106322522
766,118.15955897974466
767,116.37377219415657
768,114.88561653949984
769,113.09982975391175
770,104.17089582597134
771,92.26565058871748
772,83.93197892263977
773,79.16988082773823
774,77.38409404215015
775,75.5427268366473
776,96.00226975906953
777,167.7279809923873
778,202.47381819951417
779,253.30255649940725
780,293.96877161076173
781,269.96459749683646
782,200.7185804677571
783,81.61563465700885
784,27.532682948228484
785,32.14416214058544
786,37.20389136641834
787,37.20389136641834
788,33.33468666431083
789,29.465481962203327
790,32.73942440244814
791,41.66835833038854
792,47.918612079946826
793,48.81150547274086
794,44.34703850877066
795,38.394415890143726
796,35.41810458083026
797,33.33468666431083
798,35.12047344989891
799,36.60862910455565
800,42.656290205812404
801,54.529290728666865
802,64.65235585449048
803,71.5929103485413
804,75.96594550403948
805,72.74758348370943
806,61.08078228331432
807,40.072648510060105
808,39.8269911248857
809,51.19255452019163
810,57.74043940068127
811,63.39543088837685
812,69.94331576886647
813,72.62199594724859
814,67.56226672141571
815,61.60964410278877
816,60.41911957906339
817,63.0977997574455
818,68.45516011420975
819,77.97935630401284
820,94.34906850523691
821,104.17089582597134
822,118.457190110676
823,133.87842849919124
824,168.545349580888
825,226.942149351094
826,283.64098747002606
827,250.66120801712975
828,249.9386625582378
829,346.3319062703001
830,394.49448007485296
831,278.8663736920827
832,134.726561494544
833,92.26565058871748
834,79.16988082773823
835,76.4912006493561
836,81.25329874425766
837,95.5395930289623
838,108.63536278994155
839,112.80219862298041
840,103.57563356410866
841,83.63434779170844
842,62.50253749558281
843,46.72808755622143
844,38.98967815200642
845,34.22758005710487
846,30.06074422406602
847,28.81463928042587
848,50.60811228080242
849,101.76672642602625
850,181.61630332880458
851,263.6407299565743
852,386.7365569923014
853,381.8560847092548
854,294.96370148148014
855,162.36870962203363
856,125.97688450938979
857,143.75583623984045
858,148.22030320381066
859,143.16057397797778
860,143.75583623984045
861,145.24399189449719
862,161.91133522665262
863,170.840269154593
864,186.91235022488573
865,185.424194570229
866,199.71048885493366
867,208.04416052101135
868,215.484938794295
869,226.49729063875486
870,233.04517551924448
871,236.31911795948932
872,249.71612552555774
873,289.27603457334305
874,293.6096116661262
875,331.29230211985157
876,359.2607194185141
877,363.4831356714677
878,328.83233694697066
879,284.0387440652924
880,270.08232562591854
881,262.5106574814478
882,257.7485593865463
883,254.47461694630144
884,247.9267320658118
885,237.5096424832147
886,223.5209793294414
887,200.90101337865906
888,171.13790028552435
889,135.12453344283142
890,118.457190110676
891,102.08747790945193
892,93.45617511244286
893,81.55092987518901
894,57.14517713881857
895,49.63630276257827
896,162.73465220894266
897,264.30960600914085
898,338.5597718441383
899,370.3059620364364
900,292.8696788955083
901,262.6474957464242
902,209.88956510671412
903,117.27048761412948
904,52.56064032613479
905,51.78781678205433
906,74.40778273283668
907,86.0153968391592
908,86.90829023195323
909,78.57461856587554
910,69.05042237607245
911,58.33570166254396
912,50.89492338926029
913,46.43045642529009
914,45.2399319015647
915,44.94230077063335
916,45.537563032496045
917,45.835194163427396
918,44.34703850877066
919,43.10093356513051
920,51.42208954816634
921,61.604341768062554
922,94.358192867142
923,97.00102165696688
924,90.28278884257514
925,80.02883384556446
926,64.8065814311929
927,42.532613682941
928,18.770490280032373
929,12.500507499116562
930,9.226565058871747
931,5.952622618626934
932,4.166835833038854
933,5.0597292258328945
934,8.03604053514636
935,11.309982975391176
936,12.202876368185215
937,10.119458451665789
938,6.845516011420974
939,5.35736035676424
940,5.35736035676424
941,6.250253749558281
942,6.845516011420974
943,8.817773088110874
944,29.381263502046984
945,59.73433652231813
946,94.88896570020589
947,133.82136777172914
948,184.44030007500507
949,256.162404634165
950,227.26163587999335
951,144.3926829310287
952,29.793662146965683
953,5.654991487695588
954,15.179187677498682
955,30.358375354997364
956,48.21624321087817
957,64.88358654303359
958,75.59830725656207
959,78.57461856587554
960,74.40778273283668
961,69.34805350700378
962,66.66937332862166
963,64.88358654303359
964,55.95465261509318
965,43.751776246907966
966,36.90626023548699
967,31.195688327876642
968,36.94932497235988
969,42.53622035709883
970,51.34147776216783
971,60.53579810664017
972,53.01610370792638
973,46.57216631895062
974,67.44219687270213
975,78.22501368918726
976,82.51913271925534
977,78.57461856587554
978,72.0267336853859
979,69.64568463793513
980,79.16988082773823
981,93.75380624337421
982,103.87326469503999
983,104.76615808783404
984,97.92064207641307
985,84.52724118450246
986,68.45516011420975
987,58.03807053161261
988,50.89492338926029
989,41.965989461319886
990,30.358375354997364
991,51.893675287157635
992,189.86936320888375
993,288.7459077993424
994,352.1110049869092
995,375.8014256127034
996,359.25775880341934
997,294.06741676754933
998,189.2938299783786
999,92.78221207817109
1000,38.1595785274428
1001,31.846531009654097
1002,44.34703850877066
1003,54.1688658295051
1004,59.82385731720069
1005,66.66937332862166
1006,74.70541386376803
1007,79.16988082773823
1008,80.36040535146361
1009,82.44382326798305
1010,89.28933927940402
1011,97.02774868361904
1012,105.36142034969673
1013,106.84957600435347
1014,91.67038832685479
1015,85.40761889425464
1016,201.462550618575
1017,356.8192183224644
1018,422.7912929112989
1019,458.37083641714725
1020,453.21606870868453
1021,414.91838696173903
1022,346.4541024856242
1023,243.54161193331382
1024,121.28840020519215
1025,85.4201345772965
1026,92.86091285058018
1027,102.6827401713146
1028,114.58798540856849
1029,117.86192784881331
1030,110.12351844459829
1031,103.87326469503999
1032,108.63536278994155
1033,117.56429671788196
1034,118.75482124160735
1035,125.60033725302831
1036,124.40981272930293
1037,135.12453344283142
1038,127.98138630047909
1039,152.5180289080366
1040,203.5349331595999
1041,279.5206076949969
1042,298.10462768392745
1043,311.77953734956975
1044,290.37512728859645
1045,286.05406587885517
1046,285.3996165229199
1047,287.2015256657077
1048,278.17394658097965
1049,280.9637875991913
1050,285.7258856940928
1051,288.1069347415436
1052,273.2253781949763
1053,231.8546509955191
1054,210.12757843753076
1055,163.6971220122407
1056,107.7424693971475
1057,100.0040599929325
1058,99.70642886200116
1059,90.4798638031294
1060,83.63434779170844
1061,87.50355249381593
1062,96.43248642175634
1063,110.44087860688715
1064,137.96104587207378
1065,137.28156515005475
1066,155.54292264197022
1067,226.8328995248539
1068,248.4846626315699
1069,217.8948412350084
1070,229.81981550361982
1071,210.00581292824882
1072,178.9982905520424
1073,177.38815403508264
1074,173.2213182020438
1075,169.35211349993628
1076,162.80422861944666
1077,159.23265504827052
1078,151.79187677498683
1079,138.39847588307623
1080,122.32639481278349
1081,108.3377316590102
1082,97.92064207641307
1083,86.90829023195323
1084,77.38409404215015
1085,71.72910255445456
1086,74.11015160190533
1087,83.52318695187891
1088,112.86499239121082
1089,148.2975236686724
1090,209.4213706888596
1091,258.069741576014
1092,306.99962123690005
1093,335.2979143808933
1094,233.7337806031686
1095,209.01957671339335
1096,204.36142611000568
1097,210.72284069939346
1098,213.69915200870693
1099,207.44889825914865
1100,199.71048885493366
1101,196.43654641468885
1102,194.3531284981694
1103,214.29441427056963
1104,218.46125010360848
1105,214.88967653243233
1106,225.90202837689216
1107,220.84229915105925
1108,208.04416052101135
1109,214.88967653243233
1110,216.6754633180204
1111,212.90129709854273
1112,231.2738154302877
1113,254.555444085321
1114,281.4606200572874
1115,319.79054651863225
1116,299.96933059494563
1117,296.0767901873228
1118,345.59302310118744
1119,314.49406891650904
1120,262.18078163611705
1121,251.79593676791933
1122,251.79593676791933
1123,250.60541224419393
1124,248.5219943276745
1125,248.81962545860586
1126,246.73620754208642
1127,241.97410944718487
1128,234.23570004296988
1129,232.15228212645044
1130,231.8546509955191
1131,225.90202837689216
1132,206.5560048663546
1133,190.78155492699324
1134,173.81658046390646
1135,161.22824783047577
1136,182.9733537592532
1137,235.40140855363256
1138,375.87460869736515
1139,464.76428036791344
1140,482.25642098990625
1141,460.6530249547894
1142,385.4382629498833
1143,221.26212649731465
1144,98.11793238998837
1145,74.11015160190533
1146,85.71776570822784
1147,89.8846015412667
1148,104.76615808783404
1149,132.44585326444928
1150,182.74551439184688
1151,203.57969355704117
1152,211.6157340921875
1153,233.04517551924448
1154,245.84331414929238
1155,248.81962545860586
1156,252.9864612916447
1157,260.42723956492836
1158,271.14196027845685
1159,283.4398751292719
1160,303.9836365118505
1161,320.416142481305
1162,379.3167727049016
1163,502.82860505970535
1164,594.197970934492
1165,598.9242176408363
1166,537.5313775299593
1167,414.9913546933798
1168,274.4142070581333
1169,180.06683421346477
1170,159.23265504827052
1171,160.12554844106455
1172,157.74449939361378
1173,146.4345164182226
1174,127.98138630047909
1175,121.1358702890581
1176,116.96903445601926
1177,112.50456749204906
1178,110.12351844459829
1179,106.55194487342212
1180,103.57563356410866
1181,96.43248642175634
1182,93.45617511244286
1183,127.56368532083417
1184,224.8283977337646
1185,390.6002440066617
1186,533.9205612490891
1187,596.493105861218
1188,607.0733300294016
1189,509.31200051139615
1190,391.7527907752194
1191,320.96303767156854
1192,259.5738042348494
1193,242.56937170904757
1194,221.43756141292195
1195,195.5436530218948
1196,176.19762951135723
1197,154.7681880843003
1198,143.4582051089091
1199,135.12453344283142
1200,128.87427969327314
1201,129.17191082420447
1202,132.44585326444928
1203,134.52927118096872
1204,138.69610701400757
1205,145.54162302542855
1206,147.32740981101662
1207,157.02195393472186
1208,190.6489693952378
1209,272.5747508662199
1210,412.42935304257446
1211,555.0648872282567
1212,490.76383191102286
1213,437.70466346622356
1214,368.58592963417345
1215,307.6377328826146
1216,282.58643979919293
1217,279.7732630754659
1218,283.6424677775734
1219,285.4282545631615
1220,280.66615646825994
1221,273.2253781949763
1222,268.1656489691434
1223,256.8556659937522
1224,257.15329712468355
1225,262.5106574814478
1226,263.7011820051732
1227,261.0225018267911
1228,257.4509282556149
1229,259.8319773030657
1230,266.08223105262397
1231,291.9116500148523
1232,388.32822943243
1233,509.77276622791396
1234,622.0229826789256
1235,663.3920142178143
1236,661.3641767212098
1237,634.1021825242394
1238,563.3877388718608
1239,446.13337361493114
1240,300.68826937967975
1241,220.24703688919658
1242,200.90101337865906
1243,177.0905229041513
1244,155.06581921523164
1245,136.01742683562546
1246,117.56429671788196
1247,102.6827401713146
1248,87.80118362474728
1249,72.91962707817994
1250,71.13384029259186
1251,86.90829023195323
1252,109.52825618273559
1253,111.90930523018636
1254,130.95769760979255
1255,154.12095207668065
1256,221.47362815450026
1257,396.6532074426447
1258,524.6150800647873
1259,559.294516829526
1260,579.7235106981171
1261,522.6122739342665
1262,435.8060201802375
1263,224.3799323472676
1264,153.24778771524413
1265,127.98138630047909
1266,110.12351844459829
1267,86.90829023195323
1268,71.13384029259186
1269,59.82385731720069
1270,45.835194163427396
1271,33.33468666431083
1272,24.108121605439084
1273,15.476818808430028
1274,7.143147142352321
1275,2.381049047450774
1276,1.190524523725387
1277,2.083417916519427
1278,3.273942440244814
1279,14.365210410134765
1280,45.853227534216536
1281,100.17462327985565
1282,266.93270576760824
1283,403.8773970770376
1284,408.9729776914277
1285,382.28291005080473
1286,310.09282642681137
1287,196.60902071520144
1288,86.64481482901074
1289,55.061759222299145
1290,56.549914876955874
1291,53.87123469857375
1292,49.406767734603555
1293,47.02571868715278
1294,53.87123469857375
1295,63.990693150239544
1296,76.19356951842477
1297,86.90829023195323
1298,94.64669963616826
1299,97.32537981455037
1300,96.13485529082499
1301,107.44483826621617
1302,120.83823915812678
1303,154.5530797529569
1304,220.90700393287912
1305,272.60699558061924
1306,434.3303802086227
1307,554.9537263884272
1308,574.993657317615
1309,522.2518490351047
1310,442.60486478062785
1311,352.6394361003416
1312,218.65323808245756
1313,122.27081439286873
1314,113.3974608848431
1315,111.61167409925503
1316,111.61167409925503
1317,114.88561653949984
1318,113.69509201577445
1319,112.80219862298041
1320,113.69509201577445
1321,113.9927231467058
1322,113.3974608848431
1323,96.43248642175634
1324,85.71776570822784
1325,80.06277422053228
1326,74.11015160190533
1327,90.28448450314353
1328,182.82295020972964
1329,328.42228002168343
1330,403.7554162147346
1331,412.7471439109054
1332,413.84623662615877
1333,391.6081202664642
1334,332.39373655473645
1335,237.02066943249736
1336,113.43352762642138
1337,31.14010790796188
1338,30.06074422406602
1339,30.953637616860057
1340,36.310997973624296
1341,47.620980949015475
1342,61.60964410278877
1343,76.19356951842477
1344,90.77749493406074
1345,104.46852695690269
1346,112.80219862298041
1347,113.3974608848431
1348,105.95668261155943
1349,88.69407701754132
1350,83.63434779170844
1351,131.79692159626126
1352,278.8557690226302
1353,425.6670480502353
1354,536.6172747982604
1355,580.3834777417997
1356,590.3559239650788
1357,567.5942481206358
1358,512.5825516305042
1359,416.78096350614675
1360,283.7054768988249
1361,185.68597431260312
1362,169.64974463086762
1363,163.6971220122407
1364,163.6971220122407
1365,168.16158897621088
1366,173.2213182020438
1367,173.81658046390646
1368,168.45922010714222
1369,159.53028617920185
1370,152.08950790591817
1371,136.9103202284195
1372,120.83823915812678
1373,105.65905148062808
1374,97.92064207641307
1375,146.8290970453732
1376,283.5784090548167
1377,389.48333327364026
1378,445.8361731900419
1379,482.12213979758235
1380,484.7452395560497
1381,447.9195911065613
1382,376.27640267283147
1383,271.58173200909084
1384,146.39527370852858
1385,80.19366409171933
1386,86.90829023195323
1387,86.0153968391592
1388,82.7414543989144
1389,81.55092987518901
1390,81.84856100612035
1391,84.52724118450246
1392,88.69407701754132
1393,86.0153968391592
1394,69.05042237607245
1395,57.14517713881857
1396,55.35939035323049
1397,49.406767734603555
1398,38.394415890143726
1399,41.20759261387073
1400,64.3027509778022
1401,100.81464593915963
1402,181.8942054283784
1403,334.26374180048083
1404,434.4150293748212
1405,416.76866317612587
1406,347.57461989280347
1407,194.64206597323775
1408,105.9513802768332
1409,74.3522023129219
1410,72.0267336853859
1411,65.47884880489627
1412,59.82385731720069
1413,63.0977997574455
1414,63.0977997574455
1415,59.52622618626935
1416,58.633332793475304
1417,61.907275233720114
1418,62.50253749558281
1419,58.03807053161261
1420,53.57360356764241
1421,53.27597243671106
1422,56.549914876955874
1423,63.64108827355126
1424,83.55734267986773
1425,147.77948187167144
1426,292.46618925947365
1427,386.4586548927276
1428,408.11763134775936
1429,366.95479913132993
1430,265.49821951927686
1431,154.29151536360382
1432,82.99793180656229
1433,69.88773534895171
1434,85.12250344636516
1435,80.06277422053228
1436,65.77647993582762
1437,59.82385731720069
1438,58.03807053161261
1439,55.35939035323049
1440,54.1688658295051
1441,56.549914876955874
1442,59.228595055338
1443,59.228595055338
1444,58.03807053161261
1445,60.41911957906339
1446,60.41911957906339
1447,70.45435957057283
1448,91.47331336630053
1449,130.44517350053886
1450,180.58000438178158
1451,233.95292631471193
1452,292.59177679593444
1453,319.8735000242624
1454,285.2029722684078
1455,161.76284269071851
1456,72.60057125532268
1457,50.188500287568075
1458,69.05042237607245
1459,81.25329874425766
1460,85.12250344636516
1461,88.39644588660997
1462,89.8846015412667
1463,92.56328171964883
1464,95.5395930289623
1465,102.38510904038326
1466,105.65905148062808
1467,98.51590433827577
1468,108.63536278994155
1469,112.80219862298041
1470,110.42114957552963
1471,109.06749046621778
1472,116.10669011705623
1473,120.26101026705322
1474,120.87960823443127
1475,99.09334858237035
1476,69.32662881507787
1477,60.50885572696699
1478,80.88226917564344
1479,79.60922185233011
1480,70.6174941561593
1481,69.64568463793513
1482,71.13384029259186
1483,62.80016862651416
1484,61.01438184092607
1485,63.0977997574455
1486,61.907275233720114
1487,62.50253749558281
1488,66.37174219769032
1489,71.13384029259186
1490,73.81252047097398
1491,76.19356951842477
1492,82.44382326798305
1493,81.84856100612035
1494,80.65803648239496
1495,94.8959636955005
1496,166.7058933889746
1497,282.67108896539133
1498,389.6589835422686
1499,461.99607939464875
1500,469.0477947285291
1501,447.9965962184019
1502,371.60021869865466
1503,288.953587429349
1504,189.15551140585484
1505,108.97245198358796
1506,103.57563356410866
1507,100.30169112386385
1508,94.64669963616826
1509,93.45617511244286
1510,92.86091285058018
1511,88.69407701754132
1512,83.03908552984574
1513,78.57461856587554
1514,76.19356951842477
1515,74.40778273283668
1516,67.85989785234706
1517,60.71675070999473
1518,58.930963924406655
1519,98.23630657813356
1520,171.00553010678993
1521,313.02607299925194
1522,347.7288454695059
1523,365.9991119703054
1524,362.6821047931877
1525,343.4722734885635
1526,314.08379663820085
1527,255.70311922519454
1528,159.66308706397834
1529,108.89714253231566
1530,111.31404296832368
1531,113.3974608848431
1532,97.92064207641307
1533,91.96801945778614
1534,87.20592136288458
1535,86.6106591010219
1536,85.12250344636516
1537,84.52724118450246
1538,87.80118362474728
1539,89.28933927940402
1540,105.36142034969673
1541,113.9927231467058
1542,109.82588731366694
1543,118.26181081069012
1544,182.81382584782457
1545,311.9698296678504
1546,440.48941750273
1547,497.27438509540787
1548,487.5834476458605
1549,447.92850011544533
1550,384.78572460753753
1551,286.5439003416567
1552,177.62320675080463
1553,125.63979531574338
1554,148.22030320381066
1555,145.54162302542855
1556,137.5055824902822
1557,129.4695419551358
1558,122.92165707464619
1559,116.37377219415657
1560,112.80219862298041
1561,111.31404296832368
1562,111.61167409925503
1563,111.90930523018636
1564,109.52825618273559
1565,106.84957600435347
1566,104.8970479590211
1567,166.50690741483092
1568,295.6253641857311
1569,415.3522102985836
1570,502.9760479941342
1571,544.8811547008131
1572,549.0282615024945
1573,525.3181118453427
1574,465.7110585200538
1575,368.88568713171526
1576,234.88145574304215
1577,141.47343234917733
1578,155.363450346163
1579,161.91133522665262
1580,160.4231795719959
1581,160.4231795719959
1582,161.91133522665262
1583,152.38713903684953
1584,136.61268909748816
1585,123.21928820557754
1586,141.97004945425238
1587,149.41082772753606
1588,150.8989833821928
1589,171.13790028552435
1590,174.59831301687097
1591,212.50162948968693
1592,309.17998864963874
1593,366.2320383194169
1594,369.8753146677076
1595,337.06948982287116
1596,292.20780083823627
1597,240.06846816590425
1598,195.94905367151887
1599,143.0871755402949
1600,107.19387854631552
1601,95.55932206031983
1602,113.69509201577445
1603,120.54060802719543
1604,110.12351844459829
1605,84.52724118450246
1606,63.693062019308194
1607,50.00202999646625
1608,46.43045642529009
1609,48.51387434180952
1610,52.38307904391702
1611,56.847546007887225
1612,61.60964410278877
1613,66.07411106675897
1614,72.62199594724859
1615,102.74553393954503
1616,170.17882180336312
1617,252.18351939977532
1618,373.72839701261535
1619,503.40435364323156
1620,472.61554627252633
1621,402.02477914301926
1622,334.19160831732427
1623,272.540595138231
1624,228.88555303452125
1625,206.74247515745643
1626,196.73417754562018
1627,202.3891690333158
1628,201.49627564052173
1629,192.86497284351267
1630,172.6260559401811
1631,178.87630968973937
1632,172.0307936783184
1633,157.44686826268241
1634,139.5890004068016
1635,111.31404296832368
1636,80.36040535146361
1637,61.60964410278877
1638,49.351187314688794
1639,63.64830162186692
1640,100.81464593915963
1641,146.5208612449894
1642,148.88578793524047
1643,203.05656477833503
1644,236.71582495325038
1645,201.89107162069337
1646,143.75244491870367
1647,113.19677925013102
1648,89.93487962645526
1649,86.94774829466832
1650,110.12351844459829
1651,121.7311325509208
1652,123.81455046744023
1653,121.43350141998945
1654,133.33874665724332
1655,141.07715606145834
1656,152.08950790591817
1657,170.54263802366165
1658,183.34077665370958
1659,200.008119985865
1660,208.93705391380539
1661,224.71150385316676
1662,230.068864209931
1663,245.14049772175798
1664,247.56461150608166
1665,246.30599087939962
1666,280.8008683666259
1667,448.63470786411654
1668,550.7546458409888
1669,510.45776463768027
1670,401.38284547012574
1671,291.2196536097914
1672,232.2545339573959
1673,195.9721740240132
1674,189.29339927233653
1675,187.8052436176798
1676,180.9597276062588
1677,177.68578516601397
1678,171.13790028552435
1679,150.00608998939876
1680,136.9103202284195
1681,126.195599514891
1682,116.37377219415657
1683,113.69509201577445
1684,102.98037130224596
1685,90.77749493406074
1686,92.09890932897319
1687,132.3366034382092
1688,259.7051248120785
1689,412.92809651425995
1690,500.53220517845295
1691,562.1365469465156
1692,589.2407088926257
1693,568.31318690537
1694,497.8694320042496
1695,396.89334714007185
1696,260.2301646043741
1697,187.54707054946348
1698,173.2213182020438
1699,162.80422861944666
1700,165.4829087978288
1701,172.0307936783184
1702,175.00710498763186
1703,168.45922010714222
1704,158.04213052454512
1705,137.5055824902822
1706,115.18324767043119
1707,111.90930523018636
1708,117.86192784881331
1709,124.70744386023426
1710,114.88561653949984
1711,123.94904701278512
1712,140.3654306250399
1713,155.51958693645483
1714,197.55197684016298
1715,246.56077262647915
1716,293.28355784797435
1717,341.7168204037854
1718,363.40804157321645
1719,296.3010228805713
1720,213.53792843670993
1721,142.34659671061385
1722,121.1358702890581
1723,116.07614106322522
1724,107.7424693971475
1725,105.06378921876538
1726,103.87326469503999
1727,96.73011755268769
1728,86.6106591010219
1729,68.7527912451411
1730,49.10913660367221
1731,50.59729225832895
1732,69.34805350700378
1733,79.76514308960093
1734,77.40382307350768
1735,111.68528788995893
1736,190.98266726774742
1737,295.36358444335696
1738,389.89212524440114
1739,410.5470474668092
1740,388.3645115270293
1741,346.2334764665335
1742,282.12610478871716
1743,199.03843683425129
1744,136.45146552549113
1745,121.6235783852491
1746,141.37478719238968
1747,143.4582051089091
1748,138.39847588307623
1749,133.33874665724332
1750,118.457190110676
1751,107.44483826621617
