0,0.4845
1,0.4535
2,0.4485
3,0.455
4,0.456
5,0.466
6,0.465
7,0.46
8,0.4595
9,0.463
10,0.455
11,0.4605
12,0.461
13,0.451
14,0.4515
15,0.466
16,0.474
17,0.4995
18,0.515
19,0.522
20,0.5105
21,0.486
22,0.464
23,0.446
24,0.442
25,0.4455
26,0.4465
27,0.442
28,0.443
29,0.439
30,0.4465
31,0.45
32,0.4385
33,0.4475
34,0.4535
35,0.4545
36,0.4615
37,0.4575
38,0.4515
39,0.466
40,0.485
41,0.5045
42,0.503
43,0.496
44,0.4825
45,0.466
46,0.436
47,0.415
48,0.41
49,0.404
50,0.4125
51,0.4125
52,0.409
53,0.409
54,0.419
55,0.428
56,0.447
57,0.4495
58,0.452
59,0.4565
60,0.4635
61,0.4595
62,0.4655
63,0.476
64,0.4835
65,0.502
66,0.5125
67,0.505
68,0.4905
69,0.472
70,0.442
71,0.419
72,0.405
73,0.3955
74,0.4
75,0.4015
76,0.4085
77,0.4175
78,0.427
79,0.456
80,0.465
81,0.462
82,0.4515
83,0.448
84,0.4465
85,0.4475
86,0.442
87,0.445
88,0.473
89,0.4975
90,0.508
91,0.503
92,0.477
93,0.4645
94,0.4585
95,0.4385
96,0.4345
97,0.419
98,0.408
99,0.399
100,0.3365
101,0.3405
102,0.3995
103,0.3775
104,0.409
105,0.4255
106,0.414
107,0.3985
108,0.385
109,0.34
110,0.338
111,0.34
112,0.4015
113,0.416
114,0.3785
115,0.373
116,0.3625
117,0.353
118,0.3475
119,0.3445
120,0.334
121,0.3325
122,0.3325
123,0.3295
124,0.332
125,0.3305
126,0.336
127,0.3435
128,0.3435
129,0.3455
130,0.349
131,0.344
132,0.338
133,0.336
134,0.3315
135,0.3275
136,0.334
137,0.365
138,0.3875
139,0.4175
140,0.4265
141,0.402
142,0.354
143,0.336
144,0.326
145,0.328
146,0.331
147,0.326
148,0.33
149,0.328
150,0.3595
151,0.368
152,0.4225
153,0.429
154,0.416
155,0.4165
156,0.4125
157,0.405
158,0.346
159,0.346
160,0.376
161,0.3875
162,0.395
163,0.401
164,0.384
165,0.3595
166,0.3505
167,0.3355
168,0.33
169,0.3285
170,0.3275
171,0.328
172,0.3265
173,0.3405
174,0.3665
175,0.385
176,0.3925
177,0.391
178,0.371
179,0.3645
180,0.3565
181,0.343
182,0.342
183,0.348
184,0.362
185,0.3815
186,0.396
187,0.3915
188,0.373
189,0.3685
190,0.356
191,0.332
192,0.326
193,0.3195
194,0.3215
195,0.3195
196,0.316
197,0.3285
198,0.356
199,0.38
200,0.393
201,0.392
202,0.3745
203,0.3705
204,0.3645
205,0.359
206,0.3595
207,0.355
208,0.3755
209,0.45
210,0.4515
211,0.384
212,0.3625
213,0.355
214,0.3465
215,0.3255
216,0.327
217,0.3265
218,0.328
219,0.332
220,0.3295
221,0.3305
222,0.346
223,0.3645
224,0.374
225,0.3725
226,0.3705
227,0.3655
228,0.3645
229,0.365
230,0.3615
231,0.3775
232,0.4215
233,0.4785
234,0.4825
235,0.4695
236,0.4335
237,0.398
238,0.352
239,0.332
240,0.325
241,0.325
242,0.328
243,0.329
244,0.328
245,0.34
246,0.3815
247,0.406
248,0.432
249,0.43
250,0.432
251,0.4225
252,0.394
253,0.3905
254,0.3825
255,0.385
256,0.464
257,0.4935
258,0.4895
259,0.4675
260,0.3935
261,0.378
262,0.3585
263,0.348
264,0.343
265,0.328
266,0.3275
267,0.329
268,0.3235
269,0.328
270,0.328
271,0.3325
272,0.337
273,0.3395
274,0.3415
275,0.3365
276,0.333
277,0.334
278,0.3345
279,0.3395
280,0.364
281,0.389
282,0.4565
283,0.4345
284,0.411
285,0.3765
286,0.359
287,0.341
288,0.3325
289,0.327
290,0.325
291,0.3235
292,0.3215
293,0.326
294,0.326
295,0.332
296,0.327
297,0.3205
298,0.3335
299,0.3335
300,0.3395
301,0.3425
302,0.3435
303,0.349
304,0.372
305,0.4375
306,0.4465
307,0.4495
308,0.442
309,0.4105
310,0.387
311,0.38
312,0.3335
313,0.3225
314,0.318
315,0.3235
316,0.3165
317,0.351
318,0.3745
319,0.399
320,0.4015
321,0.4135
322,0.4095
323,0.4
324,0.3445
325,0.343
326,0.34
327,0.3395
328,0.372
329,0.394
330,0.406
331,0.4065
332,0.386
333,0.361
334,0.364
335,0.3355
336,0.3265
337,0.3205
338,0.319
339,0.321
340,0.3365
341,0.361
342,0.379
343,0.401
344,0.409
345,0.412
346,0.369
347,0.402
348,0.393
349,0.3635
350,0.36
351,0.401
352,0.401
353,0.4525
354,0.4645
355,0.4645
356,0.416
357,0.424
358,0.383
359,0.3705
360,0.337
361,0.3175
362,0.3155
363,0.3215
364,0.3725
365,0.371
366,0.3775
367,0.3875
368,0.395
369,0.3955
370,0.3965
371,0.3865
372,0.3925
373,0.389
374,0.3855
375,0.3895
376,0.4125
377,0.4415
378,0.448
379,0.457
380,0.433
381,0.4085
382,0.379
383,0.3785
384,0.368
385,0.3625
386,0.363
387,0.3635
388,0.361
389,0.3625
390,0.364
391,0.3755
392,0.3845
393,0.3855
394,0.384
395,0.379
396,0.38
397,0.3765
398,0.3745
399,0.3825
400,0.3985
401,0.4285
402,0.4275
403,0.428
404,0.41
405,0.3795
406,0.3685
407,0.379
408,0.372
409,0.352
410,0.369
411,0.3115
412,0.3115
413,0.3695
414,0.39
415,0.4075
416,0.423
417,0.4155
418,0.412
419,0.3805
420,0.375
421,0.3735
422,0.3575
423,0.3745
424,0.3915
425,0.431
426,0.441
427,0.438
428,0.4105
429,0.3985
430,0.3595
431,0.3095
432,0.3055
433,0.3
434,0.2985
435,0.3045
436,0.3055
437,0.3045
438,0.305
439,0.3125
440,0.324
441,0.336
442,0.3305
443,0.3265
444,0.3275
445,0.3325
446,0.343
447,0.3575
448,0.4295
449,0.4315
450,0.4295
451,0.3965
452,0.4005
453,0.415
454,0.3965
455,0.398
456,0.3975
457,0.4
458,0.4015
459,0.403
460,0.4
461,0.3975
462,0.405
463,0.3955
464,0.4015
465,0.4065
466,0.42
467,0.431
468,0.403
469,0.392
470,0.3955
471,0.4025
472,0.426
473,0.4755
474,0.456
475,0.4675
476,0.4855
477,0.4795
478,0.4255
479,0.4305
480,0.4235
481,0.422
482,0.42
483,0.4205
484,0.423
485,0.479
486,0.478
487,0.5055
488,0.5205
489,0.522
490,0.529
491,0.527
492,0.5135
493,0.459
494,0.459
495,0.4395
496,0.449
497,0.5295
498,0.54
499,0.557
500,0.539
501,0.5185
502,0.499
503,0.431
504,0.418
505,0.4145
506,0.402
507,0.406
508,0.4025
509,0.426
510,0.4715
511,0.4865
512,0.52
513,0.5175
514,0.524
515,0.5235
516,0.5195
517,0.5205
518,0.5225
519,0.5225
520,0.5355
521,0.5555
522,0.573
523,0.578
524,0.5615
525,0.5705
526,0.5165
527,0.516
528,0.5045
529,0.4705
530,0.467
531,0.473
532,0.4755
533,0.472
534,0.523
535,0.5435
536,0.5525
537,0.577
538,0.567
539,0.5855
540,0.594
541,0.596
542,0.596
543,0.595
544,0.5995
545,0.607
546,0.609
547,0.617
548,0.622
549,0.574
550,0.5425
551,0.543
552,0.5525
553,0.561
554,0.564
555,0.5325
556,0.525
557,0.5285
558,0.579
559,0.5985
560,0.609
561,0.637
562,0.631
563,0.631
564,0.6365
565,0.629
566,0.6165
567,0.6095
568,0.6115
569,0.63
570,0.6545
571,0.6605
572,0.66
573,0.6475
574,0.617
575,0.5515
576,0.5685
577,0.542
578,0.5425
579,0.54
580,0.534
581,0.5675
582,0.592
583,0.608
584,0.6275
585,0.631
586,0.6355
587,0.619
588,0.5915
589,0.588
590,0.6025
591,0.5965
592,0.585
593,0.618
594,0.6475
595,0.632
596,0.5985
597,0.5925
598,0.5695
599,0.5835
600,0.522
601,0.52
602,0.52
603,0.523
604,0.525
605,0.5285
606,0.542
607,0.602
608,0.6155
609,0.621
610,0.624
611,0.62
612,0.613
613,0.615
614,0.5765
615,0.568
616,0.5785
617,0.651
618,0.658
619,0.6625
620,0.647
621,0.606
622,0.5615
623,0.537
624,0.5135
625,0.512
626,0.5075
627,0.5045
628,0.5045
629,0.497
630,0.5235
631,0.522
632,0.5315
633,0.542
634,0.5285
635,0.5305
636,0.516
637,0.5125
638,0.5125
639,0.521
640,0.523
641,0.543
642,0.5815
643,0.604
644,0.607
645,0.572
646,0.5325
647,0.535
648,0.5405
649,0.525
650,0.5265
651,0.5315
652,0.5265
653,0.555
654,0.5855
655,0.608
656,0.6345
657,0.642
658,0.6395
659,0.626
660,0.6175
661,0.6005
662,0.6305
663,0.6405
664,0.6565
665,0.6775
666,0.691
667,0.689
668,0.686
669,0.6525
670,0.646
671,0.5835
672,0.557
673,0.548
674,0.546
675,0.5475
676,0.543
677,0.5935
678,0.63
679,0.6525
680,0.6675
681,0.6685
682,0.671
683,0.6585
684,0.6505
685,0.6045
686,0.632
687,0.654
688,0.676
689,0.6885
690,0.701
691,0.7065
692,0.698
693,0.64
694,0.62
695,0.5995
696,0.5955
697,0.5935
698,0.592
699,0.5855
700,0.5855
701,0.6115
702,0.654
703,0.7
704,0.705
705,0.7115
706,0.7025
707,0.7125
708,0.6835
709,0.638
710,0.6355
711,0.663
712,0.674
713,0.68
714,0.6965
715,0.701
716,0.697
717,0.682
718,0.6595
719,0.6745
720,0.6745
721,0.676
722,0.6855
723,0.6955
724,0.694
725,0.6955
726,0.7025
727,0.7415
728,0.7615
729,0.7695
730,0.779
731,0.776
732,0.755
733,0.751
734,0.7475
735,0.749
736,0.7545
737,0.7675
738,0.7775
739,0.7845
740,0.7865
741,0.7785
742,0.7745
743,0.7715
744,0.767
745,0.756
746,0.6975
747,0.7335
748,0.7625
749,0.777
750,0.7915
751,0.819
752,0.8455
753,0.852
754,0.8535
755,0.828
756,0.836
757,0.8195
758,0.813
759,0.802
760,0.8075
761,0.8235
762,0.829
763,0.8305
764,0.828
765,0.8065
766,0.792
767,0.7855
768,0.7745
769,0.7585
770,0.7505
771,0.7385
772,0.7195
773,0.716
774,0.7245
775,0.728
776,0.7425
777,0.7575
778,0.763
779,0.754
780,0.754
781,0.7545
782,0.749
783,0.7605
784,0.768
785,0.7935
786,0.8035
787,0.809
788,0.7905
789,0.7775
790,0.7615
791,0.7445
792,0.7355
793,0.729
794,0.7315
795,0.731
796,0.7305
797,0.7365
798,0.733
799,0.725
800,0.7345
801,0.7425
802,0.7385
803,0.741
804,0.7395
805,0.7365
806,0.682
807,0.6795
808,0.6865
809,0.726
810,0.738
811,0.7585
812,0.754
813,0.7455
814,0.726
815,0.702
816,0.654
817,0.6485
818,0.647
819,0.6445
820,0.6515
821,0.693
822,0.7285
823,0.7395
824,0.745
825,0.7515
826,0.726
827,0.707
828,0.6965
829,0.699
830,0.687
831,0.713
832,0.7285
833,0.776
834,0.76
835,0.7615
836,0.7315
837,0.71
838,0.695
839,0.6625
840,0.64
841,0.6375
842,0.6285
843,0.632
844,0.6405
845,0.6575
846,0.719
847,0.7575
848,0.7685
849,0.756
850,0.753
851,0.699
852,0.6815
853,0.6805
854,0.683
855,0.692
856,0.7065
857,0.772
858,0.0
859,0.791
860,0.794
861,0.7595
862,0.7005
863,0.69
864,0.6665
865,0.6535
866,0.656
867,0.6555
868,0.657
869,0.7075
870,0.752
871,0.7965
872,0.807
873,0.7905
874,0.717
875,0.7295
876,0.7155
877,0.7055
878,0.6985
879,0.6935
880,0.703
881,0.7775
882,0.7875
883,0.7505
884,0.777
885,0.711
886,0.7295
887,0.7395
888,0.691
889,0.697
890,0.696
891,0.6975
892,0.6865
893,0.732
894,0.77
895,0.7785
896,0.7835
897,0.801
898,0.792
899,0.7805
900,0.768
901,0.7485
902,0.736
903,0.739
904,0.7475
905,0.7715
906,0.7885
907,0.797
908,0.8025
909,0.7935
910,0.779
911,0.761
912,0.733
913,0.728
914,0.711
915,0.713
916,0.7105
917,0.736
918,0.765
919,0.783
920,0.775
921,0.7695
922,0.7695
923,0.754
924,0.7465
925,0.744
926,0.746
927,0.743
928,0.7655
929,0.781
930,0.796
931,0.7975
932,0.7885
933,0.7655
934,0.7535
935,0.729
936,0.68
937,0.673
938,0.671
939,0.6675
940,0.6665
941,0.6755
942,0.7265
943,0.756
944,0.7905
945,0.796
946,0.785
947,0.777
948,0.7625
949,0.7455
950,0.734
951,0.726
952,0.7315
953,0.74
954,0.7475
955,0.756
956,0.7565
957,0.7395
958,0.732
959,0.663
960,0.6475
961,0.6375
962,0.6335
963,0.6295
964,0.6315
965,0.6435
966,0.652
967,0.666
968,0.68
969,0.6875
970,0.753
971,0.7455
972,0.7385
973,0.731
974,0.7385
975,0.7375
976,0.7595
977,0.7755
978,0.795
979,0.8065
980,0.808
981,0.798
982,0.7755
983,0.734
984,0.741
985,0.675
986,0.674
987,0.676
988,0.7425
989,0.7335
990,0.7585
991,0.7795
992,0.784
993,0.788
994,0.7905
995,0.7895
996,0.781
997,0.77
998,0.7705
999,0.769
1000,0.777
1001,0.805
1002,0.8165
1003,0.819
1004,0.818
1005,0.7925
1006,0.7515
1007,0.727
1008,0.715
1009,0.646
1010,0.6395
1011,0.635
1012,0.644
1013,0.7115
1014,0.725
1015,0.7315
1016,0.738
1017,0.7445
1018,0.749
1019,0.7545
1020,0.7455
1021,0.73
1022,0.7205
1023,0.722
1024,0.7555
1025,0.7905
1026,0.807
1027,0.809
1028,0.805
1029,0.788
1030,0.7495
1031,0.726
1032,0.7115
1033,0.715
1034,0.7125
1035,0.7095
1036,0.7025
1037,0.702
1038,0.732
1039,0.754
1040,0.759
1041,0.7605
1042,0.756
1043,0.751
1044,0.743
1045,0.7225
1046,0.6815
1047,0.669
1048,0.692
1049,0.7355
1050,0.7415
1051,0.753
1052,0.779
1053,0.7485
1054,0.697
1055,0.6765
1056,0.6055
1057,0.602
1058,0.6015
1059,0.6025
1060,0.6075
1061,0.6155
1062,0.6925
1063,0.7435
1064,0.763
1065,0.708
1066,0.693
1067,0.698
1068,0.6825
1069,0.675
1070,0.649
1071,0.632
1072,0.654
1073,0.702
1074,0.7495
1075,0.7605
1076,0.756
1077,0.7245
1078,0.6535
1079,0.609
1080,0.604
1081,0.5975
1082,0.5985
1083,0.5945
1084,0.594
1085,0.607
1086,0.705
1087,0.7175
1088,0.741
1089,0.737
1090,0.719
1091,0.7025
1092,0.684
1093,0.6795
1094,0.6485
1095,0.6495
1096,0.672
1097,0.7085
1098,0.7165
1099,0.7165
1100,0.7135
1101,0.699
1102,0.6575
1103,0.6265
1104,0.6135
1105,0.607
1106,0.594
1107,0.5915
1108,0.5955
1109,0.5995
1110,0.605
1111,0.616
1112,0.6375
1113,0.635
1114,0.635
1115,0.625
1116,0.609
1117,0.6185
1118,0.622
1119,0.612
1120,0.612
1121,0.617
1122,0.6525
1123,0.659
1124,0.6525
1125,0.65
1126,0.6335
1127,0.615
1128,0.5845
1129,0.5515
1130,0.557
1131,0.551
1132,0.562
1133,0.5685
1134,0.5645
1135,0.5745
1136,0.5935
1137,0.6155
1138,0.6185
1139,0.593
1140,0.5885
1141,0.59
1142,0.592
1143,0.598
1144,0.609
1145,0.6065
1146,0.6395
1147,0.6575
1148,0.653
1149,0.6535
1150,0.619
1151,0.582
1152,0.5655
1153,0.566
1154,0.5615
1155,0.556
1156,0.5575
1157,0.585
1158,0.6255
1159,0.642
1160,0.6655
1161,0.662
1162,0.6565
1163,0.655
1164,0.644
1165,0.6345
1166,0.644
1167,0.6485
1168,0.6485
1169,0.663
1170,0.6795
1171,0.688
1172,0.6875
1173,0.6635
1174,0.643
1175,0.616
1176,0.5955
1177,0.597
1178,0.5955
1179,0.5895
1180,0.601
1181,0.607
1182,0.632
1183,0.67
1184,0.69
1185,0.6775
1186,0.6745
1187,0.6735
1188,0.661
1189,0.6545
1190,0.637
1191,0.629
1192,0.6325
1193,0.64
1194,0.661
1195,0.671
1196,0.693
1197,0.672
1198,0.6575
1199,0.6395
1200,0.6095
1201,0.6005
1202,0.569
1203,0.568
1204,0.603
1205,0.6215
1206,0.6655
1207,0.679
1208,0.703
1209,0.685
1210,0.6915
1211,0.6915
1212,0.656
1213,0.6375
1214,0.626
1215,0.632
1216,0.6465
1217,0.6605
1218,0.681
1219,0.6875
1220,0.6845
1221,0.665
1222,0.6425
1223,0.6265
1224,0.571
1225,0.533
1226,0.5295
1227,0.5295
1228,0.5285
1229,0.549
1230,0.623
1231,0.647
1232,0.67
1233,0.6675
1234,0.635
1235,0.5855
1236,0.578
1237,0.5785
1238,0.5895
1239,0.5915
1240,0.596
1241,0.6345
1242,0.6985
1243,0.708
1244,0.7085
1245,0.6635
1246,0.6345
1247,0.5505
1248,0.526
1249,0.5225
1250,0.514
1251,0.5105
1252,0.504
1253,0.5225
1254,0.5585
1255,0.57
1256,0.582
1257,0.573
1258,0.5595
1259,0.5625
1260,0.566
1261,0.56
1262,0.561
1263,0.573
1264,0.588
1265,0.649
1266,0.6425
1267,0.6815
1268,0.6235
1269,0.643
1270,0.609
1271,0.5645
1272,0.5075
1273,0.5055
1274,0.501
1275,0.499
1276,0.4975
1277,0.489
1278,0.4975
1279,0.5205
1280,0.573
1281,0.576
1282,0.5495
1283,0.526
1284,0.5215
1285,0.5205
1286,0.52
1287,0.5155
1288,0.515
1289,0.5315
1290,0.5695
1291,0.609
1292,0.564
1293,0.553
1294,0.5335
1295,0.519
1296,0.5075
1297,0.5015
1298,0.488
1299,0.482
1300,0.4785
1301,0.4825
1302,0.49
1303,0.4915
1304,0.517
1305,0.526
1306,0.5315
1307,0.521
1308,0.512
1309,0.497
1310,0.4975
1311,0.4965
1312,0.5025
1313,0.5265
1314,0.6015
1315,0.563
1316,0.5635
1317,0.5565
1318,0.5455
1319,0.4955
1320,0.488
1321,0.488
1322,0.4885
1323,0.4865
1324,0.4945
1325,0.5385
1326,0.5465
1327,0.5535
1328,0.5585
1329,0.5605
1330,0.5805
1331,0.5715
1332,0.5655
1333,0.551
1334,0.5365
1335,0.554
1336,0.58
1337,0.5915
1338,0.612
1339,0.6175
1340,0.6105
1341,0.599
1342,0.5785
1343,0.5475
1344,0.538
1345,0.529
1346,0.523
1347,0.5285
1348,0.529
1349,0.55
1350,0.5755
1351,0.581
1352,0.5795
1353,0.5695
1354,0.577
1355,0.567
1356,0.557
1357,0.557
1358,0.559
1359,0.568
1360,0.58
1361,0.596
1362,0.613
1363,0.619
1364,0.6185
1365,0.588
1366,0.5655
1367,0.5555
1368,0.526
1369,0.5205
1370,0.5185
1371,0.5185
1372,0.521
1373,0.5475
1374,0.5615
1375,0.589
1376,0.5985
1377,0.558
1378,0.5535
1379,0.553
1380,0.544
1381,0.5575
1382,0.5705
1383,0.562
1384,0.5935
1385,0.619
1386,0.6305
1387,0.64
1388,0.633
1389,0.6035
1390,0.5685
1391,0.53
1392,0.507
1393,0.5055
1394,0.5025
1395,0.494
1396,0.494
1397,0.5165
1398,0.548
1399,0.581
1400,0.5695
1401,0.584
1402,0.596
1403,0.595
1404,0.5855
1405,0.5855
1406,0.575
1407,0.5735
1408,0.5905
1409,0.614
1410,0.62
1411,0.6275
1412,0.622
1413,0.6035
1414,0.5815
1415,0.5185
1416,0.5115
1417,0.503
1418,0.4945
1419,0.499
1420,0.497
1421,0.517
1422,0.545
1423,0.5745
1424,0.595
1425,0.602
1426,0.618
1427,0.6075
1428,0.5825
1429,0.5945
1430,0.5715
1431,0.5895
1432,0.5725
1433,0.5925
1434,0.6105
1435,0.6155
1436,0.5895
1437,0.5705
1438,0.5545
1439,0.5325
1440,0.51
1441,0.5085
1442,0.496
1443,0.4935
1444,0.4885
1445,0.4805
1446,0.516
1447,0.533
1448,0.5615
1449,0.587
1450,0.572
1451,0.577
1452,0.5555
1453,0.5365
1454,0.5345
1455,0.534
1456,0.5295
1457,0.5335
1458,0.584
1459,0.599
1460,0.5715
1461,0.5915
1462,0.5495
1463,0.5365
1464,0.5195
1465,0.5055
1466,0.505
1467,0.4905
1468,0.481
1469,0.4695
1470,0.4645
1471,0.4755
1472,0.483
1473,0.478
1474,0.474
1475,0.47
1476,0.465
1477,0.468
1478,0.4575
1479,0.4625
1480,0.476
1481,0.4855
1482,0.553
1483,0.5815
1484,0.5585
1485,0.5545
1486,0.557
1487,0.506
1488,0.487
1489,0.488
1490,0.484
1491,0.48
1492,0.482
1493,0.479
1494,0.5245
1495,0.5835
1496,0.6085
1497,0.606
1498,0.572
1499,0.554
1500,0.538
1501,0.556
1502,0.544
1503,0.5575
1504,0.588
1505,0.621
1506,0.6455
1507,0.6435
1508,0.6485
1509,0.643
1510,0.6175
1511,0.5405
1512,0.5175
1513,0.5195
1514,0.5135
1515,0.51
1516,0.5105
1517,0.5435
1518,0.5405
1519,0.5545
1520,0.605
1521,0.618
1522,0.5855
1523,0.557
1524,0.5495
1525,0.5385
1526,0.5085
1527,0.509
1528,0.511
1529,0.5735
1530,0.6065
1531,0.6085
1532,0.617
1533,0.6005
1534,0.5735
1535,0.5595
1536,0.557
1537,0.559
1538,0.5515
1539,0.546
1540,0.555
1541,0.558
1542,0.5865
1543,0.5955
1544,0.666
1545,0.6795
1546,0.6745
1547,0.672
1548,0.6395
1549,0.6415
1550,0.633
1551,0.6475
1552,0.652
1553,0.7075
1554,0.7025
1555,0.7105
1556,0.725
1557,0.695
1558,0.6485
1559,0.639
1560,0.63
1561,0.625
1562,0.625
1563,0.622
1564,0.6175
1565,0.6405
1566,0.6755
1567,0.711
1568,0.6985
1569,0.664
1570,0.7065
1571,0.662
1572,0.6585
1573,0.654
1574,0.638
1575,0.6515
1576,0.6795
1577,0.7375
1578,0.7595
1579,0.7535
1580,0.736
1581,0.7325
1582,0.709
1583,0.705
1584,0.6405
1585,0.624
1586,0.619
1587,0.6185
1588,0.621
1589,0.68
1590,0.6975
1591,0.7275
1592,0.7385
1593,0.75
1594,0.715
1595,0.7215
1596,0.7095
1597,0.7025
1598,0.6965
1599,0.692
1600,0.684
1601,0.687
1602,0.7085
1603,0.7125
1604,0.7305
1605,0.7315
1606,0.736
1607,0.6975
1608,0.685
1609,0.6135
1610,0.596
1611,0.595
1612,0.594
1613,0.601
1614,0.6055
1615,0.6815
1616,0.686
1617,0.6865
1618,0.6825
1619,0.68
1620,0.6815
1621,0.615
1622,0.6105
1623,0.6065
1624,0.602
1625,0.617
1626,0.6805
1627,0.7155
1628,0.708
1629,0.703
1630,0.6745
1631,0.6045
1632,0.586
1633,0.571
1634,0.569
1635,0.5595
1636,0.5655
1637,0.571
1638,0.572
1639,0.57
1640,0.5845
1641,0.588
1642,0.5905
1643,0.591
1644,0.59
1645,0.5775
1646,0.577
1647,0.5865
1648,0.5855
1649,0.5865
1650,0.6065
1651,0.669
1652,0.6715
1653,0.6405
1654,0.614
1655,0.5815
1656,0.575
1657,0.5685
1658,0.5615
1659,0.571
1660,0.5665
1661,0.5635
1662,0.5795
1663,0.628
1664,0.6315
1665,0.62
1666,0.6385
1667,0.6425
1668,0.6495
1669,0.698
1670,0.6435
1671,0.6345
1672,0.6395
1673,0.678
1674,0.728
1675,0.7345
1676,0.7295
1677,0.7005
1678,0.6785
1679,0.637
1680,0.594
1681,0.5795
1682,0.571
1683,0.582
1684,0.588
1685,0.6125
1686,0.674
1687,0.7095
1688,0.719
1689,0.6495
1690,0.6645
1691,0.611
1692,0.6135
1693,0.584
1694,0.5735
1695,0.574
1696,0.579
1697,0.59
1698,0.621
1699,0.6235
1700,0.636
1701,0.615
1702,0.598
1703,0.562
1704,0.552
1705,0.544
1706,0.55
1707,0.5465
1708,0.5445
1709,0.5505
1710,0.5635
1711,0.586
1712,0.596
1713,0.5845
1714,0.5905
1715,0.5895
1716,0.599
1717,0.5925
1718,0.5825
1719,0.5765
1720,0.594
1721,0.6015
1722,0.646
1723,0.665
1724,0.6305
1725,0.614
1726,0.5935
1727,0.5555
1728,0.55
1729,0.538
1730,0.534
1731,0.5335
1732,0.5355
1733,0.5525
1734,0.5855
1735,0.613
1736,0.5935
1737,0.597
1738,0.5955
1739,0.5895
1740,0.58
1741,0.579
1742,0.568
1743,0.599
1744,0.63
1745,0.6545
1746,0.6835
1747,0.689
1748,0.679
1749,0.653
1750,0.6135
1751,0.583
1752,0.5675
1753,0.553
1754,0.5725
1755,0.548
1756,0.5845
1757,0.612
1758,0.62
1759,0.634
1760,0.6375
1761,0.649
1762,0.645
1763,0.653
1764,0.636
1765,0.618
1766,0.6175
1767,0.6215
1768,0.6425
1769,0.6625
1770,0.696
1771,0.6925
1772,0.6915
1773,0.6945
1774,0.6535
1775,0.6215
1776,0.6045
1777,0.5965
1778,0.582
1779,0.5705
1780,0.5505
1781,0.5735
1782,0.5795
1783,0.5535
1784,0.598
1785,0.596
1786,0.5935
1787,0.585
1788,0.5275
1789,0.5095
1790,0.51
1791,0.5165
1792,0.5185
1793,0.544
1794,0.582
1795,0.62
1796,0.6145
1797,0.5925
1798,0.5745
1799,0.5195
1800,0.5105
1801,0.508
1802,0.497
1803,0.4915
1804,0.486
1805,0.483
1806,0.485
1807,0.4975
1808,0.514
1809,0.5055
1810,0.5185
1811,0.5215
1812,0.511
1813,0.5065
1814,0.498
1815,0.503
1816,0.5075
1817,0.511
1818,0.5265
1819,0.5365
1820,0.5435
1821,0.539
1822,0.5205
1823,0.4995
1824,0.4955
1825,0.4945
1826,0.4915
1827,0.4905
1828,0.4935
1829,0.491
1830,0.5155
1831,0.569
1832,0.582
1833,0.6035
1834,0.566
1835,0.584
1836,0.5975
1837,0.5825
1838,0.512
1839,0.5165
1840,0.5095
1841,0.5335
1842,0.5675
1843,0.5805
1844,0.5815
1845,0.574
1846,0.535
1847,0.499
1848,0.483
1849,0.482
1850,0.476
1851,0.4755
1852,0.476
1853,0.4795
1854,0.486
1855,0.5205
1856,0.5215
1857,0.5165
1858,0.525
1859,0.5225
1860,0.5095
1861,0.5015
1862,0.498
1863,0.505
1864,0.5085
1865,0.5295
1866,0.5615
1867,0.574
1868,0.555
1869,0.5375
1870,0.5145
1871,0.4965
1872,0.4905
1873,0.4905
1874,0.493
1875,0.4905
1876,0.498
1877,0.4995
1878,0.511
1879,0.542
1880,0.557
1881,0.555
1882,0.553
1883,0.5335
1884,0.5415
1885,0.532
1886,0.5265
1887,0.52
1888,0.523
1889,0.537
1890,0.5845
1891,0.582
1892,0.5885
1893,0.537
1894,0.507
1895,0.481
1896,0.475
1897,0.469
1898,0.462
1899,0.4615
1900,0.4725
1901,0.471
1902,0.535
1903,0.561
1904,0.541
1905,0.5355
1906,0.5245
1907,0.5525
1908,0.5345
1909,0.546
1910,0.5945
1911,0.61
1912,0.6065
1913,0.6035
1914,0.596
1915,0.626
1916,0.6085
1917,0.6005
1918,0.577
1919,0.5475
1920,0.5405
1921,0.502
1922,0.5285
1923,0.523
1924,0.5255
1925,0.554
1926,0.5725
1927,0.593
1928,0.5975
1929,0.612
1930,0.606
1931,0.597
1932,0.595
1933,0.595
1934,0.585
1935,0.5785
1936,0.5765
1937,0.584
1938,0.591
1939,0.596
1940,0.59
1941,0.587
1942,0.568
1943,0.543
1944,0.5295
1945,0.4615
1946,0.4445
1947,0.4325
1948,0.434
1949,0.4415
1950,0.446
1951,0.4655
1952,0.474
1953,0.481
1954,0.478
1955,0.469
1956,0.464
1957,0.4725
1958,0.4715
1959,0.468
1960,0.4695
1961,0.478
1962,0.546
1963,0.5565
1964,0.5525
1965,0.544
1966,0.472
1967,0.4465
1968,0.441
1969,0.436
1970,0.431
1971,0.4305
1972,0.429
1973,0.4355
1974,0.4415
1975,0.4445
1976,0.45
1977,0.457
1978,0.4585
1979,0.4535
1980,0.442
1981,0.4365
1982,0.425
1983,0.4225
1984,0.4245
1985,0.4295
1986,0.449
1987,0.4895
1988,0.4915
1989,0.486
1990,0.4445
1991,0.4365
1992,0.4305
1993,0.418
1994,0.4095
1995,0.4135
1996,0.416
1997,0.4355
1998,0.4675
1999,0.5185
2000,0.5255
2001,0.504
2002,0.507
2003,0.505
2004,0.484
2005,0.481
2006,0.454
2007,0.444
2008,0.4365
2009,0.4455
2010,0.454
2011,0.474
2012,0.463
2013,0.456
2014,0.435
2015,0.4175
2016,0.4075
2017,0.4
2018,0.398
2019,0.399
2020,0.3945
2021,0.3985
2022,0.4155
2023,0.458
2024,0.47
2025,0.4725
2026,0.4585
2027,0.45
2028,0.448
2029,0.438
2030,0.441
2031,0.4425
2032,0.442
2033,0.4555
2034,0.482
2035,0.4975
2036,0.474
2037,0.436
2038,0.418
2039,0.4055
2040,0.3995
2041,0.3945
2042,0.388
2043,0.387
2044,0.386
2045,0.3935
2046,0.4145
2047,0.4475
2048,0.452
2049,0.4505
2050,0.4455
2051,0.449
2052,0.452
2053,0.4485
2054,0.439
2055,0.435
2056,0.441
2057,0.453
2058,0.4785
2059,0.4865
2060,0.486
2061,0.448
2062,0.411
2063,0.3895
2064,0.3795
2065,0.378
2066,0.387
2067,0.386
2068,0.3835
2069,0.3805
2070,0.3865
2071,0.4165
2072,0.4215
2073,0.427
2074,0.429
2075,0.427
2076,0.4165
2077,0.4095
2078,0.4095
2079,0.4155
2080,0.426
2081,0.4345
2082,0.4575
2083,0.477
2084,0.4675
2085,0.448
2086,0.426
2087,0.395
2088,0.38
2089,0.378
2090,0.382
2091,0.367
2092,0.3685
2093,0.375
2094,0.4025
2095,0.4285
2096,0.435
2097,0.4345
2098,0.4265
2099,0.4255
2100,0.4235
2101,0.45
2102,0.479
2103,0.442
2104,0.4295
2105,0.4305
2106,0.449
2107,0.493
2108,0.494
2109,0.4675
2110,0.425
2111,0.3995
2112,0.379
2113,0.3745
2114,0.3755
2115,0.3685
2116,0.3725
2117,0.365
2118,0.366
2119,0.38
2120,0.392
2121,0.3965
2122,0.4025
2123,0.393
2124,0.385
2125,0.3745
2126,0.3715
2127,0.371
2128,0.3755
2129,0.38
2130,0.418
2131,0.4685
2132,0.4795
2133,0.4475
2134,0.4345
2135,0.3885
2136,0.3635
2137,0.3635
2138,0.367
2139,0.3685
2140,0.406
2141,0.426
2142,0.409
2143,0.387
2144,0.453
2145,0.457
2146,0.4215
2147,0.4545
2148,0.441
2149,0.4305
2150,0.429
2151,0.3785
2152,0.375
2153,0.3875
2154,0.4605
2155,0.4725
2156,0.414
2157,0.3985
2158,0.3935
2159,0.3815
2160,0.3745
2161,0.37
2162,0.366
2163,0.3655
2164,0.3695
2165,0.381
2166,0.404
2167,0.4235
2168,0.434
2169,0.4945
2170,0.495
2171,0.4405
2172,0.435
2173,0.4255
2174,0.413
2175,0.405
2176,0.401
2177,0.408
2178,0.43
2179,0.436
2180,0.442
2181,0.426
2182,0.4075
2183,0.395
2184,0.388
2185,0.387
2186,0.383
2187,0.387
2188,0.394
2189,0.4115
2190,0.4355
2191,0.4535
2192,0.455
2193,0.455
2194,0.434
2195,0.4325
2196,0.4185
2197,0.3985
2198,0.397
2199,0.3945
2200,0.3865
2201,0.3965
2202,0.4175
2203,0.422
2204,0.412
2205,0.39
2206,0.3925
2207,0.394
2208,0.388
2209,0.3705
2210,0.3645
2211,0.375
2212,0.3895
2213,0.414
2214,0.445
2215,0.4495
2216,0.4425
2217,0.437
2218,0.425
2219,0.418
2220,0.4015
2221,0.4015
2222,0.4
2223,0.403
2224,0.399
2225,0.404
2226,0.4165
2227,0.4465
2228,0.4335
2229,0.415
2230,0.382
2231,0.374
2232,0.365
2233,0.3655
2234,0.3645
2235,0.364
2236,0.3915
2237,0.4185
2238,0.4465
2239,0.4525
2240,0.453
2241,0.453
2242,0.438
2243,0.4345
2244,0.416
2245,0.4
2246,0.4025
2247,0.4005
2248,0.406
2249,0.406
2250,0.425
2251,0.4185
2252,0.417
2253,0.3985
2254,0.3885
2255,0.3755
2256,0.3775
2257,0.3745
2258,0.375
2259,0.3755
2260,0.3685
2261,0.3935
2262,0.475
2263,0.4915
2264,0.4615
2265,0.445
2266,0.4475
2267,0.4405
2268,0.4475
2269,0.437
2270,0.441
2271,0.432
2272,0.438
2273,0.4425
2274,0.4455
2275,0.4415
2276,0.4295
2277,0.4095
2278,0.391
2279,0.387
2280,0.3835
2281,0.382
2282,0.3775
2283,0.3835
2284,0.391
2285,0.4125
2286,0.4235
2287,0.4415
2288,0.4555
2289,0.44
2290,0.445
2291,0.449
2292,0.437
2293,0.435
2294,0.437
2295,0.442
2296,0.446
2297,0.4525
2298,0.4675
2299,0.4765
2300,0.487
2301,0.49
2302,0.454
2303,0.442
2304,0.437
2305,0.4325
2306,0.429
2307,0.4235
2308,0.421
2309,0.4255
2310,0.44
2311,0.4465
2312,0.4465
2313,0.4415
2314,0.446
2315,0.438
2316,0.4235
2317,0.416
2318,0.417
2319,0.4195
2320,0.4305
2321,0.443
2322,0.4855
2323,0.543
2324,0.498
2325,0.488
2326,0.4655
2327,0.455
2328,0.4565
2329,0.4565
2330,0.4455
2331,0.458
2332,0.473
2333,0.5505
2334,0.5865
2335,0.591
2336,0.5885
2337,0.5425
2338,0.5385
2339,0.519
2340,0.5055
2341,0.4855
2342,0.476
2343,0.4715
2344,0.478
2345,0.49
2346,0.5065
2347,0.521
2348,0.506
2349,0.49
2350,0.463
2351,0.449
2352,0.452
2353,0.456
2354,0.464
2355,0.477
2356,0.494
2357,0.541
2358,0.5655
2359,0.5775
2360,0.57
2361,0.564
2362,0.5525
2363,0.561
2364,0.5875
2365,0.562
2366,0.5085
2367,0.5005
2368,0.492
2369,0.5095
2370,0.5565
2371,0.5985
2372,0.536
2373,0.5435
2374,0.4895
2375,0.477
2376,0.472
2377,0.4665
2378,0.47
2379,0.471
2380,0.4765
2381,0.549
2382,0.569
2383,0.602
2384,0.608
2385,0.598
2386,0.601
2387,0.5985
2388,0.5415
2389,0.5275
2390,0.5195
2391,0.5095
2392,0.519
2393,0.5345
2394,0.5995
2395,0.615
2396,0.625
2397,0.6035
2398,0.516
2399,0.502
2400,0.4985
2401,0.4975
2402,0.4965
2403,0.5045
2404,0.5515
2405,0.5985
2406,0.6145
2407,0.6175
2408,0.603
2409,0.5445
2410,0.5465
2411,0.56
2412,0.5345
2413,0.534
2414,0.518
2415,0.514
2416,0.5095
2417,0.5295
2418,0.561
2419,0.5965
2420,0.5635
2421,0.574
2422,0.5805
2423,0.511
2424,0.5045
2425,0.5105
2426,0.5075
2427,0.51
2428,0.5765
2429,0.5925
2430,0.599
2431,0.6085
2432,0.591
2433,0.6115
2434,0.607
2435,0.5685
2436,0.551
2437,0.537
2438,0.5355
2439,0.5275
2440,0.5825
2441,0.551
2442,0.55
2443,0.6115
2444,0.614
2445,0.6135
2446,0.58
2447,0.5085
2448,0.4895
2449,0.4765
2450,0.471
2451,0.47
2452,0.472
2453,0.479
2454,0.503
2455,0.5255
2456,0.536
2457,0.529
2458,0.5265
2459,0.522
2460,0.503
2461,0.502
2462,0.496
2463,0.4915
2464,0.489
2465,0.5005
2466,0.51
2467,0.567
2468,0.5455
2469,0.496
2470,0.477
2471,0.4655
2472,0.4595
2473,0.454
2474,0.4515
2475,0.4535
2476,0.465
2477,0.4705
2478,0.4795
2479,0.505
2480,0.511
2481,0.5225
2482,0.531
2483,0.514
2484,0.497
2485,0.48
2486,0.4725
2487,0.4745
2488,0.487
2489,0.5055
2490,0.5235
2491,0.5955
2492,0.597
2493,0.5345
2494,0.5215
2495,0.5075
2496,0.5035
2497,0.4975
2498,0.487
2499,0.489
2500,0.5015
2501,0.5245
2502,0.61
2503,0.572
2504,0.6215
2505,0.554
2506,0.541
2507,0.5375
2508,0.541
2509,0.5425
2510,0.538
2511,0.542
2512,0.5435
2513,0.5635
2514,0.643
2515,0.662
2516,0.664
2517,0.6575
2518,0.601
2519,0.561
2520,0.5635
2521,0.562
2522,0.57
2523,0.57
2524,0.642
2525,0.6345
2526,0.662
2527,0.7305
2528,0.723
2529,0.7095
2530,0.7025
2531,0.679
2532,0.6645
2533,0.648
2534,0.5955
2535,0.571
2536,0.584
2537,0.5845
2538,0.626
2539,0.6415
2540,0.6375
2541,0.5825
2542,0.563
2543,0.5485
2544,0.543
2545,0.5325
2546,0.5225
2547,0.527
2548,0.588
2549,0.5975
2550,0.615
2551,0.625
2552,0.6205
2553,0.613
2554,0.5985
2555,0.593
2556,0.5375
2557,0.5295
2558,0.5205
2559,0.5165
2560,0.58
2561,0.589
2562,0.6285
2563,0.6495
2564,0.6555
2565,0.6305
2566,0.547
2567,0.543
2568,0.544
2569,0.5375
2570,0.545
2571,0.541
2572,0.5385
2573,0.562
2574,0.584
2575,0.6045
2576,0.616
2577,0.6205
2578,0.6175
2579,0.602
2580,0.5955
2581,0.5845
2582,0.572
2583,0.562
2584,0.5625
2585,0.5585
2586,0.574
2587,0.5845
2588,0.589
2589,0.574
2590,0.575
2591,0.568
2592,0.5625
2593,0.562
2594,0.5685
2595,0.551
2596,0.566
2597,0.5875
2598,0.6045
2599,0.6125
2600,0.618
2601,0.6175
2602,0.6155
2603,0.6025
2604,0.598
2605,0.596
2606,0.573
2607,0.5735
2608,0.583
2609,0.583
2610,0.5865
2611,0.5875
2612,0.588
2613,0.5855
2614,0.571
2615,0.5595
2616,0.5515
2617,0.5455
2618,0.55
2619,0.5455
2620,0.5515
2621,0.5675
2622,0.5935
2623,0.595
2624,0.5905
2625,0.5965
2626,0.5885
2627,0.591
2628,0.5925
2629,0.5925
2630,0.582
2631,0.558
2632,0.547
2633,0.5535
2634,0.569
2635,0.569
2636,0.5665
2637,0.567
2638,0.559
2639,0.554
2640,0.547
2641,0.5505
2642,0.5515
2643,0.548
2644,0.5615
2645,0.564
2646,0.5725
2647,0.58
2648,0.594
2649,0.5945
2650,0.5915
2651,0.596
2652,0.5905
2653,0.585
2654,0.573
2655,0.5635
2656,0.551
2657,0.5535
2658,0.565
2659,0.5955
2660,0.6
2661,0.601
2662,0.5615
2663,0.557
2664,0.5375
2665,0.538
2666,0.533
2667,0.5295
2668,0.5475
2669,0.5575
2670,0.5635
2671,0.5755
2672,0.5885
2673,0.584
2674,0.5945
2675,0.5925
2676,0.5745
2677,0.562
2678,0.549
2679,0.5455
2680,0.543
2681,0.5455
2682,0.561
2683,0.561
2684,0.5405
2685,0.519
2686,0.507
2687,0.5065
2688,0.509
2689,0.5085
2690,0.5075
2691,0.5025
2692,0.516
2693,0.612
2694,0.6
2695,0.649
2696,0.6485
2697,0.641
2698,0.6235
2699,0.6635
2700,0.602
2701,0.596
2702,0.5765
2703,0.5655
2704,0.5595
2705,0.556
2706,0.573
2707,0.645
2708,0.63
2709,0.569
2710,0.5485
2711,0.5445
2712,0.543
2713,0.5445
2714,0.5475
2715,0.5605
2716,0.572
2717,0.589
2718,0.6185
2719,0.63
2720,0.628
2721,0.617
2722,0.618
2723,0.5995
2724,0.598
2725,0.604
2726,0.606
2727,0.5955
2728,0.595
2729,0.5875
2730,0.595
2731,0.5905
2732,0.587
2733,0.581
2734,0.576
2735,0.577
2736,0.569
2737,0.58
2738,0.5815
2739,0.603
2740,0.618
2741,0.627
2742,0.636
2743,0.6395
2744,0.652
2745,0.6645
2746,0.668
2747,0.668
2748,0.67
2749,0.6685
2750,0.663
2751,0.6615
2752,0.674
2753,0.69
2754,0.7
2755,0.7115
2756,0.7025
2757,0.6915
2758,0.6585
2759,0.6555
2760,0.666
2761,0.6655
2762,0.659
2763,0.654
2764,0.67
2765,0.7225
2766,0.7585
2767,0.7745
2768,0.773
2769,0.78
2770,0.788
2771,0.785
2772,0.775
2773,0.7765
2774,0.7725
2775,0.761
2776,0.718
2777,0.7245
2778,0.7265
2779,0.781
2780,0.7665
2781,0.739
2782,0.732
2783,0.713
2784,0.6345
2785,0.619
2786,0.631
2787,0.644
2788,0.6545
2789,0.662
2790,0.722
2791,0.7525
2792,0.751
2793,0.7545
2794,0.7515
2795,0.7545
2796,0.7445
2797,0.676
2798,0.6515
2799,0.632
2800,0.629
2801,0.63
2802,0.651
2803,0.6595
2804,0.6805
2805,0.653
2806,0.63
2807,0.617
2808,0.609
2809,0.608
2810,0.6085
2811,0.6115
2812,0.6335
2813,0.6425
2814,0.651
2815,0.641
2816,0.6555
2817,0.67
2818,0.6745
2819,0.674
2820,0.6705
2821,0.6505
2822,0.645
2823,0.628
2824,0.6225
2825,0.622
2826,0.643
2827,0.666
2828,0.6705
2829,0.643
2830,0.62
2831,0.6065
2832,0.6005
2833,0.5945
2834,0.594
2835,0.6095
2836,0.6915
2837,0.6985
2838,0.71
2839,0.7115
2840,0.7185
2841,0.666
2842,0.71
2843,0.7115
2844,0.683
2845,0.652
2846,0.646
2847,0.626
2848,0.611
2849,0.604
2850,0.642
2851,0.7005
2852,0.6805
2853,0.6465
2854,0.675
2855,0.639
2856,0.6185
2857,0.611
2858,0.613
2859,0.634
2860,0.642
2861,0.67
2862,0.696
2863,0.71
2864,0.699
2865,0.7005
2866,0.707
2867,0.7
2868,0.6845
2869,0.6865
2870,0.678
2871,0.6705
2872,0.624
2873,0.6305
2874,0.624
2875,0.6645
2876,0.6295
2877,0.6025
2878,0.5995
2879,0.6035
2880,0.609
2881,0.608
2882,0.6075
2883,0.603
2884,0.593
2885,0.5895
2886,0.5855
2887,0.588
2888,0.589
2889,0.5945
2890,0.5985
2891,0.601
2892,0.588
2893,0.5655
2894,0.56
2895,0.5495
2896,0.542
2897,0.5445
2898,0.549
2899,0.5615
2900,0.561
2901,0.555
2902,0.548
2903,0.545
2904,0.5445
2905,0.5365
2906,0.5445
2907,0.5555
2908,0.5735
2909,0.578
2910,0.5945
2911,0.5955
2912,0.5905
2913,0.605
2914,0.6135
2915,0.5945
2916,0.5935
2917,0.5875
2918,0.5815
2919,0.58
2920,0.582
2921,0.5875
2922,0.603
2923,0.617
2924,0.612
2925,0.598
2926,0.5735
2927,0.5655
2928,0.57
2929,0.5665
2930,0.571
2931,0.572
2932,0.5975
2933,0.61
2934,0.6115
2935,0.615
2936,0.626
2937,0.618
2938,0.6165
2939,0.611
2940,0.599
2941,0.593
2942,0.5895
2943,0.5885
2944,0.5845
2945,0.5825
2946,0.5885
2947,0.598
2948,0.5895
2949,0.583
2950,0.5735
2951,0.567
2952,0.5625
2953,0.554
2954,0.546
2955,0.5475
2956,0.561
2957,0.562
2958,0.5715
2959,0.5845
2960,0.5865
2961,0.5915
2962,0.598
2963,0.5905
2964,0.5745
2965,0.558
2966,0.5495
2967,0.5465
2968,0.544
2969,0.547
2970,0.557
2971,0.5535
2972,0.545
2973,0.539
2974,0.5285
2975,0.5205
2976,0.52
2977,0.5185
2978,0.518
2979,0.5075
2980,0.504
2981,0.5055
2982,0.5255
2983,0.531
2984,0.539
2985,0.528
2986,0.533
2987,0.543
2988,0.532
2989,0.5215
2990,0.522
2991,0.5245
2992,0.5335
2993,0.604
2994,0.587
2995,0.636
2996,0.635
2997,0.624
2998,0.5535
2999,0.5185
3000,0.515
3001,0.5055
3002,0.503
3003,0.507
3004,0.5795
3005,0.6005
3006,0.624
3007,0.632
3008,0.6195
3009,0.626
3010,0.625
3011,0.627
3012,0.6165
3013,0.6015
3014,0.545
3015,0.5345
3016,0.5265
3017,0.5665
3018,0.582
3019,0.538
3020,0.569
3021,0.5515
3022,0.5475
3023,0.5355
3024,0.5305
3025,0.521
3026,0.516
3027,0.5385
3028,0.534
3029,0.6055
3030,0.619
3031,0.618
3032,0.6185
3033,0.5975
3034,0.609
3035,0.5435
3036,0.531
3037,0.515
3038,0.5155
3039,0.505
3040,0.51
3041,0.5155
3042,0.5485
3043,0.519
3044,0.5135
3045,0.506
3046,0.495
3047,0.495
3048,0.4935
3049,0.501
3050,0.509
3051,0.516
3052,0.539
3053,0.5695
3054,0.5985
3055,0.5895
3056,0.587
3057,0.588
3058,0.595
3059,0.5965
3060,0.5705
3061,0.5675
3062,0.537
3063,0.536
3064,0.534
3065,0.54
3066,0.5475
3067,0.556
3068,0.548
3069,0.5385
3070,0.5215
3071,0.5175
3072,0.513
3073,0.51
3074,0.5135
3075,0.5105
3076,0.533
3077,0.558
3078,0.582
3079,0.5815
3080,0.5855
3081,0.5735
3082,0.573
3083,0.591
3084,0.578
3085,0.5645
3086,0.5705
3087,0.584
3088,0.6345
3089,0.6325
3090,0.6335
3091,0.6755
3092,0.6655
3093,0.6365
3094,0.5925
3095,0.604
3096,0.599
3097,0.5985
3098,0.5995
3099,0.597
3100,0.6065
3101,0.643
3102,0.653
3103,0.643
3104,0.632
3105,0.6285
3106,0.632
3107,0.625
3108,0.6155
3109,0.6225
3110,0.622
3111,0.6215
3112,0.6195
3113,0.633
3114,0.6435
3115,0.6405
3116,0.647
3117,0.639
3118,0.6345
3119,0.633
3120,0.6175
3121,0.6015
3122,0.6055
3123,0.6005
3124,0.602
3125,0.594
3126,0.61
3127,0.618
3128,0.623
3129,0.618
3130,0.627
3131,0.6275
3132,0.6075
3133,0.6005
3134,0.5935
3135,0.592
3136,0.588
3137,0.5865
3138,0.59
3139,0.5935
3140,0.5865
3141,0.571
3142,0.5695
3143,0.5585
3144,0.552
3145,0.5585
3146,0.5625
3147,0.5595
3148,0.562
3149,0.556
3150,0.557
3151,0.5705
3152,0.57
3153,0.5625
3154,0.5795
3155,0.577
3156,0.5695
3157,0.564
3158,0.5545
3159,0.5525
3160,0.561
3161,0.5735
3162,0.5725
3163,0.5755
3164,0.5685
3165,0.552
3166,0.5305
3167,0.53
3168,0.5315
3169,0.53
3170,0.5265
3171,0.525
3172,0.5255
3173,0.553
3174,0.5665
3175,0.5725
3176,0.588
3177,0.589
3178,0.581
3179,0.5695
3180,0.564
3181,0.549
3182,0.5355
3183,0.536
3184,0.539
3185,0.553
3186,0.5765
3187,0.577
3188,0.557
3189,0.5365
3190,0.5325
3191,0.515
3192,0.516
3193,0.5125
3194,0.512
3195,0.509
3196,0.516
3197,0.5265
3198,0.552
3199,0.556
3200,0.5625
3201,0.558
3202,0.5615
3203,0.566
3204,0.561
3205,0.553
3206,0.5465
3207,0.548
3208,0.537
3209,0.549
3210,0.57
3211,0.5755
3212,0.58
3213,0.5495
3214,0.532
3215,0.526
3216,0.522
3217,0.5155
3218,0.515
3219,0.514
3220,0.517
3221,0.5285
3222,0.5415
3223,0.5475
3224,0.546
3225,0.546
3226,0.5555
3227,0.545
3228,0.539
3229,0.5365
3230,0.5275
3231,0.518
3232,0.5075
3233,0.5165
3234,0.529
3235,0.5375
3236,0.5365
3237,0.527
3238,0.5205
3239,0.515
3240,0.5065
3241,0.505
3242,0.5075
3243,0.5165
3244,0.523
3245,0.5415
3246,0.545
3247,0.542
3248,0.551
3249,0.5365
3250,0.5425
3251,0.5235
3252,0.5125
3253,0.525
3254,0.523
3255,0.511
3256,0.5055
3257,0.4955
3258,0.502
3259,0.508
3260,0.5045
3261,0.505
3262,0.503
3263,0.494
3264,0.4945
3265,0.502
3266,0.4955
3267,0.5145
3268,0.5365
3269,0.5485
3270,0.568
3271,0.5865
3272,0.601
3273,0.5945
3274,0.604
3275,0.6115
3276,0.624
3277,0.6115
3278,0.6025
3279,0.6205
3280,0.614
3281,0.6235
3282,0.643
3283,0.66
3284,0.7
3285,0.628
3286,0.6125
3287,0.599
3288,0.5965
3289,0.5905
3290,0.6035
3291,0.601
3292,0.6015
3293,0.5995
3294,0.6025
3295,0.6125
3296,0.611
3297,0.6075
3298,0.597
3299,0.598
3300,0.5905
3301,0.5875
3302,0.588
3303,0.589
3304,0.5845
3305,0.587
3306,0.5945
3307,0.619
3308,0.6265
3309,0.6205
3310,0.612
3311,0.5945
3312,0.5875
3313,0.588
3314,0.579
3315,0.5765
3316,0.5795
3317,0.579
3318,0.5905
3319,0.5885
3320,0.587
3321,0.5885
3322,0.593
3323,0.596
3324,0.5885
3325,0.586
3326,0.589
3327,0.585
3328,0.579
3329,0.586
3330,0.6005
3331,0.627
3332,0.625
3333,0.6195
3334,0.5945
3335,0.577
3336,0.5725
3337,0.5725
3338,0.573
3339,0.568
3340,0.5665
3341,0.5895
3342,0.608
3343,0.6235
3344,0.632
3345,0.6325
3346,0.64
3347,0.641
3348,0.619
3349,0.613
3350,0.599
3351,0.597
3352,0.6085
3353,0.641
3354,0.671
3355,0.696
3356,0.6605
3357,0.618
3358,0.6025
3359,0.5915
3360,0.5765
3361,0.5725
3362,0.58
3363,0.601
3364,0.6215
3365,0.6345
3366,0.6975
3367,0.6955
3368,0.7035
3369,0.6455
3370,0.644
3371,0.634
3372,0.624
3373,0.607
3374,0.6035
3375,0.5855
3376,0.61
3377,0.5875
3378,0.6365
3379,0.646
3380,0.638
3381,0.5825
3382,0.569
3383,0.567
3384,0.567
3385,0.5645
3386,0.557
3387,0.563
3388,0.5595
3389,0.5915
3390,0.6635
3391,0.6685
3392,0.6625
3393,0.6255
3394,0.6245
3395,0.6535
3396,0.646
3397,0.64
3398,0.64
3399,0.635
3400,0.6405
3401,0.6315
3402,0.6145
3403,0.6355
3404,0.6335
3405,0.6025
3406,0.545
3407,0.5365
3408,0.5245
3409,0.5275
3410,0.524
3411,0.5275
3412,0.555
3413,0.588
3414,0.609
3415,0.6635
3416,0.6315
3417,0.6265
3418,0.667
3419,0.62
3420,0.6035
3421,0.5955
3422,0.588
3423,0.5925
3424,0.579
3425,0.5795
3426,0.5735
3427,0.569
3428,0.5555
3429,0.5675
3430,0.5445
3431,0.539
3432,0.5285
3433,0.5355
3434,0.52
3435,0.5405
3436,0.5545
3437,0.5815
3438,0.6165
3439,0.6315
3440,0.638
3441,0.634
3442,0.6215
3443,0.608
3444,0.5965
3445,0.5885
3446,0.5795
3447,0.578
3448,0.583
3449,0.5865
3450,0.6015
3451,0.6065
3452,0.598
3453,0.582
3454,0.5845
3455,0.5845
3456,0.578
3457,0.565
3458,0.561
3459,0.5555
3460,0.5605
3461,0.57
3462,0.5755
3463,0.5695
3464,0.5675
3465,0.573
3466,0.577
3467,0.587
3468,0.576
3469,0.5665
3470,0.559
3471,0.562
3472,0.559
3473,0.567
3474,0.581
3475,0.5845
3476,0.581
3477,0.568
3478,0.562
3479,0.563
3480,0.557
3481,0.5455
3482,0.548
3483,0.546
3484,0.545
3485,0.5615
3486,0.566
3487,0.559
3488,0.5635
3489,0.562
3490,0.559
3491,0.5645
3492,0.564
3493,0.552
3494,0.5535
3495,0.5535
3496,0.552
3497,0.5635
3498,0.582
3499,0.594
3500,0.5955
3501,0.582
3502,0.557
3503,0.5455
3504,0.5495
3505,0.549
3506,0.5535
3507,0.55
3508,0.555
3509,0.5685
3510,0.577
3511,0.581
3512,0.5805
3513,0.576
3514,0.58
3515,0.5775
3516,0.582
3517,0.553
3518,0.5395
3519,0.525
3520,0.5215
3521,0.5225
3522,0.5285
3523,0.5455
3524,0.539
3525,0.5325
3526,0.537
3527,0.534
3528,0.5345
3529,0.5335
3530,0.536
3531,0.5355
3532,0.536
3533,0.5535
3534,0.58
3535,0.584
3536,0.585
3537,0.5745
3538,0.5805
3539,0.5705
3540,0.56
3541,0.5525
3542,0.552
3543,0.553
3544,0.5485
3545,0.5525
3546,0.552
3547,0.5595
3548,0.559
3549,0.5435
3550,0.533
3551,0.5285
3552,0.5265
3553,0.5285
3554,0.528
3555,0.524
3556,0.5345
3557,0.5345
3558,0.536
3559,0.544
3560,0.5535
3561,0.5515
3562,0.5665
3563,0.567
3564,0.5535
3565,0.5455
3566,0.539
3567,0.5285
3568,0.5245
3569,0.533
3570,0.552
3571,0.5715
3572,0.5625
3573,0.547
3574,0.5175
3575,0.5075
3576,0.505
3577,0.501
3578,0.503
3579,0.5085
3580,0.5065
3581,0.5175
3582,0.53
3583,0.5335
3584,0.536
3585,0.534
3586,0.5395
3587,0.544
3588,0.5485
3589,0.5435
3590,0.528
3591,0.5305
3592,0.5355
3593,0.5475
3594,0.5695
3595,0.5765
3596,0.553
3597,0.5305
3598,0.52
3599,0.5215
3600,0.5175
3601,0.5185
3602,0.5135
3603,0.515
3604,0.5095
3605,0.5205
3606,0.528
3607,0.5465
3608,0.546
3609,0.561
3610,0.577
3611,0.5785
3612,0.5685
3613,0.5525
3614,0.538
3615,0.532
3616,0.535
3617,0.5395
3618,0.546
3619,0.55
3620,0.55
3621,0.542
3622,0.5375
3623,0.5355
3624,0.515
3625,0.505
3626,0.492
3627,0.4855
3628,0.4925
3629,0.5075
3630,0.515
3631,0.5215
3632,0.521
3633,0.522
3634,0.5335
3635,0.541
3636,0.524
3637,0.5125
3638,0.4925
3639,0.4855
3640,0.484
3641,0.485
3642,0.5245
3643,0.55
3644,0.551
3645,0.5345
3646,0.538
3647,0.5185
3648,0.5005
3649,0.4895
3650,0.479
3651,0.4725
3652,0.4745
3653,0.477
3654,0.508
3655,0.5075
3656,0.5105
3657,0.508
3658,0.5175
3659,0.526
3660,0.507
3661,0.492
3662,0.484
3663,0.4775
3664,0.475
3665,0.492
3666,0.5245
3667,0.542
3668,0.546
3669,0.5505
3670,0.523
3671,0.5175
3672,0.504
3673,0.5
3674,0.493
3675,0.492
3676,0.4975
3677,0.5145
3678,0.5365
3679,0.538
3680,0.547
3681,0.5525
3682,0.559
3683,0.5515
3684,0.5295
3685,0.524
3686,0.513
3687,0.505
3688,0.5
3689,0.5015
3690,0.516
3691,0.5245
3692,0.5235
3693,0.5165
3694,0.508
3695,0.5025
3696,0.49
3697,0.483
3698,0.482
3699,0.4805
3700,0.4895
3701,0.5155
3702,0.5295
3703,0.5475
3704,0.546
3705,0.537
3706,0.531
3707,0.5245
3708,0.5185
3709,0.508
3710,0.503
3711,0.4975
3712,0.498
3713,0.4895
3714,0.508
3715,0.5235
3716,0.524
3717,0.508
3718,0.494
3719,0.486
3720,0.482
3721,0.4835
3722,0.479
3723,0.4755
3724,0.495
3725,0.5095
3726,0.5255
3727,0.529
3728,0.5295
3729,0.5325
3730,0.534
3731,0.532
3732,0.5315
3733,0.524
3734,0.5275
3735,0.525
3736,0.522
3737,0.536
3738,0.5465
3739,0.59
3740,0.585
3741,0.571
3742,0.5525
3743,0.5465
3744,0.547
3745,0.5515
3746,0.5545
3747,0.5635
3748,0.569
3749,0.584
3750,0.6005
3751,0.594
3752,0.5925
3753,0.577
3754,0.5735
3755,0.565
3756,0.5575
3757,0.548
3758,0.551
3759,0.5475
3760,0.547
3761,0.551
3762,0.556
3763,0.5595
3764,0.551
3765,0.5135
3766,0.5015
3767,0.491
3768,0.497
3769,0.494
3770,0.4965
3771,0.5095
3772,0.513
3773,0.517
3774,0.5385
3775,0.552
3776,0.5435
3777,0.546
3778,0.556
3779,0.5505
3780,0.551
3781,0.5355
3782,0.534
3783,0.535
3784,0.538
3785,0.534
3786,0.574
3787,0.593
3788,0.592
3789,0.5385
3790,0.5225
3791,0.5115
3792,0.5095
3793,0.5065
3794,0.5045
3795,0.4995
3796,0.4985
3797,0.4985
3798,0.504
3799,0.507
3800,0.516
3801,0.508
3802,0.5075
3803,0.5035
3804,0.492
3805,0.4845
3806,0.483
3807,0.4715
3808,0.4655
3809,0.469
3810,0.4755
3811,0.493
3812,0.4985
3813,0.486
3814,0.455
3815,0.447
3816,0.4435
3817,0.4395
3818,0.439
3819,0.434
3820,0.434
3821,0.441
3822,0.4675
3823,0.474
3824,0.4765
3825,0.4905
3826,0.501
3827,0.5005
3828,0.486
3829,0.4545
3830,0.437
3831,0.431
3832,0.429
3833,0.425
3834,0.439
3835,0.4785
3836,0.482
3837,0.4705
3838,0.445
3839,0.4305
3840,0.4235
3841,0.418
3842,0.4155
3843,0.415
3844,0.4415
3845,0.4725
3846,0.4915
3847,0.508
3848,0.5155
3849,0.516
3850,0.5215
3851,0.526
3852,0.5045
3853,0.4915
3854,0.49
3855,0.4905
3856,0.4785
3857,0.47
3858,0.4665
3859,0.489
3860,0.471
3861,0.45
3862,0.452
3863,0.445
3864,0.4465
3865,0.4415
3866,0.437
3867,0.435
3868,0.4345
3869,0.455
3870,0.4965
3871,0.513
3872,0.5125
3873,0.5185
3874,0.5195
3875,0.505
3876,0.4985
3877,0.493
3878,0.486
3879,0.483
3880,0.49
3881,0.501
3882,0.5065
3883,0.5205
3884,0.5165
3885,0.4995
3886,0.4765
3887,0.4625
3888,0.446
3889,0.4315
3890,0.4265
3891,0.424
3892,0.4485
3893,0.474
3894,0.4995
3895,0.506
3896,0.506
3897,0.5115
3898,0.505
3899,0.504
3900,0.499
3901,0.4885
3902,0.4855
3903,0.479
3904,0.4755
3905,0.4785
3906,0.4875
3907,0.4915
3908,0.484
3909,0.456
3910,0.4385
3911,0.42
3912,0.4195
3913,0.417
3914,0.415
3915,0.4135
3916,0.418
3917,0.439
3918,0.471
3919,0.4875
3920,0.49
3921,0.4895
3922,0.4975
3923,0.493
3924,0.481
3925,0.471
3926,0.469
3927,0.463
3928,0.46
3929,0.4565
3930,0.457
3931,0.4705
3932,0.452
3933,0.4275
3934,0.42
3935,0.4185
3936,0.411
3937,0.409
3938,0.422
3939,0.4315
3940,0.445
3941,0.4715
3942,0.4885
3943,0.493
3944,0.4885
3945,0.485
3946,0.4855
3947,0.475
3948,0.4555
3949,0.4315
3950,0.415
3951,0.402
3952,0.392
3953,0.389
3954,0.3885
3955,0.4045
3956,0.409
3957,0.3935
3958,0.3825
3959,0.376
3960,0.3605
3961,0.3675
3962,0.362
3963,0.3595
3964,0.357
3965,0.374
3966,0.398
3967,0.4065
3968,0.405
3969,0.407
3970,0.4085
3971,0.435
3972,0.4185
3973,0.409
3974,0.3995
3975,0.381
3976,0.3805
3977,0.3765
3978,0.3925
3979,0.416
3980,0.425
3981,0.4085
3982,0.388
3983,0.368
3984,0.364
3985,0.3535
3986,0.352
3987,0.3505
3988,0.3625
3989,0.3715
3990,0.3815
3991,0.387
3992,0.3985
3993,0.429
3994,0.479
3995,0.481
3996,0.421
3997,0.401
3998,0.3935
3999,0.3845
4000,0.3765
4001,0.3735
4002,0.4035
4003,0.4695
4004,0.4815
4005,0.4635
4006,0.386
4007,0.37
4008,0.3665
4009,0.364
4010,0.371
4011,0.3755
4012,0.3845
4013,0.4485
4014,0.4615
4015,0.5135
4016,0.5145
4017,0.5155
4018,0.499
4019,0.4535
4020,0.4215
4021,0.424
4022,0.4115
4023,0.4155
4024,0.3895
4025,0.385
4026,0.418
4027,0.4495
4028,0.454
4029,0.4325
4030,0.4215
4031,0.417
4032,0.4175
4033,0.4135
4034,0.4105
4035,0.407
4036,0.409
4037,0.431
4038,0.4485
4039,0.4515
4040,0.454
4041,0.4525
4042,0.433
4043,0.426
4044,0.4205
4045,0.419
4046,0.4155
4047,0.4115
4048,0.4065
4049,0.41
4050,0.4195
4051,0.438
4052,0.435
4053,0.425
4054,0.411
4055,0.4075
4056,0.4
4057,0.3985
4058,0.3985
4059,0.4005
4060,0.41
4061,0.4255
4062,0.45
4063,0.4565
4064,0.4635
4065,0.4745
4066,0.484
4067,0.469
4068,0.4445
4069,0.429
4070,0.428
4071,0.425
4072,0.428
4073,0.433
4074,0.463
4075,0.4775
4076,0.474
4077,0.4535
4078,0.442
4079,0.4215
4080,0.4135
4081,0.414
4082,0.414
4083,0.421
4084,0.4315
4085,0.444
4086,0.4585
4087,0.528
4088,0.5445
4089,0.5525
4090,0.558
4091,0.5575
4092,0.5335
4093,0.46
4094,0.45
4095,0.436
4096,0.44
4097,0.439
4098,0.4455
4099,0.455
4100,0.46
4101,0.4515
4102,0.4395
4103,0.4315
4104,0.4335
4105,0.4455
4106,0.451
4107,0.445
4108,0.446
4109,0.4575
4110,0.528
4111,0.5535
4112,0.5725
4113,0.544
4114,0.554
4115,0.5515
4116,0.5145
4117,0.4955
4118,0.484
4119,0.467
4120,0.472
4121,0.469
4122,0.4715
4123,0.4755
4124,0.4765
4125,0.4685
4126,0.45
4127,0.4465
4128,0.437
4129,0.4255
4130,0.429
4131,0.4285
4132,0.431
4133,0.4305
4134,0.4365
4135,0.4365
4136,0.447
4137,0.4405
4138,0.4385
4139,0.43
4140,0.41
4141,0.4075
4142,0.401
4143,0.4005
4144,0.4025
4145,0.403
4146,0.4195
4147,0.441
4148,0.4735
4149,0.433
4150,0.422
4151,0.409
4152,0.4
4153,0.3905
4154,0.388
4155,0.389
4156,0.3945
4157,0.3955
4158,0.4
4159,0.4095
4160,0.411
4161,0.4185
4162,0.4205
4163,0.4265
4164,0.412
4165,0.4025
4166,0.399
4167,0.3985
4168,0.472
4169,0.4785
4170,0.494
4171,0.507
4172,0.498
4173,0.4485
4174,0.432
4175,0.4115
4176,0.4085
4177,0.405
4178,0.405
4179,0.3985
4180,0.4025
4181,0.4065
4182,0.426
4183,0.455
4184,0.4595
4185,0.4685
4186,0.4795
4187,0.4795
4188,0.458
4189,0.451
4190,0.444
4191,0.4445
4192,0.4895
4193,0.4955
4194,0.508
4195,0.5275
4196,0.5295
4197,0.521
4198,0.447
4199,0.4305
4200,0.4275
4201,0.4175
4202,0.4175
4203,0.4215
4204,0.4275
4205,0.434
4206,0.479
4207,0.4885
4208,0.4895
4209,0.487
4210,0.482
4211,0.462
4212,0.4525
4213,0.435
4214,0.4125
4215,0.4115
4216,0.4145
4217,0.4235
4218,0.438
4219,0.4375
4220,0.433
4221,0.4185
4222,0.405
4223,0.4015
4224,0.401
4225,0.382
4226,0.3795
4227,0.383
4228,0.39
4229,0.4195
4230,0.46
4231,0.477
4232,0.473
4233,0.46
4234,0.434
4235,0.4305
4236,0.419
4237,0.4095
4238,0.401
4239,0.4095
4240,0.4005
4241,0.4125
4242,0.4265
4243,0.4365
4244,0.4375
4245,0.429
4246,0.4035
4247,0.397
4248,0.391
4249,0.3865
4250,0.3815
4251,0.3855
4252,0.3875
4253,0.3815
4254,0.405
4255,0.4135
4256,0.422
4257,0.417
4258,0.4125
4259,0.4165
4260,0.4145
4261,0.4105
4262,0.4065
4263,0.404
4264,0.402
4265,0.406
4266,0.432
4267,0.4315
4268,0.434
4269,0.4225
4270,0.411
4271,0.4035
4272,0.398
4273,0.399
4274,0.396
4275,0.397
4276,0.406
4277,0.4105
4278,0.439
4279,0.456
4280,0.4635
4281,0.466
4282,0.461
4283,0.461
4284,0.4535
4285,0.437
4286,0.4905
4287,0.4895
4288,0.4875
4289,0.429
4290,0.4365
4291,0.436
4292,0.4285
4293,0.4145
4294,0.4075
4295,0.3955
4296,0.3985
4297,0.394
4298,0.3845
4299,0.3875
4300,0.3935
4301,0.3955
4302,0.4055
4303,0.422
4304,0.4205
4305,0.429
4306,0.4305
4307,0.438
4308,0.422
4309,0.413
4310,0.4065
4311,0.4
4312,0.4035
4313,0.407
4314,0.411
4315,0.42
4316,0.419
4317,0.412
4318,0.3995
4319,0.394
4320,0.3855
4321,0.381
4322,0.38
4323,0.3755
4324,0.377
4325,0.377
4326,0.392
4327,0.3925
4328,0.4025
4329,0.41
4330,0.4115
4331,0.4155
4332,0.4095
4333,0.3985
4334,0.396
4335,0.396
4336,0.3975
4337,0.4035
4338,0.4135
4339,0.4385
4340,0.4505
4341,0.4305
4342,0.404
4343,0.3795
4344,0.3715
4345,0.3735
4346,0.376
4347,0.374
4348,0.3745
4349,0.384
4350,0.41
4351,0.4145
4352,0.43
4353,0.4365
4354,0.4425
4355,0.4505
4356,0.4955
4357,0.425
4358,0.414
4359,0.457
4360,0.401
4361,0.384
4362,0.3895
4363,0.378
4364,0.3715
4365,0.3615
4366,0.344
4367,0.334
4368,0.3305
4369,0.3245
4370,0.325
4371,0.329
4372,0.341
4373,0.346
4374,0.378
4375,0.427
4376,0.462
4377,0.494
4378,0.4715
4379,0.469
4380,0.5055
4381,0.476
4382,0.4625
4383,0.448
4384,0.43
4385,0.4165
4386,0.4325
4387,0.408
4388,0.4365
4389,0.377
4390,0.354
4391,0.346
4392,0.344
4393,0.338
4394,0.3385
4395,0.3365
4396,0.3435
4397,0.348
4398,0.38
4399,0.4375
4400,0.4595
4401,0.486
4402,0.537
4403,0.5295
4404,0.466
4405,0.4525
4406,0.45
4407,0.446
4408,0.4295
4409,0.424
4410,0.4235
4411,0.4225
4412,0.4105
4413,0.399
4414,0.3885
4415,0.3875
4416,0.3845
4417,0.3775
4418,0.367
4419,0.3625
4420,0.374
4421,0.376
4422,0.4
4423,0.442
4424,0.4625
4425,0.488
4426,0.4985
4427,0.493
4428,0.468
4429,0.445
4430,0.44
4431,0.4375
4432,0.433
4433,0.415
4434,0.436
4435,0.44
4436,0.439
4437,0.4205
4438,0.399
4439,0.3755
4440,0.3615
4441,0.3605
4442,0.3625
4443,0.3795
4444,0.3855
4445,0.405
4446,0.4565
4447,0.504
4448,0.5225
4449,0.533
4450,0.5505
4451,0.5285
4452,0.485
4453,0.4605
4454,0.4485
4455,0.4395
4456,0.435
4457,0.4375
4458,0.439
4459,0.4425
4460,0.4405
4461,0.4185
4462,0.4085
4463,0.397
4464,0.3895
4465,0.3795
4466,0.375
4467,0.3705
4468,0.366
4469,0.3685
4470,0.386
4471,0.413
4472,0.423
4473,0.434
4474,0.4425
4475,0.4405
4476,0.42
4477,0.3885
4478,0.3735
4479,0.361
4480,0.3495
4481,0.3485
4482,0.361
4483,0.383
4484,0.394
4485,0.4025
4486,0.387
4487,0.3755
4488,0.3765
4489,0.363
4490,0.349
4491,0.3375
4492,0.33
4493,0.321
4494,0.3445
4495,0.388
4496,0.4
4497,0.415
4498,0.4165
4499,0.4315
4500,0.4185
4501,0.407
4502,0.383
4503,0.3625
4504,0.351
4505,0.341
4506,0.344
4507,0.3535
4508,0.3615
4509,0.3585
4510,0.3385
4511,0.329
4512,0.327
4513,0.325
4514,0.325
4515,0.332
4516,0.3435
4517,0.3515
4518,0.3895
4519,0.4125
4520,0.441
4521,0.455
4522,0.457
4523,0.4565
4524,0.4465
4525,0.432
4526,0.4165
4527,0.3895
4528,0.369
4529,0.3655
4530,0.3545
4531,0.3815
4532,0.3945
4533,0.3765
4534,0.375
4535,0.3655
4536,0.368
4537,0.3745
4538,0.384
4539,0.3985
4540,0.3895
4541,0.3975
4542,0.4245
4543,0.4425
4544,0.4615
4545,0.4755
4546,0.4825
4547,0.4895
4548,0.4635
4549,0.4465
4550,0.4425
4551,0.438
4552,0.4475
4553,0.432
4554,0.429
4555,0.434
4556,0.4175
4557,0.3995
4558,0.381
4559,0.369
4560,0.3475
4561,0.3555
4562,0.3615
4563,0.358
4564,0.37
4565,0.374
4566,0.3875
4567,0.404
4568,0.4165
4569,0.4475
4570,0.465
4571,0.477
4572,0.457
4573,0.4555
4574,0.4445
4575,0.438
4576,0.4185
4577,0.412
4578,0.4265
4579,0.428
4580,0.4075
4581,0.386
4582,0.362
4583,0.349
4584,0.351
4585,0.3395
4586,0.3475
4587,0.358
4588,0.3595
4589,0.366
4590,0.3905
4591,0.416
4592,0.4405
4593,0.45
4594,0.4665
4595,0.472
4596,0.4585
4597,0.4575
4598,0.45
4599,0.415
4600,0.408
4601,0.4115
4602,0.408
4603,0.4
4604,0.374
4605,0.356
4606,0.3475
4607,0.3355
4608,0.33
4609,0.3275
4610,0.3315
4611,0.343
4612,0.3575
4613,0.3745
4614,0.4005
4615,0.4245
4616,0.4695
4617,0.4885
4618,0.4975
4619,0.492
4620,0.469
4621,0.446
4622,0.4415
4623,0.4325
4624,0.417
4625,0.382
4626,0.3815
4627,0.372
4628,0.36
4629,0.359
4630,0.3535
4631,0.3505
4632,0.3325
4633,0.3255
4634,0.316
4635,0.311
4636,0.3065
4637,0.302
4638,0.3205
4639,0.342
4640,0.364
4641,0.3795
4642,0.3855
4643,0.387
4644,0.3675
4645,0.361
4646,0.342
4647,0.3305
4648,0.326
4649,0.3255
4650,0.3385
4651,0.3285
4652,0.339
4653,0.337
4654,0.332
4655,0.3285
4656,0.3095
4657,0.309
4658,0.301
4659,0.302
4660,0.3155
4661,0.3215
4662,0.3425
4663,0.3565
4664,0.3605
4665,0.364
4666,0.366
4667,0.364
4668,0.361
4669,0.3405
4670,0.334
4671,0.314
4672,0.3115
4673,0.326
4674,0.3395
4675,0.3725
4676,0.3835
4677,0.3715
4678,0.3525
4679,0.3365
4680,0.324
4681,0.3165
4682,0.3155
4683,0.3125
4684,0.321
4685,0.33
4686,0.361
4687,0.3985
4688,0.416
4689,0.4325
4690,0.4525
4691,0.475
4692,0.4355
4693,0.4155
4694,0.4125
4695,0.3945
4696,0.375
4697,0.364
4698,0.363
4699,0.3705
4700,0.3825
4701,0.3695
4702,0.36
4703,0.35
4704,0.336
4705,0.3195
4706,0.313
4707,0.318
4708,0.322
4709,0.343
4710,0.374
4711,0.4065
4712,0.427
4713,0.4685
4714,0.476
4715,0.481
4716,0.4765
4717,0.4345
4718,0.443
4719,0.4245
4720,0.3735
4721,0.362
4722,0.359
4723,0.371
4724,0.37
4725,0.3585
4726,0.3445
4727,0.332
4728,0.3235
4729,0.3205
4730,0.3215
4731,0.3255
4732,0.3295
4733,0.334
4734,0.3695
4735,0.392
4736,0.4
4737,0.482
4738,0.5
4739,0.455
4740,0.452
4741,0.4215
4742,0.419
4743,0.403
4744,0.3895
4745,0.381
4746,0.3775
4747,0.3665
4748,0.354
4749,0.34
4750,0.3295
4751,0.3295
4752,0.322
4753,0.3145
4754,0.323
4755,0.327
4756,0.332
4757,0.3355
4758,0.334
4759,0.3575
4760,0.382
4761,0.4095
4762,0.426
4763,0.438
4764,0.4345
4765,0.4265
4766,0.406
4767,0.396
4768,0.3795
4769,0.375
4770,0.4315
4771,0.422
4772,0.411
4773,0.3535
4774,0.3245
4775,0.3215
4776,0.3215
4777,0.325
4778,0.3215
4779,0.3205
4780,0.3265
4781,0.326
4782,0.391
4783,0.4495
4784,0.426
4785,0.4365
4786,0.4405
4787,0.433
4788,0.404
4789,0.391
4790,0.3735
4791,0.3605
4792,0.3485
4793,0.3445
4794,0.3435
4795,0.3475
4796,0.352
4797,0.3385
4798,0.326
4799,0.3245
4800,0.314
4801,0.306
4802,0.3005
4803,0.309
4804,0.313
4805,0.3145
4806,0.3365
4807,0.3745
4808,0.3915
4809,0.398
4810,0.3995
4811,0.4015
4812,0.393
4813,0.361
4814,0.337
4815,0.3215
4816,0.3165
4817,0.3185
4818,0.3245
4819,0.331
4820,0.336
4821,0.333
4822,0.318
4823,0.2985
4824,0.2885
4825,0.2895
4826,0.288
4827,0.2855
4828,0.301
4829,0.31
4830,0.329
4831,0.3655
4832,0.3665
4833,0.3565
4834,0.3635
4835,0.366
4836,0.3565
4837,0.347
4838,0.3305
4839,0.3185
4840,0.313
4841,0.319
4842,0.3235
4843,0.3285
4844,0.3345
4845,0.3325
4846,0.3215
4847,0.3175
4848,0.316
4849,0.313
4850,0.3165
4851,0.3205
4852,0.3385
4853,0.3455
4854,0.369
4855,0.391
4856,0.4115
4857,0.427
4858,0.436
4859,0.4265
4860,0.4115
4861,0.3775
4862,0.371
4863,0.366
4864,0.358
4865,0.356
4866,0.3495
4867,0.341
4868,0.34
4869,0.3305
4870,0.325
4871,0.326
4872,0.316
4873,0.314
4874,0.309
4875,0.3065
4876,0.3115
4877,0.314
4878,0.322
4879,0.371
4880,0.3895
4881,0.3975
4882,0.4645
4883,0.4565
4884,0.4035
4885,0.4115
4886,0.368
4887,0.361
4888,0.3565
4889,0.3575
4890,0.3625
4891,0.374
4892,0.3675
4893,0.358
4894,0.3395
4895,0.33
4896,0.3255
4897,0.321
4898,0.3265
4899,0.3295
4900,0.33
4901,0.336
4902,0.363
4903,0.379
4904,0.3865
4905,0.3925
4906,0.441
4907,0.4425
4908,0.452
4909,0.442
4910,0.4325
4911,0.418
4912,0.413
4913,0.4125
4914,0.405
4915,0.3615
4916,0.348
4917,0.334
4918,0.3235
4919,0.3135
4920,0.306
4921,0.303
4922,0.3015
4923,0.303
4924,0.3035
4925,0.317
4926,0.3385
4927,0.36
4928,0.385
4929,0.385
4930,0.3815
4931,0.385
4932,0.376
4933,0.3675
4934,0.379
4935,0.437
4936,0.4275
4937,0.4235
4938,0.428
4939,0.356
4940,0.3475
4941,0.327
4942,0.3185
4943,0.321
4944,0.319
4945,0.311
4946,0.3015
4947,0.306
4948,0.315
4949,0.3335
4950,0.3575
4951,0.3945
4952,0.4645
4953,0.471
4954,0.477
4955,0.4095
4956,0.3985
4957,0.361
4958,0.3475
4959,0.34
4960,0.3345
4961,0.3355
4962,0.333
4963,0.3325
4964,0.3315
4965,0.3375
4966,0.3205
4967,0.3115
4968,0.302
4969,0.3005
4970,0.2885
4971,0.289
4972,0.293
4973,0.305
4974,0.3205
4975,0.35
4976,0.374
4977,0.3725
4978,0.3715
4979,0.375
4980,0.362
4981,0.343
4982,0.3335
4983,0.321
4984,0.322
4985,0.3185
4986,0.3205
4987,0.336
4988,0.338
4989,0.327
4990,0.3145
4991,0.313
4992,0.302
4993,0.2975
4994,0.3
4995,0.2975
4996,0.3045
4997,0.3055
4998,0.309
4999,0.3315
5000,0.352
5001,0.359
5002,0.3575
5003,0.372
5004,0.3645
5005,0.34
5006,0.3225
5007,0.3225
5008,0.317
5009,0.323
5010,0.3485
5011,0.3725
5012,0.4195
5013,0.355
5014,0.338
5015,0.3135
5016,0.3025
5017,0.3
5018,0.295
5019,0.3
5020,0.309
5021,0.327
5022,0.3405
5023,0.388
5024,0.411
5025,0.405
5026,0.401
5027,0.393
5028,0.379
5029,0.348
5030,0.3335
5031,0.316
5032,0.3235
5033,0.321
5034,0.3195
5035,0.316
5036,0.317
5037,0.31
5038,0.302
5039,0.2935
5040,0.292
5041,0.2935
5042,0.291
5043,0.2905
5044,0.3025
5045,0.3045
5046,0.3245
5047,0.3655
5048,0.3775
5049,0.385
5050,0.416
5051,0.4335
5052,0.404
5053,0.369
5054,0.346
5055,0.3305
5056,0.3245
5057,0.311
5058,0.313
5059,0.311
5060,0.308
5061,0.309
5062,0.299
5063,0.2955
5064,0.285
5065,0.2795
5066,0.2775
5067,0.276
5068,0.2825
5069,0.291
5070,0.3085
5071,0.3415
5072,0.354
5073,0.383
5074,0.387
5075,0.3855
5076,0.389
5077,0.3675
5078,0.358
5079,0.337
5080,0.3195
5081,0.3075
5082,0.3075
5083,0.3105
5084,0.3085
5085,0.2965
5086,0.292
5087,0.288
5088,0.277
5089,0.274
5090,0.2725
5091,0.276
5092,0.2805
5093,0.2835
5094,0.293
5095,0.3295
5096,0.3695
5097,0.3775
5098,0.4545
5099,0.4635
5100,0.451
5101,0.423
5102,0.348
5103,0.33
5104,0.3215
5105,0.317
5106,0.316
5107,0.3205
5108,0.3225
5109,0.3145
5110,0.2975
5111,0.299
5112,0.297
5113,0.2865
5114,0.2845
5115,0.288
5116,0.3045
5117,0.3045
5118,0.3355
5119,0.354
5120,0.3625
5121,0.387
5122,0.3885
5123,0.396
5124,0.396
5125,0.3645
5126,0.349
5127,0.3415
5128,0.331
5129,0.3235
5130,0.3205
5131,0.3785
5132,0.38
5133,0.32
5134,0.3155
5135,0.309
5136,0.3095
5137,0.3105
5138,0.3085
5139,0.306
5140,0.3085
5141,0.289
5142,0.2835
5143,0.317
5144,0.333
5145,0.3375
5146,0.343
5147,0.34
5148,0.3395
5149,0.3185
5150,0.3085
5151,0.299
5152,0.3015
5153,0.312
5154,0.3165
5155,0.335
5156,0.328
5157,0.3205
5158,0.308
5159,0.3015
5160,0.29
5161,0.2845
5162,0.288
5163,0.29
5164,0.2825
5165,0.2835
5166,0.29
5167,0.314
5168,0.331
5169,0.348
5170,0.3515
5171,0.355
5172,0.3445
5173,0.318
5174,0.3095
5175,0.303
5176,0.3
5177,0.318
5178,0.3225
5179,0.397
5180,0.39
5181,0.3195
5182,0.2975
5183,0.2895
5184,0.282
5185,0.282
5186,0.283
5187,0.2835
5188,0.289
5189,0.2965
5190,0.3025
5191,0.3355
5192,0.355
5193,0.365
5194,0.38
5195,0.389
5196,0.373
5197,0.362
5198,0.3525
5199,0.3335
5200,0.326
5201,0.3275
5202,0.3855
5203,0.398
5204,0.4055
5205,0.344
5206,0.306
5207,0.297
5208,0.2905
5209,0.287
5210,0.2895
5211,0.288
5212,0.29
5213,0.2895
5214,0.302
5215,0.3455
5216,0.365
5217,0.3695
5218,0.363
5219,0.3725
5220,0.3785
5221,0.3555
5222,0.349
5223,0.335
5224,0.333
5225,0.3345
5226,0.3925
5227,0.401
5228,0.341
5229,0.3345
5230,0.324
5231,0.3035
5232,0.294
5233,0.285
5234,0.286
5235,0.289
5236,0.301
5237,0.3145
5238,0.331
5239,0.3775
5240,0.408
5241,0.418
5242,0.4225
5243,0.4205
5244,0.4205
5245,0.3875
5246,0.37
5247,0.3515
5248,0.3405
5249,0.34
5250,0.402
5251,0.4045
5252,0.398
5253,0.329
5254,0.3125
5255,0.308
5256,0.303
5257,0.2855
5258,0.2865
5259,0.29
5260,0.2995
5261,0.305
5262,0.3265
5263,0.366
5264,0.378
5265,0.3715
5266,0.366
5267,0.3745
5268,0.364
5269,0.3495
5270,0.3455
5271,0.342
5272,0.336
5273,0.3355
5274,0.339
5275,0.363
5276,0.3485
5277,0.33
5278,0.3125
5279,0.303
5280,0.301
5281,0.3005
5282,0.3005
5283,0.294
5284,0.294
5285,0.294
5286,0.311
5287,0.358
5288,0.38
5289,0.375
5290,0.367
5291,0.3715
5292,0.364
5293,0.3475
5294,0.3455
5295,0.336
5296,0.3245
5297,0.3215
5298,0.345
5299,0.417
5300,0.4165
5301,0.4055
5302,0.3225
5303,0.29
5304,0.28
5305,0.271
5306,0.267
5307,0.2655
5308,0.2625
5309,0.2645
5310,0.277
5311,0.3255
5312,0.347
5313,0.3515
5314,0.3565
5315,0.3605
5316,0.3485
5317,0.3255
5318,0.311
5319,0.288
5320,0.2755
5321,0.285
5322,0.305
5323,0.3085
5324,0.308
5325,0.3045
5326,0.294
5327,0.286
5328,0.2775
5329,0.257
5330,0.2575
5331,0.2535
5332,0.254
5333,0.259
5334,0.268
5335,0.2905
5336,0.2985
5337,0.3025
5338,0.2935
5339,0.29
5340,0.2845
5341,0.2815
5342,0.2855
5343,0.2815
5344,0.2955
5345,0.2925
5346,0.2955
5347,0.3185
5348,0.315
5349,0.3075
5350,0.271
5351,0.268
5352,0.268
5353,0.2645
5354,0.2655
5355,0.273
5356,0.2805
5357,0.284
5358,0.3055
5359,0.3235
5360,0.343
5361,0.3505
5362,0.369
5363,0.3845
5364,0.385
5365,0.3525
5366,0.3395
5367,0.335
5368,0.3305
5369,0.333
5370,0.3365
5371,0.3785
5372,0.37
5373,0.299
5374,0.2745
5375,0.2655
5376,0.2655
5377,0.267
5378,0.267
5379,0.2655
5380,0.2725
5381,0.28
5382,0.2875
5383,0.311
5384,0.3245
5385,0.3325
5386,0.358
5387,0.3865
5388,0.4125
5389,0.377
5390,0.364
5391,0.356
5392,0.3535
5393,0.3425
5394,0.3425
5395,0.404
5396,0.403
5397,0.339
5398,0.357
5399,0.3305
5400,0.269
5401,0.2695
5402,0.2715
5403,0.2755
5404,0.279
5405,0.291
5406,0.3185
5407,0.3425
5408,0.3645
5409,0.3805
5410,0.393
5411,0.3965
5412,0.389
5413,0.354
5414,0.3375
5415,0.3255
5416,0.3145
5417,0.324
5418,0.401
5419,0.411
5420,0.397
5421,0.3215
5422,0.2985
5423,0.274
5424,0.263
5425,0.2625
5426,0.257
5427,0.2545
5428,0.254
5429,0.2635
5430,0.269
5431,0.2745
5432,0.2815
5433,0.2875
5434,0.291
5435,0.291
5436,0.2895
5437,0.282
5438,0.284
5439,0.2855
5440,0.28
5441,0.2805
5442,0.301
5443,0.384
5444,0.389
5445,0.374
5446,0.288
5447,0.2635
5448,0.2625
5449,0.2585
5450,0.2595
5451,0.2595
5452,0.264
5453,0.268
5454,0.2835
5455,0.3165
5456,0.334
5457,0.345
5458,0.3395
5459,0.3415
5460,0.3525
5461,0.3415
5462,0.3775
5463,0.3535
5464,0.36
5465,0.366
5466,0.3705
5467,0.3955
5468,0.319
5469,0.2795
5470,0.2555
5471,0.2565
5472,0.2525
5473,0.2495
5474,0.246
5475,0.248
5476,0.244
5477,0.255
5478,0.264
5479,0.2885
5480,0.299
5481,0.3025
5482,0.2995
5483,0.3025
5484,0.314
5485,0.305
5486,0.296
5487,0.283
5488,0.2765
5489,0.2815
5490,0.284
5491,0.337
5492,0.3175
5493,0.275
5494,0.263
5495,0.255
5496,0.2525
5497,0.2525
5498,0.2515
5499,0.2515
5500,0.251
5501,0.252
5502,0.2595
5503,0.269
5504,0.2885
5505,0.297
5506,0.3035
5507,0.2985
5508,0.294
5509,0.287
5510,0.281
5511,0.2765
5512,0.271
5513,0.2755
5514,0.2835
5515,0.3615
5516,0.3585
5517,0.275
5518,0.266
5519,0.2635
5520,0.2615
5521,0.2545
5522,0.2615
5523,0.261
5524,0.265
5525,0.2685
5526,0.3485
5527,0.379
5528,0.401
5529,0.4205
5530,0.4395
5531,0.448
5532,0.441
5533,0.366
5534,0.356
5535,0.3475
5536,0.3295
5537,0.3305
5538,0.338
5539,0.4025
5540,0.3575
5541,0.3015
5542,0.2905
5543,0.288
5544,0.285
5545,0.2875
5546,0.2965
5547,0.2975
5548,0.306
5549,0.315
5550,0.362
5551,0.3865
5552,0.3955
5553,0.395
5554,0.372
5555,0.44
5556,0.44
5557,0.4165
5558,0.3875
5559,0.3845
5560,0.3635
5561,0.357
5562,0.3645
5563,0.3705
5564,0.3405
5565,0.3225
5566,0.308
5567,0.3015
5568,0.3005
5569,0.297
5570,0.294
5571,0.29
5572,0.298
5573,0.298
5574,0.3035
5575,0.32
5576,0.3405
5577,0.3515
5578,0.4395
5579,0.3965
5580,0.4455
5581,0.3775
5582,0.3705
5583,0.4075
5584,0.39
5585,0.366
5586,0.374
5587,0.3805
5588,0.291
5589,0.2875
5590,0.287
5591,0.288
5592,0.2825
5593,0.283
5594,0.2835
5595,0.2825
5596,0.283
5597,0.279
5598,0.2855
5599,0.3105
5600,0.3285
5601,0.3495
5602,0.364
5603,0.397
5604,0.3885
5605,0.3635
5606,0.351
5607,0.3425
5608,0.31
5609,0.3105
5610,0.3285
5611,0.356
5612,0.346
5613,0.338
5614,0.293
5615,0.2835
5616,0.274
5617,0.269
5618,0.2715
5619,0.2725
5620,0.278
5621,0.2815
5622,0.2945
5623,0.3125
5624,0.3235
5625,0.327
5626,0.3445
5627,0.345
5628,0.355
5629,0.346
5630,0.3345
5631,0.329
5632,0.334
5633,0.3375
5634,0.3405
5635,0.349
5636,0.3305
5637,0.2955
5638,0.2745
5639,0.273
5640,0.2765
5641,0.2685
5642,0.2685
5643,0.2635
5644,0.262
5645,0.2615
5646,0.2675
5647,0.301
5648,0.3125
5649,0.3115
5650,0.308
5651,0.308
5652,0.302
5653,0.2875
5654,0.2775
5655,0.2825
5656,0.2885
5657,0.3005
5658,0.3385
5659,0.3345
5660,0.331
5661,0.331
5662,0.2865
5663,0.277
5664,0.272
5665,0.2675
5666,0.269
5667,0.2665
5668,0.265
5669,0.2605
5670,0.2595
5671,0.285
5672,0.2975
5673,0.2965
5674,0.2915
5675,0.2955
5676,0.298
5677,0.2835
5678,0.274
5679,0.269
5680,0.2755
5681,0.2805
5682,0.2915
5683,0.311
5684,0.3275
5685,0.307
5686,0.2755
5687,0.267
5688,0.2655
5689,0.2645
5690,0.2635
5691,0.26
5692,0.263
5693,0.262
5694,0.2785
5695,0.3195
5696,0.333
5697,0.3705
5698,0.369
5699,0.368
5700,0.37
5701,0.3645
5702,0.354
5703,0.355
5704,0.3605
5705,0.3705
5706,0.3735
5707,0.3815
5708,0.364
5709,0.3305
5710,0.294
5711,0.289
5712,0.286
5713,0.2805
5714,0.2785
5715,0.278
5716,0.2805
5717,0.296
5718,0.3205
5719,0.353
5720,0.3565
5721,0.3485
5722,0.352
5723,0.347
5724,0.339
5725,0.328
5726,0.321
5727,0.3205
5728,0.3215
5729,0.325
5730,0.3435
5731,0.342
5732,0.325
5733,0.3185
5734,0.3045
5735,0.299
5736,0.2955
5737,0.296
5738,0.293
5739,0.298
5740,0.2955
5741,0.3
5742,0.3155
5743,0.3545
5744,0.36
5745,0.356
5746,0.355
5747,0.351
5748,0.3515
5749,0.3435
5750,0.3335
5751,0.3405
5752,0.339
5753,0.352
5754,0.3535
5755,0.3495
5756,0.327
5757,0.304
5758,0.2895
5759,0.2845
5760,0.282
5761,0.277
5762,0.2765
5763,0.2805
5764,0.283
5765,0.291
5766,0.35
5767,0.38
5768,0.3845
5769,0.3705
5770,0.3795
5771,0.3845
5772,0.374
5773,0.3565
5774,0.3465
5775,0.332
5776,0.3315
5777,0.341
5778,0.3295
5779,0.3245
5780,0.3195
5781,0.31
5782,0.303
5783,0.3
5784,0.2895
5785,0.288
5786,0.2905
5787,0.293
5788,0.3015
5789,0.308
5790,0.363
5791,0.382
5792,0.398
5793,0.3945
5794,0.394
5795,0.3895
5796,0.384
5797,0.355
5798,0.355
5799,0.3615
5800,0.3645
5801,0.363
5802,0.379
5803,0.3655
5804,0.351
5805,0.3295
5806,0.305
5807,0.303
5808,0.294
5809,0.2835
5810,0.2715
5811,0.2715
5812,0.265
5813,0.274
5814,0.2745
5815,0.296
5816,0.309
5817,0.305
5818,0.302
5819,0.3035
5820,0.31
5821,0.294
5822,0.2735
5823,0.2725
5824,0.278
5825,0.2865
5826,0.2925
5827,0.294
5828,0.2805
5829,0.2765
5830,0.2825
5831,0.279
5832,0.277
5833,0.2725
5834,0.2695
5835,0.267
5836,0.2665
5837,0.2595
5838,0.261
5839,0.2815
5840,0.299
5841,0.3045
5842,0.3035
5843,0.299
5844,0.2955
5845,0.279
5846,0.2755
5847,0.2655
5848,0.2655
5849,0.267
5850,0.279
5851,0.285
5852,0.281
5853,0.2735
5854,0.263
5855,0.254
5856,0.258
5857,0.2555
5858,0.256
5859,0.2575
5860,0.266
5861,0.2795
5862,0.2925
5863,0.295
5864,0.293
5865,0.2905
5866,0.2955
5867,0.2875
5868,0.286
5869,0.2785
5870,0.2765
5871,0.2835
5872,0.3025
5873,0.319
5874,0.344
5875,0.3525
5876,0.305
5877,0.286
5878,0.281
5879,0.276
5880,0.2655
5881,0.2655
5882,0.267
5883,0.2745
5884,0.271
5885,0.273
5886,0.281
5887,0.2875
5888,0.3115
5889,0.3475
5890,0.324
5891,0.3545
5892,0.3555
5893,0.358
5894,0.3555
5895,0.3615
5896,0.358
5897,0.368
5898,0.376
5899,0.369
5900,0.3435
5901,0.3295
5902,0.2855
5903,0.2785
5904,0.266
5905,0.2785
5906,0.2825
5907,0.2915
5908,0.306
5909,0.3475
5910,0.361
5911,0.3665
5912,0.3725
5913,0.363
5914,0.364
5915,0.3635
5916,0.3545
5917,0.3375
5918,0.327
5919,0.2965
5920,0.2835
5921,0.282
5922,0.284
5923,0.2825
5924,0.2725
5925,0.2705
5926,0.2685
5927,0.255
5928,0.252
5929,0.248
5930,0.2445
5931,0.245
5932,0.25
5933,0.261
5934,0.2695
5935,0.279
5936,0.2845
5937,0.292
5938,0.289
5939,0.2905
5940,0.287
5941,0.2815
5942,0.2845
5943,0.2845
5944,0.292
5945,0.2915
5946,0.301
5947,0.301
5948,0.279
5949,0.2655
5950,0.2475
5951,0.2455
5952,0.2425
5953,0.2435
5954,0.2465
5955,0.249
5956,0.2575
5957,0.2555
5958,0.2595
5959,0.2625
5960,0.271
5961,0.2705
5962,0.283
5963,0.2915
5964,0.294
5965,0.2945
5966,0.295
5967,0.288
5968,0.29
5969,0.2965
5970,0.2835
5971,0.27
5972,0.261
5973,0.2505
5974,0.246
5975,0.2385
5976,0.236
5977,0.2325
5978,0.231
5979,0.237
5980,0.239
5981,0.243
5982,0.2445
5983,0.246
5984,0.2445
5985,0.2405
5986,0.2345
5987,0.2385
5988,0.238
5989,0.236
5990,0.2355
5991,0.243
5992,0.2555
5993,0.2605
5994,0.2675
5995,0.258
5996,0.2535
5997,0.251
5998,0.247
5999,0.2355
6000,0.228
6001,0.2305
6002,0.227
6003,0.224
6004,0.233
6005,0.234
6006,0.24
6007,0.249
6008,0.248
6009,0.2385
6010,0.2325
6011,0.233
6012,0.23
6013,0.227
6014,0.2255
6015,0.2285
6016,0.238
6017,0.2455
6018,0.262
6019,0.2745
6020,0.275
6021,0.2725
6022,0.2635
6023,0.24
6024,0.235
6025,0.2305
6026,0.229
6027,0.2315
6028,0.238
6029,0.258
6030,0.293
6031,0.3005
6032,0.302
6033,0.307
6034,0.307
6035,0.3045
6036,0.2915
6037,0.2695
6038,0.255
6039,0.2545
6040,0.2515
6041,0.2875
6042,0.2835
6043,0.276
6044,0.2425
6045,0.2285
6046,0.223
6047,0.2145
6048,0.213
6049,0.2115
6050,0.2125
6051,0.2115
6052,0.2145
6053,0.2375
6054,0.262
6055,0.2695
6056,0.267
6057,0.2645
6058,0.2625
6059,0.257
6060,0.2655
6061,0.2655
6062,0.2635
6063,0.2715
6064,0.27
6065,0.2785
6066,0.2955
6067,0.2935
6068,0.2725
6069,0.2555
6070,0.2465
6071,0.237
6072,0.24
6073,0.2335
6074,0.2375
6075,0.2325
6076,0.236
6077,0.2435
6078,0.283
6079,0.308
6080,0.3135
6081,0.3235
6082,0.3225
6083,0.3205
6084,0.303
6085,0.2895
6086,0.28
6087,0.27
6088,0.2835
6089,0.3055
6090,0.309
6091,0.3115
6092,0.2805
6093,0.2625
6094,0.249
6095,0.243
6096,0.2375
6097,0.2375
6098,0.234
6099,0.235
6100,0.2445
6101,0.263
6102,0.2795
6103,0.287
6104,0.2775
6105,0.277
6106,0.2805
6107,0.2805
6108,0.2755
6109,0.2675
6110,0.269
6111,0.2675
6112,0.2705
6113,0.28
6114,0.2865
6115,0.2715
6116,0.2495
6117,0.245
6118,0.231
6119,0.2255
6120,0.223
6121,0.221
6122,0.2205
6123,0.22
6124,0.2245
6125,0.2445
6126,0.273
6127,0.3395
6128,0.344
6129,0.308
6130,0.3075
6131,0.2815
6132,0.2715
6133,0.2535
6134,0.252
6135,0.2465
6136,0.253
6137,0.2535
6138,0.2645
6139,0.264
6140,0.2375
6141,0.217
6142,0.208
6143,0.2045
6144,0.2065
6145,0.2045
6146,0.203
6147,0.2025
6148,0.208
6149,0.215
6150,0.22
6151,0.2415
6152,0.253
6153,0.2525
6154,0.253
6155,0.259
6156,0.2565
6157,0.2385
6158,0.2345
6159,0.2305
6160,0.226
6161,0.2425
6162,0.2605
6163,0.2575
6164,0.254
6165,0.2415
6166,0.218
6167,0.214
6168,0.2105
6169,0.206
6170,0.2065
6171,0.2085
6172,0.2165
6173,0.219
6174,0.224
6175,0.2405
6176,0.26
6177,0.2595
6178,0.2685
6179,0.2695
6180,0.2615
6181,0.246
6182,0.2335
6183,0.2305
6184,0.229
6185,0.2485
6186,0.257
6187,0.255
6188,0.262
6189,0.2545
6190,0.2455
6191,0.2345
6192,0.2325
6193,0.2275
6194,0.23
6195,0.2345
6196,0.2455
6197,0.2505
6198,0.266
6199,0.277
6200,0.2705
6201,0.263
6202,0.2645
6203,0.2715
6204,0.267
6205,0.261
6206,0.2555
6207,0.256
6208,0.258
6209,0.2695
6210,0.2815
6211,0.267
6212,0.2565
6213,0.2545
6214,0.2455
6215,0.2445
6216,0.242
6217,0.24
6218,0.2395
6219,0.238
6220,0.247
6221,0.256
6222,0.2625
6223,0.271
6224,0.2735
6225,0.2705
6226,0.279
6227,0.2885
6228,0.2695
6229,0.268
6230,0.269
6231,0.2675
6232,0.2685
6233,0.279
6234,0.2875
6235,0.277
6236,0.257
6237,0.254
6238,0.2495
6239,0.2475
6240,0.241
6241,0.2395
6242,0.2365
6243,0.237
6244,0.2465
6245,0.263
6246,0.276
6247,0.288
6248,0.289
6249,0.275
6250,0.2745
6251,0.2715
6252,0.2725
6253,0.2805
6254,0.286
6255,0.287
6256,0.2845
6257,0.2915
6258,0.3155
6259,0.315
6260,0.2885
6261,0.279
6262,0.2785
6263,0.2685
6264,0.255
6265,0.2495
6266,0.247
6267,0.245
6268,0.2525
6269,0.278
6270,0.2925
6271,0.2935
6272,0.284
6273,0.273
6274,0.284
6275,0.2875
6276,0.287
6277,0.2865
6278,0.2775
6279,0.2825
6280,0.2895
6281,0.3035
6282,0.3085
6283,0.304
6284,0.2905
6285,0.284
6286,0.2745
6287,0.2705
6288,0.258
6289,0.2575
6290,0.25
6291,0.2575
6292,0.2655
6293,0.2935
6294,0.31
6295,0.32
6296,0.2915
6297,0.2725
6298,0.268
6299,0.2715
6300,0.263
6301,0.259
6302,0.2585
6303,0.2565
6304,0.256
6305,0.266
6306,0.269
6307,0.257
6308,0.2535
6309,0.2585
6310,0.257
6311,0.248
6312,0.236
6313,0.226
6314,0.2245
6315,0.2275
6316,0.2375
6317,0.2435
6318,0.249
6319,0.2735
6320,0.285
6321,0.288
6322,0.294
6323,0.3
6324,0.287
6325,0.268
6326,0.274
6327,0.2815
6328,0.284
6329,0.2875
6330,0.305
6331,0.304
6332,0.296
6333,0.2915
6334,0.247
6335,0.2445
6336,0.2425
6337,0.237
6338,0.237
6339,0.2385
6340,0.2485
6341,0.2425
6342,0.2525
6343,0.2665
6344,0.277
6345,0.2815
6346,0.2865
6347,0.2835
6348,0.2775
6349,0.263
6350,0.2535
6351,0.247
6352,0.2515
6353,0.257
6354,0.2925
6355,0.316
6356,0.3045
6357,0.267
6358,0.265
6359,0.242
6360,0.239
6361,0.237
6362,0.2355
6363,0.2355
6364,0.247
6365,0.3095
6366,0.328
6367,0.3485
6368,0.354
6369,0.347
6370,0.3545
6371,0.346
6372,0.3155
6373,0.281
6374,0.272
6375,0.2815
6376,0.3055
6377,0.2985
6378,0.3405
6379,0.316
6380,0.2945
6381,0.26
6382,0.251
6383,0.243
6384,0.242
6385,0.2395
6386,0.239
6387,0.236
6388,0.259
6389,0.2775
6390,0.3145
6391,0.307
6392,0.3065
6393,0.281
6394,0.2645
6395,0.268
6396,0.264
6397,0.264
6398,0.2625
6399,0.2645
6400,0.2895
6401,0.33
6402,0.3355
6403,0.3275
6404,0.2965
6405,0.258
6406,0.2425
6407,0.23
6408,0.225
6409,0.2205
6410,0.221
6411,0.2175
6412,0.2235
6413,0.285
6414,0.2955
6415,0.3075
6416,0.313
6417,0.302
6418,0.307
6419,0.304
6420,0.2935
6421,0.256
6422,0.257
6423,0.2595
6424,0.3155
6425,0.34
6426,0.352
6427,0.3505
6428,0.331
6429,0.275
6430,0.263
6431,0.252
6432,0.256
6433,0.256
6434,0.255
6435,0.288
6436,0.298
6437,0.308
6438,0.326
6439,0.338
6440,0.326
6441,0.3195
6442,0.32
6443,0.3175
6444,0.2805
6445,0.264
6446,0.2635
6447,0.2895
6448,0.299
6449,0.3185
6450,0.3335
6451,0.3235
6452,0.315
6453,0.2985
6454,0.285
6455,0.28
6456,0.242
6457,0.2305
6458,0.2265
6459,0.2335
6460,0.2425
6461,0.2955
6462,0.313
6463,0.325
6464,0.3155
6465,0.324
6466,0.329
6467,0.3155
6468,0.308
6469,0.298
6470,0.2955
6471,0.292
6472,0.29
6473,0.306
6474,0.316
6475,0.3165
6476,0.292
6477,0.2575
6478,0.247
6479,0.245
6480,0.2375
6481,0.234
6482,0.2265
6483,0.231
6484,0.2455
6485,0.2405
6486,0.242
6487,0.2605
6488,0.2645
6489,0.2605
6490,0.259
6491,0.242
6492,0.2285
6493,0.2095
6494,0.206
6495,0.205
6496,0.205
6497,0.2185
6498,0.268
6499,0.2685
6500,0.226
6501,0.225
6502,0.2165
6503,0.2105
6504,0.2185
6505,0.2145
6506,0.2115
6507,0.21
6508,0.207
6509,0.2
6510,0.1985
6511,0.215
6512,0.227
6513,0.2325
6514,0.2325
6515,0.2215
6516,0.216
6517,0.2035
6518,0.204
6519,0.207
6520,0.2085
6521,0.236
6522,0.245
6523,0.289
6524,0.288
6525,0.2455
6526,0.23
6527,0.2175
6528,0.213
6529,0.208
6530,0.2055
6531,0.2085
6532,0.2225
6533,0.238
6534,0.29
6535,0.2965
6536,0.2885
6537,0.2835
6538,0.2475
6539,0.247
6540,0.2425
6541,0.24
6542,0.237
6543,0.234
6544,0.237
6545,0.2615
6546,0.291
6547,0.2595
6548,0.24
6549,0.2305
6550,0.258
6551,0.2375
6552,0.2015
6553,0.2025
6554,0.1995
6555,0.2045
6556,0.2165
6557,0.2615
6558,0.2715
6559,0.2855
6560,0.297
6561,0.307
6562,0.3035
6563,0.2905
6564,0.246
6565,0.2435
6566,0.24
6567,0.291
6568,0.2955
6569,0.281
6570,0.31
6571,0.2995
6572,0.2415
6573,0.2175
6574,0.208
6575,0.198
6576,0.2
6577,0.1985
6578,0.194
6579,0.2005
6580,0.207
6581,0.22
6582,0.233
6583,0.25
6584,0.2595
6585,0.255
6586,0.2435
6587,0.223
6588,0.2215
6589,0.213
6590,0.2095
6591,0.203
6592,0.2185
6593,0.245
6594,0.2515
6595,0.2545
6596,0.2425
6597,0.2345
6598,0.221
6599,0.22
6600,0.219
6601,0.215
6602,0.212
6603,0.214
6604,0.229
6605,0.2335
6606,0.248
6607,0.245
6608,0.2355
6609,0.2325
6610,0.223
6611,0.2205
6612,0.215
6613,0.214
6614,0.213
6615,0.217
6616,0.2675
6617,0.296
6618,0.27
6619,0.2605
6620,0.2465
6621,0.2295
6622,0.2175
6623,0.2115
6624,0.2025
6625,0.199
6626,0.201
6627,0.2025
6628,0.2125
6629,0.2465
6630,0.259
6631,0.28
6632,0.2785
6633,0.2765
6634,0.2845
6635,0.2645
6636,0.244
6637,0.232
6638,0.2245
6639,0.2255
6640,0.254
6641,0.2665
6642,0.28
6643,0.291
6644,0.274
6645,0.219
6646,0.218
6647,0.199
6648,0.196
6649,0.192
6650,0.1925
6651,0.192
6652,0.1975
6653,0.1885
6654,0.196
6655,0.209
6656,0.217
6657,0.2195
6658,0.224
6659,0.2135
6660,0.2005
6661,0.1905
6662,0.186
6663,0.188
6664,0.198
6665,0.2085
6666,0.214
6667,0.215
6668,0.2135
6669,0.2045
6670,0.1905
6671,0.1885
6672,0.185
6673,0.185
6674,0.1845
6675,0.185
6676,0.1855
6677,0.185
6678,0.1835
6679,0.197
6680,0.209
6681,0.212
6682,0.2165
6683,0.211
6684,0.2015
6685,0.193
6686,0.189
6687,0.1885
6688,0.1955
6689,0.2355
6690,0.264
6691,0.2675
6692,0.2315
6693,0.184
6694,0.185
6695,0.1815
6696,0.179
6697,0.1795
6698,0.1825
6699,0.182
6700,0.187
6701,0.2025
6702,0.211
6703,0.2145
6704,0.2245
6705,0.2155
6706,0.215
6707,0.211
6708,0.2065
6709,0.207
6710,0.2095
6711,0.2685
6712,0.2825
6713,0.3005
6714,0.294
6715,0.2935
6716,0.257
6717,0.249
6718,0.2035
6719,0.196
6720,0.1945
6721,0.1925
6722,0.193
6723,0.1935
6724,0.1935
6725,0.2005
6726,0.204
6727,0.21
6728,0.226
6729,0.2235
6730,0.2235
6731,0.2185
6732,0.2085
6733,0.2035
6734,0.2
6735,0.2
6736,0.2075
6737,0.2185
6738,0.295
6739,0.2745
6740,0.2145
6741,0.2005
6742,0.21
6743,0.196
6744,0.1935
6745,0.188
6746,0.19
6747,0.1905
6748,0.2
6749,0.2265
6750,0.2565
6751,0.2585
6752,0.246
6753,0.2205
6754,0.2115
6755,0.206
6756,0.2065
6757,0.2005
6758,0.1955
6759,0.1965
6760,0.203
6761,0.217
6762,0.282
6763,0.2555
6764,0.216
6765,0.2035
6766,0.198
6767,0.189
6768,0.1835
6769,0.182
6770,0.181
6771,0.18
6772,0.1785
6773,0.19
6774,0.2645
6775,0.26
6776,0.2555
6777,0.247
6778,0.255
6779,0.2565
6780,0.1875
6781,0.1925
6782,0.195
6783,0.208
6784,0.2215
6785,0.2995
6786,0.3035
6787,0.308
6788,0.294
6789,0.2125
6790,0.2065
6791,0.1945
6792,0.1915
6793,0.1965
6794,0.1965
6795,0.191
6796,0.1885
6797,0.2065
6798,0.229
6799,0.239
6800,0.301
6801,0.2265
6802,0.215
6803,0.198
6804,0.194
6805,0.187
6806,0.1855
6807,0.1855
6808,0.2065
6809,0.232
6810,0.282
6811,0.282
6812,0.1975
6813,0.183
6814,0.1765
6815,0.174
6816,0.1755
6817,0.174
6818,0.1745
6819,0.1695
6820,0.169
6821,0.171
6822,0.176
6823,0.1785
6824,0.1855
6825,0.19
6826,0.177
6827,0.1735
6828,0.1735
6829,0.1745
6830,0.174
6831,0.1785
6832,0.182
6833,0.2065
6834,0.211
6835,0.2215
6836,0.216
6837,0.24
6838,0.232
6839,0.1685
6840,0.164
6841,0.164
6842,0.164
6843,0.1605
6844,0.1635
6845,0.169
6846,0.1675
6847,0.173
6848,0.171
6849,0.1685
6850,0.166
6851,0.1665
6852,0.1665
6853,0.164
6854,0.1635
6855,0.166
6856,0.1765
6857,0.2585
6858,0.2615
6859,0.263
6860,0.2605
6861,0.26
6862,0.18
6863,0.176
6864,0.176
6865,0.1775
6866,0.177
6867,0.1795
6868,0.188
6869,0.2715
6870,0.293
6871,0.3
6872,0.307
6873,0.2955
6874,0.229
6875,0.2175
6876,0.215
6877,0.2155
6878,0.211
6879,0.2135
6880,0.227
6881,0.3205
6882,0.331
6883,0.323
6884,0.2645
6885,0.2515
6886,0.2145
6887,0.211
6888,0.2075
6889,0.204
6890,0.203
6891,0.21
6892,0.2395
6893,0.2755
6894,0.3145
6895,0.3355
6896,0.341
6897,0.3295
6898,0.3135
6899,0.3045
6900,0.295
6901,0.2875
6902,0.286
6903,0.292
6904,0.305
6905,0.315
6906,0.3145
6907,0.3075
6908,0.3115
6909,0.2795
6910,0.2735
6911,0.2655
6912,0.2025
6913,0.205
6914,0.254
6915,0.265
6916,0.269
6917,0.295
6918,0.307
6919,0.309
6920,0.304
6921,0.2995
6922,0.3055
6923,0.3125
6924,0.304
6925,0.306
6926,0.3065
6927,0.3125
6928,0.3175
6929,0.34
6930,0.3475
6931,0.3445
6932,0.3395
6933,0.3365
6934,0.3345
6935,0.332
6936,0.3305
6937,0.3375
6938,0.3335
6939,0.3345
6940,0.3375
6941,0.3445
6942,0.3525
6943,0.354
6944,0.3495
6945,0.3395
6946,0.332
6947,0.3435
6948,0.354
6949,0.354
6950,0.352
6951,0.3605
6952,0.3705
6953,0.3745
6954,0.3755
6955,0.3715
6956,0.3375
6957,0.322
6958,0.32
6959,0.3105
6960,0.308
6961,0.3045
6962,0.3035
6963,0.3025
6964,0.329
6965,0.343
6966,0.363
6967,0.3735
6968,0.383
6969,0.381
6970,0.382
6971,0.3725
6972,0.3555
6973,0.349
6974,0.3475
6975,0.349
6976,0.3595
6977,0.3715
6978,0.3735
6979,0.3815
6980,0.368
6981,0.356
6982,0.29
6983,0.297
6984,0.2985
6985,0.3055
6986,0.308
6987,0.3105
6988,0.3105
6989,0.31
6990,0.3165
6991,0.318
6992,0.335
6993,0.322
6994,0.3315
6995,0.3285
6996,0.3175
6997,0.323
6998,0.325
6999,0.3305
7000,0.3305
7001,0.3355
7002,0.3425
7003,0.3505
7004,0.347
7005,0.34
7006,0.341
7007,0.3405
7008,0.333
7009,0.331
7010,0.3315
7011,0.3335
7012,0.3395
7013,0.347
7014,0.365
7015,0.375
7016,0.3855
7017,0.4705
7018,0.4865
7019,0.4995
7020,0.503
7021,0.499
7022,0.4925
7023,0.5015
7024,0.503
7025,0.5145
7026,0.5195
7027,0.5315
7028,0.5325
7029,0.528
7030,0.5045
7031,0.486
7032,0.417
7033,0.4115
7034,0.407
7035,0.463
7036,0.4665
7037,0.4835
7038,0.495
7039,0.4955
7040,0.4945
7041,0.4855
7042,0.4765
7043,0.4735
7044,0.4695
7045,0.465
7046,0.474
7047,0.476
7048,0.49
7049,0.504
7050,0.49
7051,0.485
7052,0.4645
7053,0.45
7054,0.422
7055,0.411
7056,0.351
7057,0.35
7058,0.356
7059,0.3545
7060,0.359
7061,0.444
7062,0.4515
7063,0.445
7064,0.442
7065,0.4215
7066,0.4085
7067,0.365
7068,0.3325
7069,0.328
7070,0.328
7071,0.3435
7072,0.418
7073,0.4505
7074,0.4605
7075,0.4635
7076,0.4085
7077,0.404
7078,0.403
7079,0.4095
7080,0.4105
7081,0.4045
7082,0.4035
7083,0.4035
7084,0.4195
7085,0.456
7086,0.459
7087,0.5355
7088,0.5505
7089,0.561
7090,0.568
7091,0.564
7092,0.5075
7093,0.503
7094,0.5445
7095,0.57
7096,0.5775
7097,0.604
7098,0.605
7099,0.588
7100,0.506
7101,0.4965
7102,0.4905
7103,0.493
7104,0.492
7105,0.4925
7106,0.4965
7107,0.488
7108,0.4835
7109,0.496
7110,0.561
7111,0.577
7112,0.514
7113,0.5585
7114,0.5105
7115,0.4935
7116,0.4925
7117,0.501
7118,0.5025
7119,0.5175
7120,0.537
7121,0.5925
7122,0.6125
7123,0.5875
7124,0.593
7125,0.5945
7126,0.572
7127,0.5015
7128,0.489
7129,0.4725
7130,0.467
7131,0.463
7132,0.463
7133,0.547
7134,0.561
7135,0.5555
7136,0.5595
7137,0.551
7138,0.557
7139,0.5645
7140,0.5555
7141,0.5525
7142,0.5555
7143,0.559
7144,0.566
7145,0.5755
7146,0.5765
7147,0.5745
7148,0.559
7149,0.5315
7150,0.5205
7151,0.462
7152,0.4435
7153,0.4365
7154,0.432
7155,0.43
7156,0.4285
7157,0.4295
7158,0.429
7159,0.437
7160,0.45
7161,0.4525
7162,0.4535
7163,0.454
7164,0.4525
7165,0.4365
7166,0.43
7167,0.4345
7168,0.438
7169,0.453
7170,0.509
7171,0.5065
7172,0.4865
7173,0.4715
7174,0.4035
7175,0.3995
7176,0.396
7177,0.396
7178,0.387
7179,0.3825
7180,0.3735
7181,0.375
7182,0.375
7183,0.3825
7184,0.3935
7185,0.399
7186,0.3835
7187,0.386
7188,0.3945
7189,0.4005
7190,0.4045
7191,0.4065
7192,0.418
7193,0.4235
7194,0.4895
7195,0.488
7196,0.4795
7197,0.461
7198,0.406
7199,0.3795
7200,0.372
7201,0.371
7202,0.376
7203,0.3805
7204,0.378
7205,0.3695
7206,0.424
7207,0.4635
7208,0.4585
7209,0.452
7210,0.431
7211,0.4275
7212,0.421
7213,0.432
7214,0.42
7215,0.4115
7216,0.421
7217,0.432
7218,0.4285
7219,0.4435
7220,0.379
7221,0.3555
7222,0.3495
7223,0.381
7224,0.3795
7225,0.3165
7226,0.3055
7227,0.3055
7228,0.304
7229,0.313
7230,0.405
7231,0.421
7232,0.4215
7233,0.423
7234,0.4245
7235,0.3695
7236,0.349
7237,0.3385
7238,0.3385
7239,0.401
7240,0.4255
7241,0.436
7242,0.437
7243,0.4325
7244,0.403
7245,0.3925
7246,0.352
7247,0.3625
7248,0.324
7249,0.323
7250,0.314
7251,0.3065
7252,0.3035
7253,0.318
7254,0.389
7255,0.4035
7256,0.4075
7257,0.3855
7258,0.365
7259,0.364
7260,0.356
7261,0.3945
7262,0.3865
7263,0.3965
7264,0.4275
7265,0.4315
7266,0.43
7267,0.423
7268,0.4175
7269,0.4165
7270,0.3455
7271,0.3855
7272,0.3675
7273,0.364
7274,0.363
7275,0.3625
7276,0.3525
7277,0.357
7278,0.3745
7279,0.385
7280,0.4185
7281,0.422
7282,0.4275
7283,0.419
7284,0.4235
7285,0.4225
7286,0.416
7287,0.417
7288,0.436
7289,0.4305
7290,0.3725
7291,0.3725
7292,0.378
7293,0.4
7294,0.3875
7295,0.359
7296,0.335
7297,0.311
7298,0.297
7299,0.299
7300,0.301
7301,0.298
7302,0.3205
7303,0.338
7304,0.3605
7305,0.3665
7306,0.379
7307,0.381
7308,0.387
7309,0.377
7310,0.3745
7311,0.3745
7312,0.383
7313,0.3895
7314,0.385
7315,0.38
7316,0.3775
7317,0.3775
7318,0.3825
7319,0.4445
7320,0.4415
7321,0.3815
7322,0.3745
7323,0.369
7324,0.369
7325,0.3775
7326,0.4645
7327,0.4845
7328,0.5045
7329,0.5055
7330,0.503
7331,0.503
7332,0.498
7333,0.492
7334,0.492
7335,0.489
7336,0.4905
7337,0.501
7338,0.5015
7339,0.5135
7340,0.514
7341,0.5155
7342,0.4565
7343,0.433
7344,0.4315
7345,0.4365
7346,0.424
7347,0.415
7348,0.4125
7349,0.406
7350,0.4055
7351,0.418
7352,0.411
7353,0.4785
7354,0.4795
7355,0.4815
7356,0.52
7357,0.5085
7358,0.4695
7359,0.4785
7360,0.5145
7361,0.556
7362,0.5405
7363,0.548
7364,0.5605
7365,0.548
7366,0.54
7367,0.526
7368,0.5225
7369,0.522
7370,0.5135
7371,0.504
7372,0.512
7373,0.511
7374,0.5205
7375,0.5345
7376,0.545
7377,0.5525
7378,0.554
7379,0.545
7380,0.543
7381,0.5375
7382,0.5435
7383,0.56
7384,0.573
7385,0.5945
7386,0.6005
7387,0.5855
7388,0.5955
7389,0.586
7390,0.585
7391,0.5155
7392,0.499
7393,0.5
7394,0.4985
7395,0.4985
7396,0.491
7397,0.568
7398,0.5895
7399,0.5985
7400,0.596
7401,0.5935
7402,0.579
7403,0.5695
7404,0.5855
7405,0.5885
7406,0.597
7407,0.6095
7408,0.6265
7409,0.64
7410,0.6425
7411,0.654
7412,0.66
7413,0.649
7414,0.6395
7415,0.633
7416,0.629
7417,0.5745
7418,0.568
7419,0.568
7420,0.628
7421,0.6355
7422,0.6415
7423,0.6485
7424,0.659
7425,0.6545
7426,0.6495
7427,0.6265
7428,0.6245
7429,0.628
7430,0.6
7431,0.5885
7432,0.601
7433,0.6185
7434,0.6205
7435,0.6225
7436,0.63
7437,0.612
7438,0.6465
7439,0.622
7440,0.6185
7441,0.615
7442,0.5425
7443,0.543
7444,0.547
7445,0.6345
7446,0.652
7447,0.654
7448,0.6565
7449,0.628
7450,0.6115
7451,0.6125
7452,0.625
7453,0.6105
7454,0.6315
7455,0.625
7456,0.658
7457,0.6735
7458,0.675
7459,0.678
7460,0.6685
7461,0.6605
7462,0.6435
7463,0.629
7464,0.5585
7465,0.552
7466,0.585
7467,0.5845
7468,0.6115
7469,0.618
7470,0.6405
7471,0.65
7472,0.6585
7473,0.658
7474,0.653
7475,0.6505
7476,0.6605
7477,0.6555
7478,0.6545
7479,0.658
7480,0.656
7481,0.67
7482,0.6805
7483,0.688
7484,0.6895
7485,0.676
7486,0.664
7487,0.5785
7488,0.566
7489,0.5645
7490,0.5595
7491,0.5495
7492,0.551
7493,0.5625
7494,0.618
7495,0.628
7496,0.636
7497,0.634
7498,0.6315
7499,0.636
7500,0.589
7501,0.616
7502,0.638
7503,0.64
7504,0.643
7505,0.653
7506,0.654
7507,0.6615
7508,0.6615
7509,0.6465
7510,0.651
7511,0.65
7512,0.639
7513,0.5695
7514,0.5665
7515,0.5635
7516,0.5675
7517,0.6205
7518,0.6425
7519,0.583
7520,0.584
7521,0.614
7522,0.6175
7523,0.638
7524,0.625
7525,0.642
7526,0.651
7527,0.647
7528,0.651
7529,0.6595
7530,0.6565
7531,0.6625
7532,0.663
7533,0.6505
7534,0.6445
7535,0.5805
7536,0.5635
7537,0.5655
7538,0.5625
7539,0.561
7540,0.5625
7541,0.6215
7542,0.6235
7543,0.6255
7544,0.6345
7545,0.6475
7546,0.6495
7547,0.64
7548,0.643
7549,0.6625
7550,0.6725
7551,0.678
7552,0.6865
7553,0.6975
7554,0.7015
7555,0.692
7556,0.6915
7557,0.683
7558,0.6685
7559,0.6575
7560,0.6515
7561,0.5945
7562,0.573
7563,0.576
7564,0.58
7565,0.62
7566,0.662
7567,0.6745
7568,0.6545
7569,0.656
7570,0.664
7571,0.655
7572,0.6655
7573,0.67
7574,0.6715
7575,0.6795
7576,0.68
7577,0.6905
7578,0.7005
7579,0.7065
7580,0.6935
7581,0.6865
7582,0.6825
7583,0.67
7584,0.655
7585,0.6285
7586,0.6425
7587,0.6395
7588,0.642
7589,0.6485
7590,0.662
7591,0.6715
7592,0.694
7593,0.697
7594,0.685
7595,0.689
7596,0.7065
7597,0.7085
7598,0.6975
7599,0.69
7600,0.716
7601,0.734
7602,0.7345
7603,0.7345
7604,0.73
7605,0.7285
7606,0.7175
7607,0.7085
7608,0.6995
7609,0.6935
7610,0.6895
7611,0.6875
7612,0.691
7613,0.693
7614,0.6995
7615,0.712
7616,0.7135
7617,0.724
7618,0.646
7619,0.635
7620,0.632
7621,0.6365
7622,0.645
7623,0.6535
7624,0.64
7625,0.6525
7626,0.662
7627,0.6675
7628,0.66
7629,0.645
7630,0.6265
7631,0.6135
7632,0.618
7633,0.615
7634,0.607
7635,0.5935
7636,0.569
7637,0.5675
7638,0.582
7639,0.592
7640,0.6015
7641,0.6145
7642,0.635
7643,0.635
7644,0.6475
7645,0.6535
7646,0.651
7647,0.646
7648,0.65
7649,0.655
7650,0.6595
7651,0.66
7652,0.653
7653,0.648
7654,0.6335
7655,0.6105
7656,0.604
7657,0.59
7658,0.589
7659,0.5875
7660,0.597
7661,0.596
7662,0.597
7663,0.605
7664,0.618
7665,0.625
7666,0.6195
7667,0.61
7668,0.603
7669,0.613
7670,0.619
7671,0.6225
7672,0.6335
7673,0.648
7674,0.657
7675,0.6615
7676,0.653
7677,0.631
7678,0.6205
7679,0.5975
7680,0.5875
7681,0.584
7682,0.579
7683,0.5685
7684,0.5705
7685,0.5715
7686,0.57
7687,0.577
7688,0.599
7689,0.6055
7690,0.611
7691,0.613
7692,0.592
7693,0.5935
7694,0.5985
7695,0.6285
7696,0.6305
7697,0.632
7698,0.6375
7699,0.7035
7700,0.709
7701,0.7035
7702,0.708
7703,0.6835
7704,0.6745
7705,0.6635
7706,0.6555
7707,0.656
7708,0.659
7709,0.667
7710,0.679
7711,0.6855
7712,0.6915
7713,0.6935
7714,0.702
7715,0.7085
7716,0.703
7717,0.7105
7718,0.7135
7719,0.711
7720,0.724
7721,0.7375
7722,0.7345
7723,0.738
7724,0.7325
7725,0.7125
7726,0.7055
7727,0.6775
7728,0.663
7729,0.6555
7730,0.6465
7731,0.646
7732,0.651
7733,0.664
7734,0.6735
7735,0.6675
7736,0.677
7737,0.6775
7738,0.679
7739,0.6775
7740,0.678
7741,0.6795
7742,0.6975
7743,0.7115
7744,0.7315
7745,0.7395
7746,0.743
7747,0.742
7748,0.737
7749,0.725
7750,0.714
7751,0.6895
7752,0.669
7753,0.6605
7754,0.65
7755,0.6465
7756,0.646
7757,0.6575
7758,0.6695
7759,0.6875
7760,0.692
7761,0.7
7762,0.699
7763,0.701
7764,0.6915
7765,0.6855
7766,0.688
7767,0.696
7768,0.7085
7769,0.715
7770,0.72
7771,0.718
7772,0.7135
7773,0.7035
7774,0.687
7775,0.673
7776,0.6575
7777,0.6555
7778,0.6495
7779,0.6505
7780,0.6485
7781,0.6605
7782,0.672
7783,0.628
7784,0.6385
7785,0.6365
7786,0.6435
7787,0.6435
7788,0.648
7789,0.645
7790,0.643
7791,0.707
7792,0.724
7793,0.7365
7794,0.741
7795,0.73
7796,0.7125
7797,0.692
7798,0.6745
7799,0.658
7800,0.639
7801,0.6325
7802,0.632
7803,0.6315
7804,0.6325
7805,0.641
7806,0.657
7807,0.683
7808,0.709
7809,0.7195
7810,0.6845
7811,0.7215
7812,0.734
7813,0.7295
7814,0.6625
7815,0.6675
7816,0.6745
7817,0.688
7818,0.706
7819,0.7075
7820,0.7035
7821,0.7015
7822,0.7005
7823,0.7095
7824,0.733
7825,0.7435
7826,0.74
7827,0.65
7828,0.6485
7829,0.653
7830,0.6465
7831,0.679
7832,0.696
7833,0.6935
7834,0.6985
7835,0.752
7836,0.7575
7837,0.766
7838,0.778
7839,0.781
7840,0.788
7841,0.793
7842,0.7995
7843,0.812
7844,0.808
7845,0.7915
7846,0.781
7847,0.764
7848,0.748
7849,0.746
7850,0.741
7851,0.735
7852,0.735
7853,0.7375
7854,0.7285
7855,0.7355
7856,0.7415
7857,0.746
7858,0.7475
7859,0.7375
7860,0.7315
7861,0.7275
7862,0.7235
7863,0.733
7864,0.761
7865,0.7865
7866,0.793
7867,0.7955
7868,0.782
7869,0.777
7870,0.7665
7871,0.738
7872,0.7165
7873,0.7095
7874,0.7075
7875,0.7035
7876,0.707
7877,0.703
7878,0.718
7879,0.729
7880,0.749
7881,0.772
7882,0.7735
7883,0.7755
7884,0.7735
7885,0.7755
7886,0.7835
7887,0.799
7888,0.8045
7889,0.814
7890,0.82
7891,0.814
7892,0.792
7893,0.778
7894,0.7735
7895,0.7505
7896,0.7385
7897,0.7365
7898,0.7335
7899,0.737
7900,0.7335
7901,0.74
7902,0.742
7903,0.7575
7904,0.7645
7905,0.761
7906,0.762
7907,0.7665
7908,0.765
7909,0.761
7910,0.7745
7911,0.777
7912,0.7975
7913,0.811
7914,0.82
7915,0.81
7916,0.7935
7917,0.794
7918,0.789
7919,0.778
7920,0.7625
7921,0.7665
7922,0.77
7923,0.762
7924,0.769
7925,0.781
7926,0.81
7927,0.831
7928,0.833
7929,0.826
7930,0.832
7931,0.836
7932,0.819
7933,0.838
7934,0.8325
7935,0.8335
7936,0.8425
7937,0.853
7938,0.8525
7939,0.855
7940,0.8355
7941,0.812
7942,0.799
7943,0.779
7944,0.7845
7945,0.7875
7946,0.777
7947,0.7755
7948,0.776
7949,0.7845
7950,0.803
7951,0.8075
7952,0.8265
7953,0.833
7954,0.8415
7955,0.8465
7956,0.845
7957,0.849
7958,0.8505
7959,0.8505
7960,0.861
7961,0.8685
7962,0.8745
7963,0.8685
7964,0.8555
7965,0.847
7966,0.8385
7967,0.8295
7968,0.8095
7969,0.811
7970,0.8035
7971,0.8035
7972,0.8005
7973,0.816
7974,0.847
7975,0.8625
7976,0.8725
7977,0.8915
7978,0.878
7979,0.868
7980,0.8525
7981,0.857
7982,0.866
7983,0.867
7984,0.893
7985,0.9045
7986,0.896
7987,0.884
7988,0.872
7989,0.871
7990,0.869
7991,0.85
7992,0.829
7993,0.8155
7994,0.8085
7995,0.807
7996,0.809
7997,0.81
7998,0.8165
7999,0.8195
8000,0.8295
8001,0.831
8002,0.8275
8003,0.8245
8004,0.8265
8005,0.8195
8006,0.8245
8007,0.8235
8008,0.84
8009,0.8435
8010,0.846
8011,0.8515
8012,0.8655
8013,0.859
8014,0.848
8015,0.8385
8016,0.84
8017,0.835
8018,0.8355
8019,0.836
8020,0.838
8021,0.838
8022,0.8395
8023,0.8415
8024,0.8535
8025,0.866
8026,0.877
8027,0.8755
8028,0.871
8029,0.866
8030,0.866
8031,0.8725
8032,0.8835
8033,0.891
8034,0.8885
8035,0.881
8036,0.8755
8037,0.86
8038,0.8525
8039,0.823
8040,0.8145
8041,0.8125
8042,0.811
8043,0.8115
8044,0.8115
8045,0.812
8046,0.821
8047,0.832
8048,0.864
8049,0.866
8050,0.851
8051,0.864
8052,0.8715
8053,0.869
8054,0.8635
8055,0.8635
8056,0.871
8057,0.8715
8058,0.8705
8059,0.866
8060,0.8625
8061,0.8455
8062,0.8355
8063,0.822
8064,0.816
8065,0.8125
8066,0.806
8067,0.8025
8068,0.801
8069,0.8015
8070,0.816
8071,0.8155
8072,0.8085
8073,0.823
8074,0.844
8075,0.8415
8076,0.842
8077,0.8425
8078,0.8435
8079,0.8485
8080,0.861
8081,0.8645
8082,0.8655
8083,0.8595
8084,0.855
8085,0.835
8086,0.8265
8087,0.825
8088,0.814
8089,0.807
8090,0.8005
8091,0.7985
8092,0.7975
8093,0.804
8094,0.8175
8095,0.819
8096,0.824
8097,0.822
8098,0.814
8099,0.815
8100,0.8165
8101,0.821
8102,0.8175
8103,0.817
8104,0.8285
8105,0.8335
8106,0.833
8107,0.828
8108,0.8175
8109,0.8125
8110,0.803
8111,0.799
8112,0.7895
8113,0.7895
8114,0.792
8115,0.787
8116,0.784
8117,0.7815
8118,0.7925
8119,0.804
8120,0.808
8121,0.8115
8122,0.796
8123,0.792
8124,0.8085
8125,0.7985
8126,0.803
8127,0.8175
8128,0.816
8129,0.8395
8130,0.836
8131,0.8345
8132,0.8235
8133,0.8185
8134,0.819
8135,0.7985
8136,0.77
8137,0.7555
8138,0.7465
8139,0.7475
8140,0.753
8141,0.757
8142,0.756
8143,0.769
8144,0.783
8145,0.808
8146,0.808
8147,0.8125
8148,0.804
8149,0.7955
8150,0.785
8151,0.7865
8152,0.8035
8153,0.815
8154,0.8215
8155,0.8175
8156,0.8075
8157,0.7925
8158,0.774
8159,0.765
8160,0.762
8161,0.7455
8162,0.674
8163,0.6795
8164,0.6745
8165,0.7245
8166,0.7385
8167,0.7525
8168,0.771
8169,0.771
8170,0.7645
8171,0.7475
8172,0.7385
8173,0.7425
8174,0.733
8175,0.7335
8176,0.742
8177,0.757
8178,0.7595
8179,0.759
8180,0.757
8181,0.7435
8182,0.7255
8183,0.6715
8184,0.6675
8185,0.668
8186,0.6595
8187,0.6465
8188,0.638
8189,0.6385
8190,0.639
8191,0.651
8192,0.6615
8193,0.683
8194,0.7475
8195,0.7535
8196,0.763
8197,0.7655
8198,0.7115
8199,0.711
8200,0.7615
8201,0.772
8202,0.796
8203,0.807
8204,0.7955
8205,0.778
8206,0.695
8207,0.684
8208,0.668
8209,0.657
8210,0.653
8211,0.6495
8212,0.647
8213,0.659
8214,0.674
8215,0.742
8216,0.745
8217,0.75
8218,0.7635
8219,0.7735
8220,0.71
8221,0.7045
8222,0.694
8223,0.683
8224,0.758
8225,0.779
8226,0.7825
8227,0.781
8228,0.7685
8229,0.752
8230,0.6695
8231,0.641
8232,0.6325
8233,0.6305
8234,0.633
8235,0.635
8236,0.6295
8237,0.6995
8238,0.737
8239,0.7485
8240,0.757
8241,0.7725
8242,0.7545
8243,0.7455
8244,0.736
8245,0.7205
8246,0.709
8247,0.705
8248,0.7195
8249,0.7445
8250,0.7375
8251,0.741
8252,0.735
8253,0.72
8254,0.701
8255,0.698
8256,0.6895
8257,0.6895
8258,0.6895
8259,0.684
8260,0.691
8261,0.7095
8262,0.733
8263,0.7375
8264,0.7395
8265,0.7275
8266,0.7165
8267,0.72
8268,0.7165
8269,0.702
8270,0.699
8271,0.6935
8272,0.7205
8273,0.7405
8274,0.7565
8275,0.754
8276,0.744
8277,0.7155
8278,0.6905
8279,0.677
8280,0.669
8281,0.665
8282,0.667
8283,0.6615
8284,0.672
8285,0.6865
8286,0.7205
8287,0.737
8288,0.747
8289,0.7585
8290,0.7405
8291,0.744
8292,0.7495
8293,0.7515
8294,0.739
8295,0.747
8296,0.754
8297,0.757
8298,0.765
8299,0.7815
8300,0.777
8301,0.758
8302,0.7625
8303,0.7445
8304,0.7385
8305,0.737
8306,0.731
8307,0.7325
8308,0.73
8309,0.73
8310,0.7445
8311,0.758
8312,0.7585
8313,0.7475
8314,0.755
8315,0.762
8316,0.765
8317,0.763
8318,0.7755
8319,0.7755
8320,0.7815
8321,0.7955
8322,0.8195
8323,0.8255
8324,0.807
8325,0.807
8326,0.7945
8327,0.7795
8328,0.7495
8329,0.753
8330,0.7465
8331,0.7435
8332,0.737
8333,0.744
8334,0.7455
8335,0.744
8336,0.749
8337,0.768
8338,0.7665
8339,0.783
8340,0.792
8341,0.794
8342,0.804
8343,0.8115
8344,0.8095
8345,0.826
8346,0.8235
8347,0.76
8348,0.7585
8349,0.738
8350,0.731
8351,0.708
8352,0.7275
8353,0.7565
8354,0.758
8355,0.7665
8356,0.765
8357,0.765
8358,0.77
8359,0.7665
8360,0.7785
8361,0.793
8362,0.7835
8363,0.7865
8364,0.795
8365,0.7905
8366,0.7955
8367,0.7965
8368,0.8125
8369,0.8335
8370,0.8415
8371,0.794
8372,0.7485
8373,0.7335
8374,0.7225
8375,0.709
8376,0.708
8377,0.767
8378,0.7815
8379,0.7885
8380,0.797
8381,0.7985
8382,0.8145
8383,0.828
8384,0.864
8385,0.8765
8386,0.8755
8387,0.875
8388,0.881
8389,0.885
8390,0.8805
8391,0.8705
8392,0.875
8393,0.881
8394,0.8865
8395,0.8795
8396,0.8765
8397,0.868
8398,0.874
8399,0.867
8400,0.857
8401,0.844
8402,0.8345
8403,0.8375
8404,0.8285
8405,0.85
8406,0.86
8407,0.865
8408,0.863
8409,0.8485
8410,0.837
8411,0.835
8412,0.7545
8413,0.7615
8414,0.786
8415,0.8015
8416,0.874
8417,0.8845
8418,0.895
8419,0.8865
8420,0.881
8421,0.8655
8422,0.851
8423,0.859
8424,0.8675
8425,0.88
8426,0.8795
8427,0.8745
8428,0.847
8429,0.8495
8430,0.8545
8431,0.858
8432,0.858
8433,0.842
8434,0.8335
8435,0.853
8436,0.8605
8437,0.8695
8438,0.8795
8439,0.8865
8440,0.8945
8441,0.902
8442,0.908
8443,0.8925
8444,0.8795
8445,0.8595
8446,0.8455
8447,0.846
8448,0.834
8449,0.8315
8450,0.825
8451,0.775
8452,0.815
8453,0.818
8454,0.8165
8455,0.8345
8456,0.8485
8457,0.855
8458,0.8425
8459,0.8435
8460,0.85
8461,0.8605
8462,0.8625
8463,0.865
8464,0.8805
8465,0.89
8466,0.8825
8467,0.8945
8468,0.876
8469,0.8645
8470,0.8375
8471,0.8205
8472,0.821
8473,0.8245
8474,0.8275
8475,0.8315
8476,0.8445
8477,0.836
8478,0.856
8479,0.867
8480,0.8555
8481,0.8815
8482,0.8695
8483,0.864
8484,0.892
8485,0.8905
8486,0.896
8487,0.897
8488,0.8905
8489,0.8945
8490,0.903
8491,0.892
8492,0.8885
8493,0.892
8494,0.8885
8495,0.8785
8496,0.872
8497,0.8785
8498,0.878
8499,0.8675
8500,0.873
8501,0.8785
8502,0.858
8503,0.859
8504,0.8695
8505,0.8785
8506,0.8875
8507,0.885
8508,0.885
8509,0.896
8510,0.894
8511,0.895
8512,0.8675
8513,0.869
8514,0.8745
8515,0.8585
8516,0.8575
8517,0.849
8518,0.825
8519,0.844
8520,0.846
8521,0.835
8522,0.8465
8523,0.835
8524,0.8405
8525,0.8305
8526,0.8255
8527,0.774
8528,0.8425
8529,0.8565
8530,0.8785
8531,0.8755
8532,0.874
8533,0.8745
8534,0.87
8535,0.884
8536,0.879
8537,0.883
8538,0.8935
8539,0.8815
8540,0.883
8541,0.887
8542,0.896
8543,0.871
8544,0.8715
8545,0.875
8546,0.859
8547,0.857
8548,0.881
8549,0.8705
8550,0.8955
8551,0.897
8552,0.901
8553,0.9035
8554,0.906
8555,0.9045
8556,0.91
8557,0.9125
8558,0.9285
8559,0.917
8560,0.9255
8561,0.933
8562,0.935
8563,0.9415
8564,0.9445
8565,0.935
8566,0.9395
8567,0.9225
8568,0.9045
8569,0.897
8570,0.90275
8571,0.9085
8572,0.91425
8573,0.92
8574,0.92575
8575,0.9315
8576,0.9285
8577,0.9265
8578,0.9275
8579,0.9355
8580,0.95
8581,0.943
8582,0.9495
8583,0.9505
8584,0.9475
8585,0.96
8586,0.9495
8587,0.9515
8588,0.9425
8589,0.9565
8590,0.9455
8591,0.9215
8592,0.932
8593,0.9205
8594,0.858
8595,0.8525
8596,0.848
8597,0.845
8598,0.842
8599,0.843
8600,0.8465
8601,0.91
8602,0.9075
8603,0.904
8604,0.9065
8605,0.9085
8606,0.907
8607,0.9135
8608,0.9255
8609,0.9265
8610,0.934
8611,0.929
8612,0.9315
8613,0.928
8614,0.9295
8615,0.9165
8616,0.89
8617,0.834
8618,0.829
8619,0.808
8620,0.8675
8621,0.8715
8622,0.8795
8623,0.883
8624,0.896
8625,0.899
8626,0.894
8627,0.903
8628,0.909
8629,0.8765
8630,0.8855
8631,0.89
8632,0.93
8633,0.9355
8634,0.938
8635,0.929
8636,0.9275
8637,0.8765
8638,0.902
8639,0.9025
8640,0.8925
8641,0.8865
8642,0.822
8643,0.819
8644,0.8215
8645,0.882
8646,0.8845
8647,0.884
8648,0.8895
8649,0.891
8650,0.904
8651,0.925
8652,0.924
8653,0.931
8654,0.9225
8655,0.9225
8656,0.9325
8657,0.9475
8658,0.9495
8659,0.9355
8660,0.9275
8661,0.9245
8662,0.919
8663,0.8435
8664,0.828
8665,0.82
8666,0.804
8667,0.7965
8668,0.791
8669,0.79
8670,0.79
8671,0.7885
8672,0.79
8673,0.8125
8674,0.8245
8675,0.8275
8676,0.825
8677,0.8205
8678,0.8165
8679,0.8195
8680,0.8485
8681,0.895
8682,0.9035
8683,0.896
8684,0.8915
8685,0.8625
8686,0.855
8687,0.7935
8688,0.7855
8689,0.7865
8690,0.7785
8691,0.774
8692,0.772
8693,0.771
8694,0.7735
8695,0.7785
8696,0.773
8697,0.7835
8698,0.785
8699,0.7895
8700,0.786
8701,0.79
8702,0.7915
8703,0.7885
8704,0.795
8705,0.8065
8706,0.812
8707,0.81
8708,0.8055
8709,0.792
8710,0.789
8711,0.786
8712,0.7855
8713,0.788
8714,0.789
8715,0.7855
8716,0.775
8717,0.771
8718,0.7775
8719,0.8255
8720,0.882
8721,0.884
8722,0.879
8723,0.864
8724,0.856
8725,0.8495
8726,0.844
8727,0.848
8728,0.857
8729,0.8765
8730,0.8775
8731,0.879
8732,0.871
8733,0.8495
8734,0.8395
8735,0.75
8736,0.725
8737,0.717
8738,0.7055
8739,0.71
8740,0.7115
8741,0.716
8742,0.7245
8743,0.8005
8744,0.825
8745,0.8325
8746,0.7735
8747,0.7925
8748,0.7675
8749,0.773
8750,0.774
8751,0.834
8752,0.847
8753,0.858
8754,0.868
8755,0.863
8756,0.7915
8757,0.773
8758,0.749
8759,0.7215
