0,7.096
1,7.244
2,7.443
3,7.353
4,7.244
5,7.232
6,7.219
7,7.16
8,7.185
9,7.354
10,7.452
11,7.44
12,7.726
13,7.792
14,7.668
15,7.585
16,7.626
17,7.338
18,7.446
19,7.104
20,7.116
21,6.99
22,6.992
23,7.101
24,6.774
25,7.448
26,7.526
27,7.487
28,7.419
29,7.372
30,7.05
31,6.786
32,6.977
33,7.168
34,7.271
35,7.242
36,7.467
37,7.372
38,7.236
39,7.227
40,7.602
41,8.018
42,8.135
43,7.947
44,7.631
45,7.378
46,7.447
47,7.464
48,7.741
49,7.768
50,7.77
51,7.816
52,7.494
53,7.769
54,7.429
55,7.869
56,8.331
57,8.517
58,8.531
59,8.321
60,8.331
61,8.238
62,8.082
63,8.111
64,8.305
65,8.789
66,8.891
67,8.622
68,8.273
69,7.903
70,7.856
71,7.722
72,7.754
73,7.979
74,8.379
75,8.544
76,8.107
77,7.983
78,7.804
79,8.052
80,8.405
81,8.607
82,8.609
83,8.399
84,8.359
85,8.236
86,8.046
87,8.062
88,8.277
89,8.78
90,8.807
91,8.499
92,8.116
93,7.782
94,7.718
95,7.522
96,7.29
97,7.233
98,7.364
99,7.565
100,7.661
101,7.344
102,7.451
103,7.145
104,7.345
105,7.708
106,7.944
107,8.018
108,8.181
109,8.211
110,8.055
111,7.933
112,7.944
113,8.343
114,8.378
115,8.18
116,7.772
117,7.452
118,7.329
119,7.137
120,7.193
121,7.595
122,7.858
123,7.749
124,7.009
125,7.081
126,6.939
127,6.941
128,7.059
129,7.133
130,7.138
131,8.06
132,8.221
133,8.277
134,8.256
135,8.109
136,7.993
137,7.986
138,8.17
139,8.022
140,7.789
141,7.837
142,7.291
143,7.244
144,7.475
145,7.948
146,8.255
147,8.162
148,8.22
149,8.451
150,8.012
151,8.68
152,9.182
153,9.243
154,9.289
155,9.328
156,9.072
157,9.113
158,9.028
159,8.953
160,9.086
161,9.194
162,9.207
163,8.838
164,8.34
165,7.995
166,7.814
167,8.075
168,8.308
169,8.442
170,8.455
171,8.443
172,8.351
173,8.621
174,8.781
175,8.917
176,9.365
177,9.419
178,9.53
179,9.58
180,9.318
181,9.333
182,9.207
183,9.086
184,9.11
185,9.262
186,9.269
187,8.906
188,8.404
189,7.962
190,7.769
191,7.49
192,7.52
193,7.734
194,7.891
195,7.842
196,7.806
197,7.937
198,8.275
199,9.04
200,9.485
201,9.533
202,9.645
203,9.692
204,9.466
205,9.447
206,9.311
207,9.234
208,9.253
209,9.471
210,9.555
211,9.23
212,8.736
213,8.319
214,8.159
215,8.011
216,7.813
217,8.008
218,7.946
219,7.859
220,7.814
221,8.176
222,8.334
223,9.179
224,9.606
225,9.625
226,9.651
227,9.583
228,9.326
229,9.339
230,9.253
231,9.171
232,9.26
233,9.551
234,9.579
235,9.267
236,8.756
237,8.345
238,8.204
239,7.924
240,7.732
241,7.741
242,7.924
243,8.116
244,8.044
245,7.686
246,8.411
247,9.171
248,9.617
249,9.668
250,9.683
251,9.59
252,9.316
253,9.249
254,9.116
255,8.958
256,8.978
257,9.289
258,9.369
259,9.104
260,8.645
261,8.214
262,8.166
263,7.936
264,7.726
265,7.666
266,7.752
267,7.499
268,7.997
269,7.863
270,7.952
271,7.847
272,8.171
273,8.274
274,8.107
275,8.06
276,8.091
277,8.24
278,8.148
279,8.043
280,8.123
281,8.348
282,8.434
283,8.145
284,7.759
285,7.875
286,7.554
287,7.788
288,7.412
289,7.844
290,7.853
291,7.803
292,7.89
293,7.578
294,7.918
295,7.98
296,8.252
297,8.236
298,8.11
299,8.148
300,8.008
301,7.888
302,8.152
303,7.989
304,8.017
305,8.27
306,8.258
307,8.066
308,7.731
309,7.659
310,7.318
311,7.211
312,7.663
313,7.52
314,7.655
315,7.668
316,8.019
317,8.381
318,7.959
319,8.807
320,9.279
321,9.329
322,9.432
323,9.497
324,9.188
325,9.245
326,9.141
327,8.991
328,9.059
329,9.224
330,9.294
331,8.924
332,8.464
333,8.052
334,7.871
335,7.516
336,7.351
337,7.666
338,7.943
339,7.968
340,7.932
341,8.051
342,8.525
343,9.174
344,9.578
345,9.525
346,9.436
347,9.344
348,8.932
349,8.983
350,8.763
351,8.94
352,8.828
353,9.13
354,9.345
355,9.036
356,8.564
357,8.179
358,8.055
359,7.822
360,7.502
361,7.948
362,8.281
363,8.389
364,8.33
365,8.562
366,8.424
367,9.255
368,9.591
369,9.485
370,9.402
371,9.255
372,8.884
373,8.881
374,8.691
375,8.65
376,8.775
377,9.137
378,9.26
379,8.967
380,8.541
381,8.851
382,8.604
383,8.342
384,8.05
385,8.37
386,8.345
387,8.309
388,8.228
389,8.236
390,8.63
391,8.956
392,9.321
393,9.363
394,9.436
395,9.569
396,9.345
397,9.382
398,9.293
399,9.197
400,9.193
401,9.272
402,9.317
403,9.016
404,8.522
405,8.105
406,7.883
407,7.602
408,7.285
409,7.628
410,7.614
411,7.994
412,8.134
413,8.133
414,8.258
415,9.192
416,9.626
417,9.574
418,9.485
419,9.437
420,9.108
421,9.054
422,8.83
423,8.722
424,8.732
425,9.136
426,9.28
427,9.048
428,8.568
429,8.142
430,8.084
431,7.904
432,7.757
433,7.621
434,8.249
435,7.751
436,7.965
437,7.931
438,7.716
439,7.474
440,7.846
441,8.158
442,8.198
443,8.066
444,7.994
445,7.884
446,7.725
447,7.658
448,7.847
449,8.365
450,8.613
451,8.284
452,7.967
453,7.656
454,7.593
455,7.533
456,7.52
457,7.607
458,7.769
459,8.065
460,8.153
461,8.124
462,7.903
463,7.701
464,7.845
465,7.341
466,7.458
467,7.481
468,7.554
469,7.413
470,7.813
471,7.688
472,7.391
473,7.917
474,8.243
475,8.057
476,7.753
477,7.399
478,7.417
479,7.185
480,7.12
481,7.363
482,7.523
483,7.568
484,7.636
485,7.68
486,8.145
487,9.124
488,9.638
489,9.643
490,9.664
491,9.575
492,9.199
493,9.155
494,8.991
495,8.945
496,9.032
497,9.339
498,9.496
499,9.154
500,8.627
501,8.14
502,7.963
503,7.721
504,7.458
505,7.603
506,7.961
507,7.931
508,7.892
509,7.968
510,8.422
511,9.304
512,9.806
513,9.831
514,9.844
515,9.761
516,9.409
517,9.392
518,9.191
519,9.074
520,9.152
521,9.464
522,9.609
523,9.249
524,8.748
525,8.298
526,8.171
527,7.951
528,8.219
529,8.611
530,8.517
531,8.513
532,8.391
533,8.36
534,8.483
535,9.359
536,9.808
537,9.791
538,9.772
539,9.664
540,9.377
541,9.355
542,9.206
543,9.12
544,9.134
545,9.465
546,9.615
547,9.245
548,8.76
549,8.236
550,8.063
551,7.786
552,7.738
553,7.603
554,7.582
555,7.57
556,7.588
557,7.7
558,8.36
559,9.335
560,9.835
561,9.889
562,9.924
563,9.819
564,9.478
565,9.535
566,9.387
567,9.322
568,9.402
569,9.582
570,9.652
571,9.33
572,8.804
573,8.318
574,8.14
575,7.933
576,7.744
577,7.757
578,7.763
579,7.933
580,7.733
581,7.781
582,8.491
583,9.402
584,9.848
585,9.844
586,9.728
587,9.505
588,9.184
589,9.082
590,8.875
591,8.76
592,8.829
593,9.204
594,9.445
595,9.155
596,8.67
597,8.197
598,8.085
599,7.897
600,7.712
601,7.883
602,8.14
603,8.292
604,8.152
605,8.037
606,8.088
607,7.494
608,7.676
609,8.009
610,8.037
611,8.058
612,8.044
613,8.278
614,7.864
615,7.544
616,7.589
617,8.096
618,8.368
619,8.096
620,8.198
621,8.049
622,8.026
623,8.127
624,8.04
625,7.987
626,7.902
627,7.81
628,7.683
629,7.612
630,7.493
631,7.488
632,7.835
633,7.99
634,8.083
635,8.305
636,8.402
637,8.244
638,8.027
639,7.667
640,7.581
641,7.844
642,8.113
643,7.927
644,8.024
645,8.002
646,7.89
647,7.747
648,8.184
649,8.131
650,8.21
651,8.212
652,8.176
653,8.493
654,8.041
655,8.915
656,9.423
657,9.548
658,9.592
659,9.543
660,9.2
661,9.277
662,9.208
663,9.152
664,9.208
665,9.374
666,9.497
667,9.116
668,8.605
669,8.159
670,7.938
671,7.672
672,7.525
673,7.479
674,7.496
675,7.372
676,7.27
677,7.611
678,8.386
679,9.173
680,9.603
681,9.609
682,9.558
683,9.422
684,9.024
685,8.972
686,8.813
687,8.806
688,8.907
689,9.154
690,9.452
691,9.092
692,8.653
693,8.204
694,8.053
695,7.753
696,7.872
697,8.031
698,8.002
699,7.979
700,7.87
701,7.974
702,8.485
703,9.119
704,9.474
705,9.522
706,9.576
707,9.582
708,9.289
709,9.254
710,9.066
711,8.901
712,8.875
713,9.15
714,9.448
715,9.118
716,8.668
717,8.231
718,8.065
719,7.799
720,7.699
721,7.816
722,7.856
723,7.919
724,7.72
725,7.681
726,8.436
727,9.254
728,9.728
729,9.778
730,9.795
731,9.718
732,9.395
733,9.278
734,9.056
735,8.998
736,9.007
737,9.298
738,9.476
739,9.131
740,8.65
741,8.136
742,7.929
743,8.09
744,7.844
745,7.822
746,7.786
747,7.681
748,7.559
749,7.665
750,8.124
751,8.956
752,9.434
753,9.562
754,9.663
755,9.706
756,9.45
757,9.422
758,9.269
759,9.132
760,9.022
761,9.181
762,9.268
763,8.926
764,8.449
765,7.956
766,8.04
767,7.978
768,7.853
769,7.946
770,8.174
771,8.232
772,8.107
773,8.123
774,7.994
775,7.953
776,7.737
777,7.874
778,7.925
779,7.871
780,7.857
781,8.072
782,8.101
783,8.078
784,7.934
785,8.104
786,8.289
787,8.009
788,7.636
789,7.481
790,7.486
791,7.537
792,7.513
793,7.59
794,7.534
795,7.528
796,7.306
797,7.275
798,7.205
799,7.195
800,7.548
801,7.435
802,7.454
803,7.555
804,7.834
805,7.984
806,7.713
807,7.639
808,7.664
809,7.921
810,8.402
811,8.218
812,7.904
813,7.566
814,7.554
815,7.332
816,7.624
817,7.747
818,7.617
819,7.778
820,7.797
821,7.823
822,8.36
823,9.182
824,9.625
825,9.674
826,9.64
827,9.574
828,9.215
829,9.183
830,8.951
831,8.826
832,8.857
833,9.106
834,9.414
835,9.1
836,8.62
837,8.159
838,7.958
839,7.737
840,7.611
841,7.589
842,7.658
843,7.904
844,7.962
845,8.206
846,8.584
847,9.382
848,9.779
849,9.815
850,9.77
851,9.634
852,9.25
853,9.216
854,9.081
855,8.916
856,8.946
857,9.09
858,9.506
859,9.206
860,8.726
861,8.298
862,8.18
863,8.085
864,8.172
865,8.208
866,8.522
867,8.466
868,8.389
869,8.223
870,8.591
871,9.347
872,9.818
873,9.888
874,9.86
875,9.742
876,9.421
877,9.383
878,9.183
879,9.137
880,9.14
881,9.302
882,9.604
883,9.278
884,8.812
885,8.357
886,8.165
887,8.104
888,7.814
889,7.902
890,8.206
891,8.163
892,7.764
893,7.93
894,8.528
895,9.284
896,9.668
897,9.762
898,9.811
899,9.768
900,9.509
901,9.52
902,9.388
903,9.275
904,9.214
905,9.254
906,9.405
907,9.096
908,8.615
909,8.135
910,7.917
911,7.775
912,7.56
913,7.638
914,7.59
915,7.517
916,7.516
917,7.622
918,8.363
919,9.115
920,9.491
921,9.472
922,9.392
923,9.259
924,8.901
925,8.738
926,8.557
927,8.433
928,8.375
929,8.72
930,9.095
931,8.836
932,8.399
933,7.94
934,7.8
935,7.821
936,7.797
937,7.684
938,7.589
939,7.392
940,7.307
941,7.354
942,7.421
943,7.367
944,7.508
945,7.659
946,7.72
947,7.742
948,7.912
949,7.933
950,7.803
951,7.615
952,7.605
953,7.836
954,8.105
955,7.845
956,7.545
957,7.47
958,7.43
959,7.462
960,7.581
961,7.474
962,7.484
963,7.315
964,7.3
965,7.321
966,7.345
967,7.361
968,7.402
969,7.293
970,7.343
971,7.37
972,7.565
973,7.812
974,7.599
975,7.599
976,7.415
977,7.716
978,7.972
979,7.897
980,8.117
981,8.394
982,8.396
983,8.147
984,7.64
985,7.97
986,7.934
987,7.936
988,7.902
989,8.12
990,8.125
991,8.897
992,9.33
993,9.435
994,9.463
995,9.485
996,9.096
997,9.137
998,8.984
999,8.914
1000,8.873
1001,8.974
1002,9.29
1003,8.961
1004,8.458
1005,7.955
1006,7.776
1007,7.586
1008,7.629
1009,7.528
1010,7.453
1011,7.617
1012,7.545
1013,7.829
1014,8.363
1015,9.074
1016,9.439
1017,9.42
1018,9.321
1019,9.259
1020,8.804
1021,8.808
1022,8.644
1023,8.519
1024,8.539
1025,8.703
1026,9.177
1027,8.948
1028,8.477
1029,8
1030,7.887
1031,7.699
1032,7.782
1033,7.752
1034,7.827
1035,7.858
1036,7.799
1037,7.664
1038,8.348
1039,9.091
1040,9.403
1041,9.342
1042,9.242
1043,9.088
1044,8.757
1045,8.808
1046,8.773
1047,8.527
1048,8.275
1049,8.468
1050,9.051
1051,8.837
1052,8.416
1053,8.011
1054,7.876
1055,7.584
1056,7.538
1057,7.723
1058,7.67
1059,7.796
1060,7.724
1061,7.571
1062,8.227
1063,8.977
1064,9.306
1065,9.181
1066,9.059
1067,8.977
1068,8.55
1069,8.592
1070,8.704
1071,8.234
1072,8.212
1073,8.348
1074,8.9
1075,8.722
1076,8.28
1077,7.873
1078,7.804
1079,7.492
1080,7.552
1081,7.765
1082,7.783
1083,7.892
1084,7.697
1085,7.659
1086,8.131
1087,8.896
1088,9.199
1089,9.116
1090,9.053
1091,8.962
1092,8.408
1093,8.411
1094,8.536
1095,8.035
1096,7.939
1097,8.081
1098,8.576
1099,8.46
1100,8.076
1101,7.712
1102,7.622
1103,7.331
1104,7.183
1105,7.086
1106,7.322
1107,7.439
1108,7.528
1109,7.285
1110,7.155
1111,6.98
1112,7.293
1113,7.419
1114,7.372
1115,7.6
1116,7.431
1117,7.857
1118,7.742
1119,7.758
1120,7.279
1121,7.223
1122,7.822
1123,7.63
1124,7.343
1125,7.227
1126,7.093
1127,6.975
1128,6.889
1129,7.239
1130,7.478
1131,7.436
1132,7.33
1133,7.342
1134,7.165
1135,6.862
1136,7.036
1137,7.272
1138,7.518
1139,7.678
1140,7.698
1141,7.616
1142,7.505
1143,7.318
1144,6.894
1145,6.763
1146,7.531
1147,7.468
1148,7.211
1149,6.964
1150,6.952
1151,6.993
1152,7.273
1153,7.3
1154,7.538
1155,7.537
1156,7.435
1157,7.512
1158,7.871
1159,8.598
1160,8.984
1161,8.859
1162,8.807
1163,8.835
1164,8.341
1165,8.312
1166,8.064
1167,7.973
1168,7.988
1169,8.126
1170,8.663
1171,8.456
1172,7.967
1173,7.565
1174,7.43
1175,7.147
1176,7.384
1177,7.381
1178,7.419
1179,7.532
1180,7.53
1181,7.485
1182,7.999
1183,8.678
1184,8.928
1185,8.841
1186,8.742
1187,8.687
1188,8.168
1189,8.122
1190,7.949
1191,7.934
1192,7.833
1193,8.008
1194,8.596
1195,8.407
1196,7.958
1197,7.518
1198,7.342
1199,6.996
1200,7.031
1201,6.945
1202,6.966
1203,7.016
1204,7.001
1205,7.371
1206,7.941
1207,8.624
1208,8.949
1209,8.784
1210,8.709
1211,8.662
1212,8.196
1213,8.16
1214,7.89
1215,7.84
1216,7.825
1217,8.009
1218,8.588
1219,8.411
1220,7.967
1221,7.54
1222,7.426
1223,7.043
1224,6.835
1225,6.854
1226,7.002
1227,7.64
1228,7.524
1229,7.416
1230,7.919
1231,8.592
1232,8.868
1233,8.753
1234,8.671
1235,8.632
1236,8.16
1237,8.057
1238,7.888
1239,7.739
1240,7.711
1241,7.883
1242,8.447
1243,8.322
1244,7.922
1245,7.623
1246,7.506
1247,7.018
1248,7.204
1249,7.351
1250,7.458
1251,7.461
1252,7.253
1253,7.18
1254,7.701
1255,8.298
1256,8.712
1257,8.669
1258,8.611
1259,8.654
1260,8.212
1261,8.159
1262,7.995
1263,8.058
1264,7.969
1265,7.885
1266,8.299
1267,8.177
1268,7.924
1269,7.875
1270,7.568
1271,7.584
1272,7.455
1273,7.574
1274,7.79
1275,7.726
1276,7.601
1277,7.497
1278,7.216
1279,6.811
1280,7.204
1281,7.471
1282,7.695
1283,7.892
1284,7.768
1285,7.869
1286,7.64
1287,7.27
1288,7.07
1289,6.973
1290,7.532
1291,7.453
1292,7.271
1293,7.466
1294,7.322
1295,7.318
1296,7.346
1297,7.547
1298,7.577
1299,7.477
1300,7.352
1301,7.304
1302,7.32
1303,7.319
1304,7.139
1305,7.371
1306,7.759
1307,7.708
1308,7.59
1309,7.522
1310,7.304
1311,7.298
1312,7.163
1313,7.078
1314,7.384
1315,7.38
1316,7.113
1317,6.91
1318,6.844
1319,6.785
1320,6.841
1321,7.039
1322,7.248
1323,7.313
1324,7.109
1325,7.141
1326,7.773
1327,8.404
1328,8.728
1329,8.681
1330,8.612
1331,8.669
1332,8.681
1333,8.705
1334,8.426
1335,8.007
1336,7.696
1337,7.782
1338,8.355
1339,8.302
1340,7.817
1341,7.509
1342,7.319
1343,7.206
1344,7.522
1345,7.451
1346,7.354
1347,7.548
1348,7.157
1349,7.398
1350,7.818
1351,8.513
1352,8.778
1353,8.675
1354,8.631
1355,8.625
1356,8.801
1357,8.915
1358,8.493
1359,7.927
1360,7.752
1361,7.766
1362,8.31
1363,8.256
1364,7.852
1365,7.47
1366,7.295
1367,6.977
1368,7.053
1369,7.194
1370,7.185
1371,7.209
1372,7.045
1373,6.984
1374,7.748
1375,8.397
1376,8.658
1377,8.533
1378,8.475
1379,8.674
1380,8.486
1381,8.33
1382,8.239
1383,7.716
1384,7.524
1385,7.601
1386,8.187
1387,8.131
1388,7.699
1389,7.306
1390,7.182
1391,6.963
1392,7.195
1393,7.157
1394,7.192
1395,7.357
1396,7.264
1397,7.325
1398,7.66
1399,8.193
1400,8.463
1401,8.358
1402,8.36
1403,8.504
1404,8.265
1405,8.224
1406,8.055
1407,7.8
1408,7.581
1409,7.536
1410,8.07
1411,8.004
1412,7.584
1413,7.226
1414,7.013
1415,6.649
1416,6.4
1417,6.439
1418,6.555
1419,6.547
1420,6.394
1421,6.659
1422,7.219
1423,7.9
1424,8.443
1425,8.712
1426,8.87
1427,8.916
1428,8.61
1429,8.584
1430,8.393
1431,8.23
1432,8.107
1433,8.133
1434,8.435
1435,8.247
1436,7.743
1437,7.31
1438,7.194
1439,6.898
1440,6.612
1441,6.572
1442,6.452
1443,6.418
1444,6.271
1445,6.342
1446,6.459
1447,6.506
1448,6.78
1449,7.061
1450,7.068
1451,7.101
1452,7.098
1453,7.022
1454,6.839
1455,6.774
1456,6.787
1457,7.021
1458,7.498
1459,7.39
1460,7.106
1461,7.431
1462,6.947
1463,7.575
1464,7.414
1465,7.335
1466,7.353
1467,7.367
1468,7.226
1469,7.199
1470,7.2
1471,7.152
1472,7.335
1473,7.561
1474,7.726
1475,7.765
1476,7.737
1477,7.563
1478,6.995
1479,6.869
1480,6.948
1481,6.883
1482,7.05
1483,7.185
1484,6.911
1485,7.407
1486,7.364
1487,7.168
1488,7.153
1489,7.136
1490,7.202
1491,7.238
1492,7.172
1493,7.243
1494,7.339
1495,7.877
1496,8.35
1497,8.565
1498,8.845
1499,9.158
1500,8.881
1501,8.871
1502,8.582
1503,8.393
1504,8.287
1505,8.235
1506,8.597
1507,8.453
1508,7.961
1509,7.817
1510,7.299
1511,7.085
1512,7.823
1513,7.764
1514,7.769
1515,7.825
1516,7.477
1517,7.352
1518,7.757
1519,8.363
1520,8.631
1521,8.543
1522,8.56
1523,8.594
1524,8.245
1525,8.188
1526,8.049
1527,7.972
1528,7.811
1529,7.811
1530,8.285
1531,8.231
1532,7.793
1533,7.423
1534,7.241
1535,7.264
1536,7.161
1537,7.46
1538,7.646
1539,7.727
1540,7.725
1541,7.855
1542,7.848
1543,8.262
1544,8.561
1545,8.556
1546,8.612
1547,8.685
1548,8.569
1549,8.36
1550,8.17
1551,7.996
1552,7.969
1553,8.038
1554,8.437
1555,8.282
1556,7.834
1557,7.519
1558,7.537
1559,7.564
1560,7.576
1561,7.687
1562,7.546
1563,7.638
1564,7.591
1565,7.785
1566,7.697
1567,8.231
1568,8.756
1569,9.115
1570,9.326
1571,9.365
1572,9.609
1573,9.682
1574,9.612
1575,9.41
1576,9.123
1577,8.262
1578,8.462
1579,8.444
1580,8.059
1581,8.107
1582,7.896
1583,7.702
1584,7.789
1585,7.903
1586,7.794
1587,7.9
1588,7.832
1589,7.48
1590,7.644
1591,8.244
1592,8.69
1593,8.784
1594,8.894
1595,8.914
1596,8.521
1597,8.508
1598,8.286
1599,8.113
1600,7.887
1601,7.821
1602,8.244
1603,8.209
1604,7.811
1605,7.398
1606,7.438
1607,7.844
1608,7.782
1609,7.755
1610,7.642
1611,7.658
1612,7.587
1613,7.576
1614,7.727
1615,7.478
1616,7.74
1617,7.825
1618,7.942
1619,7.856
1620,7.704
1621,7.605
1622,7.662
1623,7.754
1624,7.776
1625,7.79
1626,7.577
1627,7.693
1628,7.683
1629,7.606
1630,7.216
1631,7.254
1632,7.39
1633,7.355
1634,7.33
1635,7.253
1636,7.145
1637,7.055
1638,7.037
1639,6.565
1640,6.868
1641,7.206
1642,7.258
1643,7.475
1644,7.546
1645,7.19
1646,7.523
1647,7.519
1648,7.369
1649,7.378
1650,7.698
1651,7.394
1652,7.667
1653,7.75
1654,7.666
1655,7.618
1656,7.529
1657,7.368
1658,7.605
1659,7.701
1660,7.624
1661,7.762
1662,7.466
1663,8.069
1664,8.654
1665,8.913
1666,9.086
1667,9.238
1668,9.106
1669,9.112
1670,8.79
1671,8.533
1672,8.524
1673,8.395
1674,8.724
1675,8.676
1676,8.186
1677,7.75
1678,7.523
1679,7.234
1680,7.093
1681,7.308
1682,7.342
1683,7.828
1684,7.879
1685,7.741
1686,8.032
1687,8.573
1688,8.757
1689,8.667
1690,8.775
1691,8.911
1692,8.487
1693,8.49
1694,8.363
1695,8.132
1696,8.046
1697,7.961
1698,8.401
1699,8.383
1700,7.958
1701,8.314
1702,8.249
1703,8.065
1704,7.807
1705,7.899
1706,7.766
1707,7.933
1708,7.796
1709,7.873
1710,8.207
1711,8.344
1712,8.682
1713,8.692
1714,8.857
1715,8.93
1716,8.57
1717,8.499
1718,8.54
1719,8.59
1720,8.619
1721,8.305
1722,8.552
1723,8.542
1724,8.236
1725,8.135
1726,7.889
1727,7.838
1728,7.848
1729,7.957
1730,7.893
1731,7.844
1732,7.739
1733,7.897
1734,7.756
1735,8.366
1736,8.802
1737,8.909
1738,9.078
1739,9.215
1740,8.941
1741,8.998
1742,8.943
1743,8.948
1744,8.917
1745,8.819
1746,8.945
1747,8.779
1748,8.226
1749,7.832
1750,7.799
1751,8.106
1752,8.076
1753,8.063
1754,7.909
1755,8.092
1756,7.898
1757,8.115
1758,7.982
1759,8.373
1760,8.841
1761,9.017
1762,9.136
1763,9.215
1764,8.857
1765,8.819
1766,8.611
1767,8.517
1768,8.392
1769,8.289
1770,8.28
1771,8.236
1772,8.013
1773,8.116
1774,7.765
1775,8.232
1776,7.854
1777,7.864
1778,7.746
1779,7.668
1780,7.547
1781,7.529
1782,7.591
1783,7.162
1784,7.263
1785,6.99
1786,7.018
1787,7.259
1788,7.637
1789,7.931
1790,7.76
1791,7.662
1792,7.613
1793,7.747
1794,7.299
1795,7.432
1796,7.248
1797,7.231
1798,6.699
1799,7.461
1800,7.296
1801,7.112
1802,7.065
1803,7.019
1804,7.004
1805,7.023
1806,6.963
1807,6.867
1808,7.117
1809,7.478
1810,7.488
1811,7.551
1812,7.629
1813,7.555
1814,7.404
1815,7.504
1816,7.805
1817,8.054
1818,7.552
1819,7.532
1820,7.254
1821,6.925
1822,6.85
1823,6.601
1824,7.02
1825,7.009
1826,7.261
1827,7.437
1828,7.384
1829,6.903
1830,7.611
1831,8.29
1832,8.629
1833,8.6
1834,8.694
1835,8.812
1836,8.576
1837,8.49
1838,8.331
1839,8.169
1840,8.063
1841,8.024
1842,8.336
1843,8.403
1844,7.965
1845,7.544
1846,7.369
1847,7.034
1848,6.816
1849,6.849
1850,6.749
1851,6.831
1852,6.752
1853,6.966
1854,7.715
1855,8.186
1856,8.454
1857,8.41
1858,8.421
1859,8.44
1860,8.124
1861,8.072
1862,7.924
1863,7.768
1864,7.701
1865,7.704
1866,8.078
1867,8.275
1868,7.897
1869,7.481
1870,7.33
1871,7.068
1872,7.123
1873,7.118
1874,7.104
1875,7.261
1876,7.22
1877,7.458
1878,7.911
1879,8.404
1880,8.585
1881,8.543
1882,8.5
1883,8.542
1884,8.216
1885,8.192
1886,7.924
1887,7.777
1888,7.646
1889,7.653
1890,8.07
1891,8.318
1892,7.962
1893,7.496
1894,7.291
1895,7.002
1896,7.033
1897,7.157
1898,7.143
1899,7.145
1900,7.036
1901,7.233
1902,7.749
1903,8.268
1904,8.446
1905,8.403
1906,8.621
1907,8.932
1908,8.575
1909,8.425
1910,8.212
1911,7.907
1912,7.501
1913,7.453
1914,7.854
1915,8.174
1916,7.829
1917,7.37
1918,7.193
1919,6.848
1920,6.607
1921,6.913
1922,6.937
1923,6.95
1924,6.756
1925,6.837
1926,7.605
1927,8.104
1928,8.338
1929,8.265
1930,8.231
1931,8.25
1932,7.822
1933,8.312
1934,7.984
1935,7.734
1936,7.141
1937,7.129
1938,7.472
1939,7.773
1940,7.478
1941,7.091
1942,7.019
1943,6.773
1944,6.865
1945,6.662
1946,6.613
1947,6.656
1948,6.634
1949,6.51
1950,6.42
1951,6.856
1952,7.103
1953,7.26
1954,7.309
1955,7.693
1956,7.512
1957,7.389
1958,7.134
1959,6.808
1960,6.807
1961,6.414
1962,6.665
1963,6.964
1964,6.769
1965,6.38
1966,6.324
1967,6.134
1968,5.978
1969,6.265
1970,6.212
1971,6.368
1972,6.314
1973,6.37
1974,6.161
1975,5.943
1976,6.266
1977,6.401
1978,6.956
1979,7.106
1980,7.296
1981,7.129
1982,6.938
1983,6.834
1984,6.977
1985,6.91
1986,6.536
1987,6.77
1988,6.583
1989,6.717
1990,6.699
1991,6.909
1992,6.965
1993,6.969
1994,7.094
1995,7.151
1996,7.179
1997,7.401
1998,7.084
1999,7.792
2000,8.141
2001,8.141
2002,8.339
2003,8.464
2004,8.085
2005,8.191
2006,8.107
2007,7.915
2008,7.869
2009,7.695
2010,8.003
2011,8.175
2012,7.726
2013,7.432
2014,7.066
2015,6.846
2016,6.907
2017,6.803
2018,6.918
2019,7.039
2020,6.997
2021,7.313
2022,7.499
2023,8.139
2024,8.436
2025,8.438
2026,8.444
2027,8.726
2028,8.267
2029,8.246
2030,8.09
2031,7.886
2032,7.62
2033,7.534
2034,7.867
2035,8.183
2036,7.874
2037,7.415
2038,7.234
2039,6.872
2040,6.789
2041,6.873
2042,6.976
2043,6.997
2044,6.872
2045,6.895
2046,7.547
2047,8.051
2048,8.238
2049,8.121
2050,8.238
2051,8.382
2052,7.984
2053,7.897
2054,7.728
2055,7.591
2056,7.53
2057,7.428
2058,7.788
2059,8.053
2060,7.731
2061,7.296
2062,7.143
2063,6.81
2064,6.754
2065,6.674
2066,6.666
2067,6.683
2068,6.491
2069,6.715
2070,7.417
2071,7.894
2072,8.112
2073,8.051
2074,8.062
2075,8.173
2076,7.712
2077,7.659
2078,7.466
2079,7.338
2080,7.276
2081,7.274
2082,7.556
2083,7.89
2084,7.577
2085,7.128
2086,6.935
2087,6.587
2088,6.67
2089,6.619
2090,6.767
2091,6.869
2092,6.667
2093,6.972
2094,7.366
2095,7.822
2096,8.021
2097,8.042
2098,8.18
2099,8.672
2100,8.337
2101,8.214
2102,7.925
2103,7.424
2104,7.099
2105,6.999
2106,7.343
2107,7.66
2108,7.304
2109,6.991
2110,6.841
2111,6.582
2112,6.369
2113,6.412
2114,6.451
2115,6.428
2116,6.307
2117,6.304
2118,6.368
2119,6.153
2120,6.305
2121,6.616
2122,7.341
2123,7.484
2124,7.423
2125,7.446
2126,7.267
2127,7.002
2128,6.614
2129,6.177
2130,6.448
2131,6.787
2132,6.594
2133,6.301
2134,6.257
2135,6.013
2136,5.936
2137,6.375
2138,6.461
2139,6.254
2140,6.403
2141,6.418
2142,6.163
2143,6.236
2144,6.482
2145,6.94
2146,7.146
2147,7.174
2148,7.043
2149,6.86
2150,6.76
2151,6.695
2152,6.82
2153,6.329
2154,6.19
2155,6.414
2156,6.491
2157,6.65
2158,6.428
2159,6.632
2160,6.718
2161,6.698
2162,6.641
2163,6.607
2164,6.577
2165,7.013
2166,7.716
2167,8.011
2168,7.941
2169,7.963
2170,8.127
2171,8.079
2172,8.319
2173,8.201
2174,7.943
2175,7.792
2176,7.053
2177,6.973
2178,7.044
2179,7.195
2180,6.856
2181,6.668
2182,6.617
2183,6.879
2184,7.005
2185,7.038
2186,7.012
2187,6.965
2188,6.889
2189,7.16
2190,7.809
2191,8.045
2192,7.957
2193,7.934
2194,8.046
2195,7.618
2196,8.068
2197,7.827
2198,7.8
2199,7.75
2200,7.138
2201,7.108
2202,7.13
2203,7.142
2204,6.837
2205,6.645
2206,6.545
2207,6.374
2208,6.497
2209,6.791
2210,6.757
2211,6.354
2212,6.347
2213,6.963
2214,7.665
2215,8.038
2216,7.994
2217,8.015
2218,8.175
2219,7.777
2220,7.807
2221,7.757
2222,7.765
2223,7.816
2224,7.854
2225,7.955
2226,7.891
2227,7.71
2228,7.33
2229,7.049
2230,6.735
2231,6.465
2232,6.481
2233,6.435
2234,6.467
2235,6.248
2236,6.696
2237,7.531
2238,8.341
2239,8.842
2240,8.987
2241,9.147
2242,9.242
2243,8.973
2244,8.941
2245,8.831
2246,8.699
2247,8.55
2248,8.298
2249,8.255
2250,8.176
2251,8.057
2252,7.705
2253,7.471
2254,7.208
2255,6.938
2256,6.877
2257,6.77
2258,6.676
2259,6.552
2260,6.811
2261,7.641
2262,8.33
2263,8.678
2264,8.707
2265,8.679
2266,8.667
2267,8.255
2268,8.128
2269,7.848
2270,7.567
2271,7.365
2272,7.246
2273,7.344
2274,7.434
2275,7.555
2276,7.306
2277,7.155
2278,6.944
2279,6.672
2280,6.555
2281,6.443
2282,6.35
2283,6.185
2284,6.219
2285,6.368
2286,6.39
2287,6.68
2288,6.925
2289,6.911
2290,6.836
2291,6.789
2292,6.694
2293,7.182
2294,6.903
2295,6.429
2296,6.265
2297,6.416
2298,6.544
2299,6.777
2300,6.563
2301,6.462
2302,6.232
2303,6.124
2304,6.376
2305,6.128
2306,6.287
2307,6.227
2308,6.014
2309,5.791
2310,5.475
2311,5.695
2312,6.19
2313,7.508
2314,7.72
2315,7.946
2316,7.823
2317,7.613
2318,7.536
2319,7.562
2320,7.506
2321,6.398
2322,6.515
2323,6.691
2324,6.449
2325,6.296
2326,6.006
2327,6.175
2328,6.135
2329,6.146
2330,6.192
2331,6.267
2332,6.374
2333,7.027
2334,7.7
2335,8.088
2336,8.108
2337,8.089
2338,8.199
2339,7.748
2340,7.739
2341,7.611
2342,7.524
2343,7.41
2344,7.209
2345,7.257
2346,7.237
2347,7.265
2348,7.025
2349,6.77
2350,6.417
2351,6.249
2352,6.311
2353,6.555
2354,6.644
2355,6.582
2356,6.545
2357,7.197
2358,7.925
2359,8.27
2360,8.258
2361,8.264
2362,8.384
2363,7.867
2364,7.992
2365,8.299
2366,8.277
2367,8.237
2368,7.509
2369,7.228
2370,7.057
2371,7.206
2372,7.034
2373,6.783
2374,6.512
2375,6.511
2376,6.742
2377,6.761
2378,6.69
2379,6.565
2380,6.734
2381,7.111
2382,7.727
2383,8.114
2384,8.131
2385,8.217
2386,8.354
2387,7.911
2388,7.905
2389,8.111
2390,8.041
2391,7.91
2392,7.601
2393,7.684
2394,7.585
2395,7.492
2396,7.132
2397,6.928
2398,6.718
2399,6.882
2400,6.838
2401,6.839
2402,6.793
2403,6.713
2404,6.611
2405,7.185
2406,7.909
2407,8.38
2408,8.496
2409,8.608
2410,8.678
2411,8.269
2412,8.394
2413,8.219
2414,8.126
2415,7.983
2416,7.61
2417,7.606
2418,7.479
2419,7.417
2420,7.103
2421,6.903
2422,6.679
2423,6.484
2424,6.684
2425,6.778
2426,6.812
2427,6.76
2428,6.651
2429,7.277
2430,7.906
2431,8.178
2432,8.163
2433,8.167
2434,8.181
2435,7.788
2436,7.668
2437,7.519
2438,7.517
2439,7.168
2440,7.111
2441,7.204
2442,7.185
2443,7.212
2444,7.012
2445,6.843
2446,6.586
2447,6.382
2448,6.411
2449,6.132
2450,6.155
2451,6.067
2452,6.055
2453,6.209
2454,6.235
2455,6.581
2456,6.778
2457,6.77
2458,6.792
2459,6.749
2460,6.846
2461,7.284
2462,7.414
2463,7.437
2464,7.132
2465,6.789
2466,6.836
2467,6.839
2468,6.582
2469,6.445
2470,6.281
2471,6.104
2472,5.985
2473,6.043
2474,6.201
2475,6.572
2476,6.416
2477,6.329
2478,6.013
2479,5.972
2480,6.26
2481,6.899
2482,7.064
2483,7.35
2484,7.645
2485,7.66
2486,7.572
2487,7.476
2488,7.199
2489,6.799
2490,6.805
2491,6.897
2492,6.668
2493,6.531
2494,6.283
2495,6.045
2496,6.107
2497,6.316
2498,6.47
2499,6.429
2500,6.654
2501,7.336
2502,7.968
2503,8.26
2504,8.271
2505,8.312
2506,8.299
2507,7.871
2508,7.821
2509,8.116
2510,7.912
2511,7.728
2512,7.263
2513,7.089
2514,7.042
2515,7.214
2516,7.075
2517,6.861
2518,6.49
2519,6.52
2520,6.877
2521,7.128
2522,7.415
2523,7.333
2524,6.976
2525,7.256
2526,7.752
2527,8.041
2528,7.98
2529,7.998
2530,8.113
2531,7.687
2532,7.697
2533,7.573
2534,7.458
2535,7.54
2536,7.31
2537,7.352
2538,7.329
2539,7.254
2540,6.991
2541,6.739
2542,6.311
2543,6.028
2544,6.163
2545,6.915
2546,6.955
2547,6.98
2548,6.773
2549,7.025
2550,7.542
2551,7.855
2552,7.866
2553,7.897
2554,8.007
2555,7.564
2556,7.699
2557,7.466
2558,7.723
2559,7.498
2560,6.889
2561,6.857
2562,6.787
2563,6.954
2564,6.897
2565,6.698
2566,6.855
2567,6.83
2568,6.678
2569,6.54
2570,6.879
2571,6.884
2572,6.444
2573,6.949
2574,7.402
2575,7.701
2576,7.654
2577,7.687
2578,7.759
2579,7.739
2580,7.574
2581,7.334
2582,7.335
2583,6.913
2584,6.547
2585,6.4
2586,6.361
2587,6.454
2588,6.357
2589,6.255
2590,5.982
2591,6.191
2592,6.855
2593,6.886
2594,6.944
2595,6.808
2596,6.234
2597,5.475
2598,5.228
2599,5.395
2600,5.573
2601,6.19
2602,6.416
2603,7.393
2604,7.214
2605,7.177
2606,6.989
2607,6.99
2608,6.597
2609,5.646
2610,5.568
2611,5.71
2612,5.744
2613,5.827
2614,5.534
2615,6.478
2616,6.617
2617,6.7
2618,6.692
2619,6.723
2620,6.092
2621,5.619
2622,5.549
2623,5.73
2624,6.03
2625,7.102
2626,7.202
2627,7.335
2628,7.296
2629,7.253
2630,7.208
2631,7.101
2632,5.692
2633,5.415
2634,5.416
2635,5.524
2636,5.543
2637,5.499
2638,5.681
2639,6.342
2640,6.547
2641,6.624
2642,6.555
2643,6.32
2644,6.428
2645,6.199
2646,6.2
2647,6.35
2648,6.722
2649,6.764
2650,6.814
2651,6.787
2652,6.71
2653,6.59
2654,6.476
2655,6.478
2656,6.292
2657,5.205
2658,5.073
2659,5.362
2660,5.737
2661,5.84
2662,5.887
2663,6.205
2664,6.428
2665,6.458
2666,6.54
2667,6.498
2668,6.598
2669,6.634
2670,6.529
2671,6.546
2672,6.746
2673,7.054
2674,7.139
2675,7.055
2676,6.859
2677,6.846
2678,6.812
2679,6.762
2680,7.015
2681,7.153
2682,6.603
2683,6.893
2684,6.872
2685,6.31
2686,6.912
2687,6.8
2688,6.774
2689,6.783
2690,6.695
2691,6.548
2692,7.069
2693,6.569
2694,6.787
2695,7.23
2696,7.599
2697,7.996
2698,7.851
2699,7.442
2700,7.471
2701,7.428
2702,7.33
2703,6.732
2704,6.522
2705,6.58
2706,6.448
2707,6.444
2708,6.403
2709,6.154
2710,6.012
2711,6.317
2712,6.556
2713,6.944
2714,6.919
2715,6.657
2716,6.201
2717,6.33
2718,6.892
2719,7.215
2720,7.276
2721,7.422
2722,8.111
2723,8.08
2724,8.285
2725,8.115
2726,7.908
2727,7.694
2728,7.348
2729,7.352
2730,7.11
2731,6.758
2732,6.649
2733,6.442
2734,6.404
2735,6.471
2736,6.738
2737,6.749
2738,6.324
2739,5.618
2740,5.872
2741,6.558
2742,7.062
2743,7.308
2744,7.315
2745,7.403
2746,7.569
2747,7.163
2748,7.24
2749,7.165
2750,7.041
2751,6.873
2752,6.695
2753,6.758
2754,6.651
2755,6.648
2756,6.58
2757,6.328
2758,5.937
2759,5.699
2760,5.648
2761,5.636
2762,5.451
2763,5.372
2764,5.791
2765,6.631
2766,7.35
2767,7.864
2768,8.057
2769,8.197
2770,8.297
2771,8.011
2772,7.933
2773,7.713
2774,7.524
2775,7.369
2776,7.162
2777,7.152
2778,7.052
2779,7.012
2780,6.722
2781,6.542
2782,6.361
2783,7.069
2784,7.308
2785,7.449
2786,7.363
2787,7.115
2788,7.077
2789,7.005
2790,6.192
2791,6.279
2792,6.538
2793,6.96
2794,7.028
2795,7.36
2796,7.6
2797,7.566
2798,7.381
2799,7.223
2800,6.241
2801,6.354
2802,6.307
2803,6.3
2804,6.159
2805,6.075
2806,5.875
2807,5.753
2808,6.523
2809,7.081
2810,7.167
2811,7.124
2812,6.877
2813,6.841
2814,6.882
2815,6.826
2816,6.282
2817,6.091
2818,5.959
2819,6.078
2820,6.256
2821,7.235
2822,7.171
2823,7.101
2824,6.24
2825,6.108
2826,6.171
2827,6.259
2828,6.22
2829,6.079
2830,5.766
2831,5.562
2832,5.916
2833,6.124
2834,6.375
2835,5.999
2836,6.044
2837,6.837
2838,7.486
2839,7.89
2840,7.918
2841,8.057
2842,8.158
2843,7.703
2844,7.692
2845,7.584
2846,7.512
2847,7.428
2848,7.316
2849,7.377
2850,7.258
2851,7.154
2852,6.941
2853,6.635
2854,6.24
2855,5.996
2856,5.937
2857,6.009
2858,5.944
2859,5.97
2860,6.106
2861,6.868
2862,7.536
2863,7.853
2864,7.772
2865,7.844
2866,7.966
2867,7.517
2868,7.644
2869,7.488
2870,7.447
2871,7.234
2872,6.859
2873,6.89
2874,6.825
2875,6.84
2876,6.79
2877,6.578
2878,6.258
2879,6.398
2880,6.44
2881,6.717
2882,7.067
2883,7.277
2884,7.587
2885,7.922
2886,7.852
2887,7.69
2888,8.457
2889,8.734
2890,8.923
2891,8.644
2892,8.497
2893,8.292
2894,8.226
2895,8.142
2896,7.944
2897,7.862
2898,6.721
2899,6.559
2900,6.62
2901,6.475
2902,6.714
2903,6.983
2904,7.338
2905,7.361
2906,7.252
2907,7.128
2908,7.098
2909,6.712
2910,7.186
2911,7.463
2912,7.487
2913,7.598
2914,7.828
2915,7.456
2916,7.581
2917,7.428
2918,7.285
2919,7.239
2920,7.142
2921,7.27
2922,7.242
2923,7.069
2924,6.778
2925,6.563
2926,6.263
2927,6.062
2928,6.088
2929,6.447
2930,6.82
2931,6.342
2932,6.159
2933,6.706
2934,7.374
2935,7.823
2936,7.926
2937,8.079
2938,8.183
2939,7.685
2940,7.556
2941,7.429
2942,7.319
2943,7.052
2944,6.923
2945,6.96
2946,6.89
2947,6.817
2948,6.7
2949,6.513
2950,6.204
2951,5.957
2952,5.957
2953,5.845
2954,5.893
2955,6.017
2956,6.192
2957,6.048
2958,6.039
2959,6.242
2960,6.642
2961,7.471
2962,7.599
2963,7.969
2964,7.746
2965,7.965
2966,7.857
2967,7.991
2968,7.866
2969,7.389
2970,6.871
2971,6.774
2972,6.591
2973,6.454
2974,6.227
2975,6.207
2976,6.84
2977,6.78
2978,6.788
2979,7.1
2980,7.132
2981,6.96
2982,6.87
2983,7.198
2984,7.316
2985,7.824
2986,7.984
2987,7.955
2988,7.835
2989,7.824
2990,7.58
2991,7.786
2992,7.379
2993,6.379
2994,6.361
2995,6.403
2996,6.465
2997,6.339
2998,6.048
2999,6.219
3000,6.466
3001,6.655
3002,6.788
3003,7.04
3004,7.208
3005,7.159
3006,7.717
3007,7.998
3008,7.896
3009,7.936
3010,8.079
3011,7.741
3012,7.749
3013,7.599
3014,7.436
3015,7.279
3016,7.133
3017,7.192
3018,7.15
3019,7.158
3020,7.087
3021,6.835
3022,6.507
3023,6.287
3024,7.006
3025,7.017
3026,7.011
3027,6.914
3028,6.574
3029,7.23
3030,7.766
3031,7.941
3032,7.858
3033,7.891
3034,7.967
3035,7.533
3036,7.472
3037,7.309
3038,7.085
3039,6.952
3040,6.861
3041,6.991
3042,6.947
3043,6.95
3044,6.852
3045,6.604
3046,6.212
3047,5.944
3048,5.984
3049,5.984
3050,5.967
3051,5.928
3052,5.98
3053,6.753
3054,7.523
3055,7.967
3056,8.102
3057,8.25
3058,8.443
3059,8.205
3060,8.211
3061,8.077
3062,7.945
3063,7.818
3064,7.709
3065,7.753
3066,7.589
3067,7.421
3068,7.092
3069,6.853
3070,6.661
3071,6.466
3072,6.898
3073,6.955
3074,6.978
3075,6.41
3076,6.551
3077,6.992
3078,7.507
3079,7.893
3080,8.009
3081,8.106
3082,8.218
3083,7.712
3084,7.691
3085,7.57
3086,7.448
3087,7.376
3088,7.134
3089,7.163
3090,7.16
3091,7.088
3092,6.894
3093,6.657
3094,6.288
3095,6.25
3096,6.279
3097,6.334
3098,6.296
3099,5.983
3100,6.113
3101,6.752
3102,7.477
3103,7.871
3104,7.876
3105,7.958
3106,8.075
3107,7.592
3108,7.461
3109,7.32
3110,7.267
3111,6.93
3112,6.869
3113,6.893
3114,6.851
3115,6.77
3116,6.667
3117,6.425
3118,6.019
3119,5.787
3120,5.72
3121,5.584
3122,5.674
3123,5.797
3124,5.774
3125,5.857
3126,5.844
3127,6.005
3128,6.292
3129,6.653
3130,7.209
3131,7.175
3132,7.104
3133,7.241
3134,7.249
3135,7.272
3136,7.462
3137,7.769
3138,7.257
3139,7.181
3140,6.94
3141,6.654
3142,6.609
3143,6.238
3144,6.26
3145,5.966
3146,5.81
3147,5.653
3148,5.72
3149,5.735
3150,5.676
3151,5.807
3152,6.18
3153,6.696
3154,6.783
3155,6.709
3156,6.748
3157,6.753
3158,6.558
3159,6.379
3160,6.143
3161,6.414
3162,6.314
3163,6.361
3164,6.29
3165,6.174
3166,5.956
3167,6.232
3168,6.463
3169,6.572
3170,6.515
3171,6.533
3172,6.654
3173,6.801
3174,7.369
3175,7.731
3176,7.869
3177,7.96
3178,8.363
3179,8.257
3180,8.367
3181,8.271
3182,8.227
3183,7.928
3184,7.664
3185,7.18
3186,6.967
3187,6.873
3188,6.833
3189,6.643
3190,6.343
3191,6.276
3192,6.579
3193,6.632
3194,6.746
3195,6.403
3196,6.524
3197,6.977
3198,7.452
3199,7.672
3200,7.669
3201,8.214
3202,8.496
3203,8.086
3204,8.236
3205,8.068
3206,7.476
3207,7.548
3208,7.33
3209,7.06
3210,6.892
3211,6.9
3212,6.876
3213,6.658
3214,6.272
3215,6.573
3216,6.854
3217,6.852
3218,6.87
3219,6.733
3220,6.787
3221,6.945
3222,7.516
3223,7.749
3224,7.78
3225,7.906
3226,9
3227,8.551
3228,8.48
3229,8.066
3230,7.775
3231,7.573
3232,7.319
3233,7.249
3234,7.125
3235,6.988
3236,6.892
3237,6.775
3238,6.604
3239,6.576
3240,6.562
3241,6.597
3242,6.903
3243,6.576
3244,6.645
3245,6.957
3246,7.454
3247,7.713
3248,7.706
3249,7.786
3250,7.926
3251,7.545
3252,7.516
3253,7.335
3254,7.218
3255,7.034
3256,6.914
3257,6.948
3258,6.886
3259,6.838
3260,6.829
3261,6.692
3262,6.272
3263,5.993
3264,6.096
3265,6.132
3266,6.099
3267,5.919
3268,6.268
3269,6.748
3270,7.312
3271,7.629
3272,7.668
3273,7.764
3274,7.85
3275,7.458
3276,7.391
3277,7.205
3278,6.964
3279,6.842
3280,6.799
3281,6.969
3282,6.92
3283,6.806
3284,6.63
3285,6.484
3286,6.15
3287,5.88
3288,6.02
3289,6.19
3290,6.257
3291,6.06
3292,6.153
3293,5.59
3294,5.515
3295,5.822
3296,6.084
3297,6.237
3298,6.561
3299,7.062
3300,7.452
3301,7.436
3302,6.937
3303,6.301
3304,5.924
3305,6.119
3306,6.114
3307,6.017
3308,6.02
3309,5.96
3310,5.693
3311,5.776
3312,5.688
3313,5.84
3314,5.92
3315,5.792
3316,5.964
3317,5.93
3318,5.838
3319,6.022
3320,6.359
3321,6.505
3322,6.735
3323,7.031
3324,7.3
3325,7.213
3326,7.042
3327,7.125
3328,6.622
3329,5.975
3330,6.031
3331,6.068
3332,6.008
3333,5.854
3334,5.519
3335,5.48
3336,5.88
3337,6.012
3338,6.332
3339,6.655
3340,6.31
3341,6.489
3342,7.331
3343,7.898
3344,8.026
3345,8.254
3346,8.527
3347,8.115
3348,8.154
3349,8.043
3350,7.919
3351,7.781
3352,7.535
3353,7.578
3354,7.346
3355,7.101
3356,6.806
3357,6.576
3358,6.342
3359,6.696
3360,7.079
3361,7.5
3362,7.442
3363,7.271
3364,6.678
3365,6.906
3366,7.519
3367,8.035
3368,8.08
3369,8.248
3370,8.437
3371,7.87
3372,7.856
3373,7.768
3374,7.647
3375,7.5
3376,7.304
3377,7.37
3378,7.182
3379,7.002
3380,6.893
3381,6.82
3382,6.759
3383,6.969
3384,7.266
3385,7.402
3386,7.382
3387,7.225
3388,7.327
3389,6.925
3390,7.361
3391,7.672
3392,7.684
3393,7.761
3394,7.927
3395,7.623
3396,7.655
3397,7.559
3398,7.526
3399,7.196
3400,6.845
3401,6.881
3402,6.685
3403,6.59
3404,6.613
3405,6.472
3406,6.073
3407,6.191
3408,6.479
3409,6.625
3410,6.535
3411,6.438
3412,6.358
3413,6.604
3414,7.161
3415,7.466
3416,7.511
3417,7.981
3418,8.769
3419,8.044
3420,7.79
3421,7.81
3422,7.75
3423,7.407
3424,6.789
3425,6.725
3426,6.625
3427,6.512
3428,6.536
3429,6.425
3430,6.052
3431,6.081
3432,6.566
3433,6.733
3434,6.312
3435,5.907
3436,5.895
3437,6.439
3438,6.972
3439,7.295
3440,7.385
3441,7.617
3442,8.079
3443,8.095
3444,8.213
3445,8.091
3446,7.642
3447,7.376
3448,6.783
3449,6.6
3450,6.436
3451,6.32
3452,6.26
3453,6.2
3454,5.922
3455,5.699
3456,5.811
3457,5.98
3458,5.946
3459,5.743
3460,5.998
3461,5.97
3462,5.662
3463,5.902
3464,6.164
3465,6.392
3466,6.489
3467,6.404
3468,6.398
3469,6.611
3470,6.935
3471,6.987
3472,6.541
3473,6.307
3474,6.108
3475,5.921
3476,5.828
3477,5.747
3478,5.523
3479,5.474
3480,5.708
3481,6.418
3482,6.722
3483,6.693
3484,6.614
3485,6.56
3486,6.565
3487,6.88
3488,7.144
3489,7.393
3490,7.578
3491,7.613
3492,7.413
3493,7.29
3494,7.239
3495,7.251
3496,7.368
3497,7.392
3498,6.318
3499,6.23
3500,6.373
3501,6.375
3502,6.991
3503,6.887
3504,6.9
3505,7
3506,6.951
3507,6.876
3508,6.927
3509,6.296
3510,6.878
3511,7.295
3512,7.391
3513,7.543
3514,8.274
3515,7.82
3516,7.855
3517,7.831
3518,7.747
3519,7.504
3520,6.878
3521,6.887
3522,6.666
3523,6.465
3524,6.369
3525,6.245
3526,5.854
3527,5.709
3528,5.627
3529,5.541
3530,5.468
3531,5.229
3532,5.493
3533,6.247
3534,7.053
3535,7.601
3536,7.785
3537,8.021
3538,8.297
3539,7.811
3540,7.764
3541,7.659
3542,7.585
3543,7.443
3544,7.265
3545,7.247
3546,7.008
3547,6.787
3548,6.647
3549,6.541
3550,6.301
3551,6.06
3552,6.249
3553,6.877
3554,6.908
3555,6.654
3556,6.477
3557,6.51
3558,7.205
3559,7.609
3560,7.636
3561,7.794
3562,7.969
3563,7.664
3564,7.548
3565,7.364
3566,7.167
3567,6.938
3568,6.713
3569,6.739
3570,6.605
3571,6.449
3572,6.347
3573,6.253
3574,6.021
3575,6.269
3576,6.54
3577,6.976
3578,7.088
3579,6.905
3580,6.938
3581,6.911
3582,6.844
3583,7.174
3584,7.305
3585,7.467
3586,7.548
3587,7.443
3588,7.363
3589,7.275
3590,7.166
3591,6.997
3592,6.837
3593,6.218
3594,5.544
3595,5.511
3596,5.617
3597,5.717
3598,5.524
3599,5.741
3600,6.542
3601,6.702
3602,6.654
3603,6.467
3604,6.258
3605,5.475
3606,5.7
3607,6.026
3608,6.186
3609,6.282
3610,6.458
3611,6.332
3612,7.092
3613,7.06
3614,6.835
3615,6.383
3616,5.99
3617,5.986
3618,5.889
3619,5.759
3620,5.759
3621,5.82
3622,5.61
3623,5.57
3624,5.99
3625,6.189
3626,6.28
3627,6.318
3628,6.393
3629,6.204
3630,6.141
3631,5.84
3632,6.321
3633,7.182
3634,7.525
3635,7.488
3636,7.478
3637,7.336
3638,7.248
3639,7.146
3640,6.714
3641,5.857
3642,5.531
3643,5.475
3644,5.523
3645,5.622
3646,5.374
3647,5.708
3648,6.055
3649,6.434
3650,6.345
3651,6.386
3652,6.427
3653,6.382
3654,6.378
3655,6.451
3656,6.729
3657,6.965
3658,7.108
3659,7.16
3660,7.035
3661,6.915
3662,6.883
3663,6.931
3664,6.975
3665,5.87
3666,5.611
3667,5.613
3668,5.701
3669,5.814
3670,5.742
3671,6.372
3672,6.861
3673,6.903
3674,6.846
3675,6.702
3676,6.528
3677,5.863
3678,6.701
3679,7.203
3680,7.355
3681,7.521
3682,7.949
3683,7.575
3684,7.627
3685,7.542
3686,7.498
3687,7.278
3688,6.974
3689,7.018
3690,6.844
3691,6.627
3692,6.525
3693,6.386
3694,5.9
3695,5.694
3696,5.833
3697,5.851
3698,5.621
3699,5.599
3700,5.612
3701,6.064
3702,6.858
3703,7.278
3704,7.342
3705,7.516
3706,7.763
3707,7.424
3708,7.659
3709,7.675
3710,7.619
3711,7.288
3712,6.996
3713,6.954
3714,6.717
3715,6.472
3716,6.548
3717,6.846
3718,7.496
3719,7.352
3720,7.444
3721,7.334
3722,6.872
3723,6.298
3724,6.353
3725,6.251
3726,6.964
3727,7.339
3728,7.459
3729,7.661
3730,7.906
3731,7.528
3732,7.585
3733,7.504
3734,7.364
3735,7.235
3736,7.107
3737,7.127
3738,6.924
3739,6.688
3740,6.584
3741,6.6
3742,6.669
3743,6.598
3744,7.047
3745,7.367
3746,7.259
3747,7.093
3748,6.734
3749,6.5
3750,7.081
3751,7.526
3752,7.689
3753,7.923
3754,8.176
3755,7.724
3756,7.806
3757,7.685
3758,7.52
3759,7.334
3760,7.032
3761,6.915
3762,6.711
3763,6.464
3764,6.413
3765,6.368
3766,5.937
3767,5.641
3768,5.593
3769,5.774
3770,5.634
3771,5.424
3772,5.565
3773,6.18
3774,6.948
3775,7.394
3776,7.501
3777,7.587
3778,7.662
3779,7.508
3780,7.787
3781,8.015
3782,7.836
3783,7.513
3784,6.888
3785,6.777
3786,6.64
3787,6.428
3788,6.399
3789,6.305
3790,6.512
3791,6.894
3792,6.993
3793,6.968
3794,6.764
3795,6.544
3796,6.536
3797,6.592
3798,6.804
3799,7.017
3800,6.489
3801,6.674
3802,7.543
3803,7.515
3804,7.812
3805,7.737
3806,7.547
3807,7.458
3808,7.492
3809,7.428
3810,6.18
3811,5.575
3812,5.608
3813,5.698
3814,5.469
3815,6.23
3816,6.638
3817,6.681
3818,6.614
3819,6.351
3820,6.275
3821,6.249
3822,6.335
3823,6.645
3824,6.742
3825,6.757
3826,7.178
3827,7.212
3828,7.119
3829,7.077
3830,6.871
3831,6.614
3832,5.671
3833,5.783
3834,5.749
3835,5.648
3836,5.616
3837,5.617
3838,5.671
3839,5.596
3840,5.401
3841,5.418
3842,5.927
3843,5.972
3844,6.112
3845,6.139
3846,5.471
3847,5.612
3848,6.056
3849,6.425
3850,6.927
3851,7.327
3852,7.588
3853,7.386
3854,7.236
3855,7.02
3856,6.44
3857,6.414
3858,6.299
3859,6.125
3860,6.102
3861,6.092
3862,5.838
3863,5.84
3864,6.529
3865,6.763
3866,6.647
3867,6.567
3868,6.531
3869,6.308
3870,7.05
3871,7.57
3872,7.734
3873,7.957
3874,8.282
3875,7.841
3876,7.867
3877,7.794
3878,7.677
3879,7.503
3880,7.248
3881,7.29
3882,7.088
3883,6.809
3884,6.712
3885,6.56
3886,6.109
3887,6.047
3888,6.639
3889,6.798
3890,6.867
3891,6.538
3892,6.019
3893,6.518
3894,7.434
3895,7.927
3896,8.04
3897,8.042
3898,8.132
3899,7.613
3900,7.551
3901,7.349
3902,7.241
3903,7.092
3904,6.947
3905,6.949
3906,6.819
3907,6.563
3908,6.502
3909,6.426
3910,6.024
3911,6.42
3912,6.835
3913,6.984
3914,7.159
3915,6.967
3916,7.12
3917,6.319
3918,6.901
3919,7.285
3920,7.399
3921,8.154
3922,9.046
3923,8.898
3924,8.917
3925,8.67
3926,8.499
3927,7.736
3928,6.988
3929,6.959
3930,6.73
3931,6.464
3932,6.391
3933,6.456
3934,6.103
3935,6.017
3936,6.765
3937,6.741
3938,6.735
3939,6.64
3940,6.52
3941,6.274
3942,6.936
3943,7.4
3944,7.506
3945,7.699
3946,7.989
3947,7.613
3948,7.609
3949,7.449
3950,7.212
3951,6.992
3952,6.84
3953,6.862
3954,6.704
3955,6.464
3956,6.411
3957,6.422
3958,6.129
3959,6.11
3960,6.269
3961,6.643
3962,6.667
3963,6.352
3964,6.316
3965,6.472
3966,6.611
3967,7.04
3968,7.081
3969,7.437
3970,7.759
3971,7.936
3972,7.759
3973,7.713
3974,7.664
3975,7.75
3976,7.923
3977,7.721
3978,6.446
3979,6.348
3980,6.139
3981,5.919
3982,5.744
3983,6.521
3984,6.379
3985,6.307
3986,6.185
3987,5.987
3988,6.015
3989,6.202
3990,6.398
3991,6.535
3992,6.707
3993,6.973
3994,7.134
3995,7.229
3996,7.031
3997,6.821
3998,6.721
3999,6.681
4000,6.228
4001,5.859
4002,5.848
4003,5.751
4004,5.785
4005,5.907
4006,5.682
4007,5.404
4008,5.543
4009,6.244
4010,6.41
4011,6.21
4012,5.875
4013,6.166
4014,6.916
4015,7.402
4016,7.524
4017,7.81
4018,8.456
4019,7.771
4020,7.553
4021,7.432
4022,7.329
4023,7.234
4024,7
4025,6.997
4026,6.775
4027,6.524
4028,6.501
4029,6.464
4030,5.985
4031,5.72
4032,6.242
4033,6.511
4034,6.352
4035,6.1
4036,5.865
4037,6.35
4038,6.963
4039,7.399
4040,7.548
4041,7.743
4042,8.09
4043,7.727
4044,7.855
4045,7.787
4046,7.659
4047,7.519
4048,7.29
4049,7.249
4050,6.973
4051,6.687
4052,6.644
4053,6.582
4054,6.16
4055,5.846
4056,5.757
4057,5.647
4058,5.461
4059,5.266
4060,5.523
4061,6.324
4062,6.983
4063,7.446
4064,7.567
4065,7.768
4066,8.049
4067,7.634
4068,7.821
4069,7.731
4070,7.597
4071,7.447
4072,7.253
4073,7.25
4074,7.027
4075,6.764
4076,6.682
4077,6.584
4078,6.164
4079,5.942
4080,5.874
4081,5.787
4082,5.856
4083,6.348
4084,6.348
4085,6.079
4086,6.633
4087,7.155
4088,7.372
4089,7.598
4090,7.847
4091,7.546
4092,7.412
4093,7.329
4094,7.224
4095,7.137
4096,6.985
4097,7.004
4098,6.766
4099,6.52
4100,6.375
4101,6.395
4102,6.089
4103,6.401
4104,6.797
4105,6.622
4106,6.512
4107,6.352
4108,6.11
4109,6.138
4110,6.796
4111,7.29
4112,7.442
4113,7.693
4114,8.033
4115,7.974
4116,8.124
4117,8.055
4118,8.036
4119,7.781
4120,7.222
4121,6.922
4122,6.743
4123,6.478
4124,6.376
4125,6.354
4126,6.077
4127,5.827
4128,6.002
4129,6.59
4130,6.586
4131,6.258
4132,6.254
4133,6.204
4134,5.976
4135,6.13
4136,6.646
4137,7.484
4138,7.689
4139,7.86
4140,7.809
4141,7.667
4142,7.536
4143,7.426
4144,6.497
4145,6.145
4146,5.951
4147,5.809
4148,5.884
4149,6.169
4150,6.727
4151,6.473
4152,6.56
4153,6.791
4154,6.705
4155,6.469
4156,6.324
4157,6.365
4158,6.415
4159,6.701
4160,6.96
4161,7.007
4162,7.164
4163,7.335
4164,7.256
4165,7.148
4166,7.084
4167,7.075
4168,6.773
4169,5.859
4170,5.852
4171,5.768
4172,5.81
4173,5.948
4174,6.718
4175,6.649
4176,6.825
4177,6.835
4178,6.759
4179,6.701
4180,6.818
4181,6.262
4182,6.955
4183,7.422
4184,7.571
4185,7.798
4186,8.044
4187,7.661
4188,7.783
4189,7.902
4190,7.654
4191,7.461
4192,7.296
4193,7.256
4194,7.024
4195,6.732
4196,6.679
4197,6.664
4198,6.249
4199,6.827
4200,7.05
4201,7.046
4202,7.12
4203,6.93
4204,6.701
4205,6.378
4206,7.158
4207,7.634
4208,7.809
4209,8.044
4210,8.248
4211,7.821
4212,7.862
4213,7.859
4214,7.767
4215,7.64
4216,7.465
4217,7.361
4218,7.181
4219,6.914
4220,6.831
4221,6.828
4222,6.362
4223,6.029
4224,5.843
4225,5.775
4226,5.882
4227,5.669
4228,5.76
4229,6.502
4230,7.294
4231,7.799
4232,7.953
4233,8.128
4234,8.297
4235,7.906
4236,7.996
4237,7.985
4238,7.845
4239,7.727
4240,7.467
4241,7.422
4242,7.27
4243,7.023
4244,6.896
4245,6.911
4246,6.569
4247,6.897
4248,6.974
4249,6.896
4250,6.778
4251,6.311
4252,5.919
4253,6.492
4254,7.286
4255,7.805
4256,7.972
4257,8.2
4258,8.387
4259,8.054
4260,8.27
4261,8.198
4262,8.07
4263,7.888
4264,7.593
4265,7.518
4266,7.339
4267,7.045
4268,7.014
4269,7.075
4270,6.729
4271,6.297
4272,6.205
4273,6.011
4274,5.938
4275,5.799
4276,5.843
4277,6.531
4278,7.219
4279,7.722
4280,7.901
4281,8.081
4282,8.229
4283,7.89
4284,8.004
4285,8.106
4286,8.012
4287,7.644
4288,7.404
4289,7.355
4290,7.156
4291,6.913
4292,6.798
4293,6.85
4294,6.465
4295,6.196
4296,6.128
4297,6.301
4298,6.177
4299,5.942
4300,5.877
4301,6.016
4302,6.26
4303,6.573
4304,7.297
4305,7.903
4306,7.962
4307,8.137
4308,8.008
4309,7.921
4310,7.805
4311,7.756
4312,6.75
4313,6.337
4314,6.225
4315,6.119
4316,6.061
4317,6.212
4318,5.946
4319,5.827
4320,6.305
4321,6.714
4322,6.676
4323,6.464
4324,6.301
4325,6.377
4326,6.57
4327,6.771
4328,7.054
4329,7.423
4330,7.533
4331,7.642
4332,7.54
4333,7.312
4334,7.219
4335,7.218
4336,6.338
4337,6.148
4338,6.155
4339,6.127
4340,6.17
4341,6.328
4342,5.954
4343,5.962
4344,5.924
4345,6.27
4346,6.471
4347,6.427
4348,6.523
4349,6.39
4350,7.189
4351,7.779
4352,7.978
4353,8.155
4354,8.417
4355,8.051
4356,8.172
4357,8.393
4358,8.467
4359,8.081
4360,7.577
4361,7.484
4362,7.291
4363,7.003
4364,6.863
4365,6.771
4366,6.32
4367,6.173
4368,6.252
4369,7.018
4370,7.034
4371,6.761
4372,5.99
4373,6.37
4374,7.199
4375,7.719
4376,7.871
4377,8.068
4378,8.224
4379,7.754
4380,8.158
4381,8.135
4382,8.199
4383,7.899
4384,7.401
4385,7.357
4386,7.126
4387,6.838
4388,6.695
4389,6.678
4390,6.2
4391,5.962
4392,6.146
4393,6.105
4394,6.145
4395,6.034
4396,5.948
4397,6.345
4398,7.17
4399,7.67
4400,7.73
4401,7.93
4402,8.239
4403,8.027
4404,7.953
4405,7.86
4406,7.762
4407,7.538
4408,7.318
4409,7.197
4410,6.943
4411,6.638
4412,6.535
4413,6.565
4414,6.123
4415,5.788
4416,5.786
4417,5.877
4418,5.757
4419,5.599
4420,5.718
4421,6.274
4422,7.046
4423,7.479
4424,7.539
4425,7.789
4426,8.017
4427,7.652
4428,7.733
4429,7.659
4430,7.587
4431,7.461
4432,7.261
4433,7.23
4434,6.995
4435,6.716
4436,6.622
4437,6.67
4438,6.209
4439,5.887
4440,5.806
4441,5.64
4442,5.507
4443,5.301
4444,5.555
4445,6.264
4446,7.017
4447,7.478
4448,7.65
4449,7.866
4450,8.004
4451,7.667
4452,7.698
4453,7.709
4454,7.609
4455,7.229
4456,7.093
4457,7.078
4458,6.93
4459,6.654
4460,6.463
4461,6.523
4462,6.187
4463,5.836
4464,5.696
4465,5.46
4466,5.316
4467,5.075
4468,5.062
4469,5.211
4470,5.415
4471,5.803
4472,6.134
4473,6.336
4474,6.723
4475,7.259
4476,7.234
4477,6.956
4478,6.45
4479,6.101
4480,6.029
4481,5.957
4482,5.837
4483,5.698
4484,5.678
4485,5.758
4486,5.615
4487,5.611
4488,5.856
4489,6.109
4490,6.136
4491,6.245
4492,6.179
4493,6.242
4494,6.292
4495,5.887
4496,5.514
4497,5.921
4498,5.565
4499,5.714
4500,6.981
4501,7.244
4502,7.146
4503,6.899
4504,6.594
4505,5.757
4506,5.674
4507,5.607
4508,5.649
4509,5.786
4510,5.434
4511,5.18
4512,5.203
4513,5.767
4514,5.893
4515,5.931
4516,6.029
4517,6.054
4518,6.787
4519,7.225
4520,7.415
4521,7.654
4522,7.881
4523,7.536
4524,7.622
4525,7.555
4526,7.437
4527,7.267
4528,7.063
4529,7.02
4530,6.765
4531,6.497
4532,6.362
4533,6.315
4534,5.906
4535,5.982
4536,6.5
4537,6.431
4538,6.361
4539,5.978
4540,6.052
4541,6.09
4542,6.803
4543,7.26
4544,7.387
4545,7.537
4546,7.685
4547,7.325
4548,7.38
4549,7.3
4550,7.192
4551,7.05
4552,6.813
4553,6.793
4554,6.551
4555,6.317
4556,6.207
4557,6.28
4558,5.877
4559,5.573
4560,5.66
4561,5.978
4562,6.022
4563,5.797
4564,5.718
4565,6.022
4566,6.702
4567,7.131
4568,7.227
4569,7.391
4570,7.611
4571,7.703
4572,8.12
4573,8.225
4574,8.272
4575,8.103
4576,6.802
4577,6.751
4578,6.573
4579,6.351
4580,6.282
4581,6.288
4582,5.882
4583,6.161
4584,6.405
4585,6.171
4586,6.188
4587,6.057
4588,6.148
4589,6.036
4590,6.714
4591,7.169
4592,7.38
4593,7.557
4594,7.724
4595,7.324
4596,7.626
4597,7.596
4598,7.288
4599,7.143
4600,6.98
4601,6.885
4602,6.637
4603,6.333
4604,6.244
4605,6.167
4606,5.748
4607,5.444
4608,5.415
4609,5.347
4610,5.634
4611,5.454
4612,5.755
4613,5.908
4614,6.677
4615,7.162
4616,7.408
4617,7.658
4618,7.83
4619,7.425
4620,7.379
4621,7.216
4622,7.036
4623,7.028
4624,6.734
4625,6.699
4626,6.469
4627,6.181
4628,6.114
4629,6.091
4630,5.816
4631,5.871
4632,5.93
4633,6.016
4634,5.991
4635,5.946
4636,6.001
4637,5.731
4638,5.645
4639,6.044
4640,5.999
4641,5.891
4642,6.052
4643,6.309
4644,6.998
4645,7.105
4646,7.206
4647,7.19
4648,7.186
4649,6.941
4650,6.528
4651,6.241
4652,5.791
4653,5.761
4654,6.166
4655,6.1
4656,6.064
4657,6.161
4658,6.042
4659,5.891
4660,5.828
4661,5.874
4662,5.73
4663,5.565
4664,5.471
4665,5.44
4666,5.657
4667,5.307
4668,5.816
4669,6.306
4670,6.228
4671,6.269
4672,6.066
4673,5.592
4674,5.453
4675,5.476
4676,5.527
4677,5.495
4678,5.204
4679,5.534
4680,6.086
4681,6.177
4682,6.206
4683,6.169
4684,6.184
4685,5.808
4686,6.54
4687,7.072
4688,7.182
4689,7.407
4690,7.518
4691,7.132
4692,7.177
4693,7.046
4694,6.916
4695,6.72
4696,6.545
4697,6.532
4698,6.29
4699,6.035
4700,5.969
4701,5.93
4702,5.56
4703,6.505
4704,6.525
4705,6.539
4706,6.503
4707,6.239
4708,6.249
4709,5.777
4710,6.443
4711,6.87
4712,6.966
4713,7.11
4714,7.252
4715,6.94
4716,7.659
4717,7.724
4718,7.56
4719,7.578
4720,6.558
4721,6.488
4722,6.298
4723,6.062
4724,6.033
4725,5.978
4726,5.555
4727,5.785
4728,6.226
4729,6.477
4730,6.473
4731,6.039
4732,5.388
4733,5.692
4734,6.403
4735,6.838
4736,6.901
4737,7.09
4738,7.279
4739,6.937
4740,7.581
4741,7.59
4742,7.532
4743,7.473
4744,6.598
4745,6.591
4746,6.383
4747,6.136
4748,6.099
4749,6.055
4750,5.645
4751,5.394
4752,5.307
4753,5.886
4754,5.751
4755,5.558
4756,5.779
4757,5.773
4758,6.385
4759,6.877
4760,6.995
4761,7.26
4762,7.426
4763,7.64
4764,7.835
4765,7.908
4766,7.33
4767,6.928
4768,6.723
4769,6.688
4770,6.506
4771,6.265
4772,6.195
4773,6.156
4774,5.747
4775,5.481
4776,5.725
4777,5.533
4778,5.333
4779,5.075
4780,5.213
4781,5.776
4782,6.418
4783,6.925
4784,7.092
4785,7.246
4786,7.351
4787,6.995
4788,6.995
4789,6.887
4790,6.734
4791,6.555
4792,6.527
4793,6.511
4794,6.331
4795,6.062
4796,5.988
4797,6.01
4798,5.672
4799,5.445
4800,5.366
4801,5.471
4802,5.567
4803,5.996
4804,5.993
4805,6.223
4806,6.359
4807,6.494
4808,6.822
4809,6.674
4810,7.054
4811,7.946
4812,8.121
4813,8.028
4814,7.92
4815,7.314
4816,6.378
4817,5.725
4818,5.571
4819,5.46
4820,5.482
4821,5.509
4822,5.278
4823,5.55
4824,6.268
4825,6.345
4826,6.289
4827,6.258
4828,5.997
4829,6.13
4830,6.008
4831,6.103
4832,6.425
4833,7.376
4834,7.528
4835,7.325
4836,7.431
4837,7.352
4838,7.298
4839,7.318
4840,7.263
4841,6.012
4842,5.518
4843,5.484
4844,5.613
4845,5.648
4846,5.288
4847,5.168
4848,5.868
4849,6
4850,5.846
4851,5.645
4852,5.258
4853,5.67
4854,6.309
4855,6.798
4856,6.939
4857,7.179
4858,7.338
4859,7.102
4860,7.163
4861,7.113
4862,7.06
4863,6.92
4864,6.762
4865,6.742
4866,6.499
4867,6.269
4868,6.265
4869,6.193
4870,5.784
4871,5.567
4872,5.432
4873,5.292
4874,5.147
4875,5.018
4876,5.216
4877,5.791
4878,6.46
4879,6.93
4880,7.087
4881,7.265
4882,7.401
4883,7.103
4884,7.167
4885,7.13
4886,7.093
4887,6.967
4888,6.852
4889,6.821
4890,6.601
4891,6.381
4892,6.371
4893,6.327
4894,5.918
4895,5.664
4896,5.914
4897,6.252
4898,6.356
4899,6.168
4900,5.984
4901,5.941
4902,6.577
4903,6.999
4904,7.201
4905,7.419
4906,7.573
4907,7.309
4908,7.379
4909,7.319
4910,7.187
4911,7.089
4912,6.941
4913,6.904
4914,6.706
4915,6.421
4916,6.383
4917,6.337
4918,5.928
4919,5.67
4920,5.561
4921,5.377
4922,5.232
4923,5.024
4924,5.238
4925,5.844
4926,6.494
4927,6.965
4928,7.145
4929,7.34
4930,7.5
4931,7.239
4932,7.307
4933,7.265
4934,7.172
4935,7.088
4936,6.971
4937,6.936
4938,6.723
4939,6.489
4940,6.372
4941,6.303
4942,5.881
4943,5.626
4944,5.574
4945,5.852
4946,5.651
4947,5.438
4948,5.241
4949,5.817
4950,6.496
4951,6.949
4952,7.151
4953,7.354
4954,7.356
4955,7.171
4956,7.145
4957,7.049
4958,6.967
4959,6.838
4960,6.795
4961,6.801
4962,6.561
4963,6.241
4964,6.051
4965,5.863
4966,5.622
4967,5.418
4968,5.575
4969,5.548
4970,5.851
4971,5.791
4972,5.728
4973,5.675
4974,5.709
4975,5.696
4976,5.968
4977,6.389
4978,6.708
4979,6.846
4980,7.47
4981,7.489
4982,6.944
4983,7.186
4984,6.607
4985,6.283
4986,5.991
4987,5.749
4988,5.619
4989,5.726
4990,5.996
4991,6.764
4992,6.972
4993,6.822
4994,6.742
4995,6.534
4996,6.525
4997,6.534
4998,6.39
4999,5.873
5000,6.295
5001,6.695
5002,7.194
5003,7.116
5004,7.303
5005,7.227
5006,7.233
5007,6.813
5008,6.456
5009,6.069
5010,5.56
5011,5.384
5012,5.408
5013,5.356
5014,5.474
5015,5.411
5016,5.94
5017,6.672
5018,6.692
5019,6.602
5020,6.061
5021,5.424
5022,5.953
5023,6.419
5024,6.602
5025,7.141
5026,7.196
5027,6.825
5028,6.851
5029,6.746
5030,6.646
5031,6.431
5032,6.32
5033,6.335
5034,6.128
5035,5.904
5036,5.914
5037,5.871
5038,5.465
5039,5.29
5040,5.206
5041,5.09
5042,5.004
5043,4.813
5044,4.952
5045,5.443
5046,6.118
5047,6.52
5048,6.621
5049,6.825
5050,6.965
5051,6.689
5052,6.707
5053,6.608
5054,6.546
5055,6.5
5056,6.441
5057,6.417
5058,6.209
5059,6.012
5060,6.012
5061,5.907
5062,5.502
5063,5.298
5064,5.355
5065,5.611
5066,5.622
5067,5.241
5068,5.383
5069,5.524
5070,6.102
5071,6.547
5072,6.716
5073,6.874
5074,7.003
5075,6.731
5076,6.653
5077,6.522
5078,6.386
5079,6.215
5080,6.126
5081,6.087
5082,5.874
5083,5.663
5084,5.697
5085,5.655
5086,5.36
5087,5.102
5088,5.068
5089,4.948
5090,4.767
5091,4.494
5092,4.392
5093,4.447
5094,4.542
5095,4.803
5096,4.997
5097,5.084
5098,5.171
5099,5.197
5100,5.063
5101,4.958
5102,4.974
5103,5.023
5104,5.147
5105,5.3
5106,5.25
5107,5.173
5108,5.261
5109,5.338
5110,5.248
5111,5.104
5112,5.002
5113,4.836
5114,4.692
5115,4.484
5116,4.646
5117,5.031
5118,5.465
5119,5.91
5120,6.199
5121,6.385
5122,6.488
5123,6.377
5124,6.297
5125,6.16
5126,6.085
5127,6.047
5128,6.036
5129,6.044
5130,5.884
5131,5.654
5132,5.622
5133,5.566
5134,5.246
5135,5.022
5136,4.912
5137,4.872
5138,4.713
5139,4.333
5140,4.39
5141,4.532
5142,4.696
5143,5.015
5144,5.288
5145,5.419
5146,5.572
5147,5.465
5148,5.6
5149,5.843
5150,5.908
5151,6.111
5152,5.39
5153,5.422
5154,5.336
5155,5.262
5156,5.343
5157,5.333
5158,5.051
5159,4.795
5160,4.78
5161,5.035
5162,5.021
5163,4.804
5164,4.774
5165,4.785
5166,5.066
5167,5.621
5168,5.946
5169,6.218
5170,6.324
5171,6.44
5172,6.477
5173,6.483
5174,6.484
5175,6.49
5176,6.312
5177,5.418
5178,5.339
5179,5.306
5180,5.46
5181,5.4
5182,5.035
5183,4.794
5184,4.776
5185,4.843
5186,4.577
5187,4.456
5188,4.764
5189,5.507
5190,6.198
5191,6.658
5192,6.849
5193,7.023
5194,7.187
5195,6.886
5196,6.956
5197,6.899
5198,6.89
5199,6.795
5200,6.683
5201,6.668
5202,6.403
5203,6.236
5204,6.209
5205,6.03
5206,5.619
5207,5.372
5208,5.318
5209,5.126
5210,4.957
5211,4.778
5212,5.085
5213,5.856
5214,6.598
5215,7.11
5216,7.281
5217,7.519
5218,7.702
5219,7.291
5220,7.409
5221,7.314
5222,7.292
5223,7.156
5224,6.933
5225,6.87
5226,6.607
5227,6.343
5228,6.192
5229,6.027
5230,5.66
5231,5.393
5232,5.402
5233,5.288
5234,5.109
5235,4.921
5236,5.129
5237,5.837
5238,6.519
5239,7.039
5240,7.315
5241,7.6
5242,7.829
5243,7.443
5244,7.433
5245,7.35
5246,7.281
5247,7.069
5248,6.951
5249,6.83
5250,6.611
5251,6.41
5252,6.238
5253,6.071
5254,5.678
5255,5.639
5256,6.397
5257,6.631
5258,6.648
5259,6.417
5260,5.669
5261,5.942
5262,6.397
5263,6.837
5264,6.976
5265,7.267
5266,7.669
5267,8.144
5268,8.569
5269,8.523
5270,8.139
5271,7.386
5272,7.256
5273,6.579
5274,6.411
5275,6.206
5276,6.232
5277,6.108
5278,5.704
5279,5.473
5280,5.363
5281,5.159
5282,4.99
5283,4.784
5284,5.071
5285,5.928
5286,6.268
5287,6.701
5288,6.887
5289,7.104
5290,7.253
5291,6.972
5292,6.965
5293,6.862
5294,6.754
5295,6.642
5296,6.646
5297,6.643
5298,6.451
5299,6.302
5300,6.243
5301,6.182
5302,5.864
5303,5.686
5304,5.553
5305,5.688
5306,5.775
5307,6.024
5308,6.064
5309,6.221
5310,5.842
5311,5.977
5312,6.237
5313,7.459
5314,7.898
5315,7.714
5316,7.912
5317,7.859
5318,7.778
5319,7.72
5320,7.627
5321,7.337
5322,6.26
5323,5.868
5324,5.707
5325,5.662
5326,5.425
5327,6.394
5328,6.64
5329,6.552
5330,6.469
5331,6.296
5332,6.233
5333,6.254
5334,6.356
5335,6.583
5336,6.802
5337,6.922
5338,7.062
5339,7.121
5340,7.011
5341,6.876
5342,6.913
5343,6.705
5344,5.993
5345,5.898
5346,5.89
5347,5.805
5348,5.72
5349,5.621
5350,5.317
5351,5.228
5352,5.39
5353,5.509
5354,5.662
5355,5.595
5356,5.602
5357,6.398
5358,6.788
5359,7.145
5360,7.45
5361,7.734
5362,7.982
5363,7.6
5364,7.549
5365,7.358
5366,7.273
5367,7.224
5368,7.195
5369,7.066
5370,6.813
5371,6.613
5372,6.515
5373,6.146
5374,5.703
5375,5.838
5376,6.52
5377,6.39
5378,6.269
5379,6.083
5380,6.2
5381,6.653
5382,6.876
5383,7.104
5384,7.248
5385,7.418
5386,7.889
5387,7.516
5388,7.513
5389,7.396
5390,7.55
5391,7.364
5392,7.164
5393,6.791
5394,6.56
5395,6.425
5396,6.372
5397,6.178
5398,5.699
5399,5.465
5400,6.033
5401,6.009
5402,5.65
5403,5.526
5404,5.682
5405,6.16
5406,6.571
5407,6.974
5408,7.057
5409,7.291
5410,7.634
5411,7.302
5412,7.339
5413,7.221
5414,6.847
5415,6.737
5416,6.576
5417,6.493
5418,6.365
5419,6.226
5420,6.242
5421,6.069
5422,5.676
5423,5.63
5424,5.626
5425,5.841
5426,5.68
5427,5.556
5428,5.806
5429,6.064
5430,6.481
5431,6.573
5432,6.684
5433,6.894
5434,7.181
5435,6.913
5436,7.34
5437,7.264
5438,7.177
5439,7.21
5440,6.562
5441,6.489
5442,6.353
5443,6.238
5444,6.197
5445,6.035
5446,5.641
5447,5.358
5448,5.237
5449,5.088
5450,4.931
5451,4.772
5452,5.058
5453,5.795
5454,6.447
5455,6.844
5456,6.994
5457,7.18
5458,7.318
5459,6.953
5460,6.9
5461,6.769
5462,6.588
5463,6.433
5464,6.397
5465,6.462
5466,6.332
5467,6.176
5468,6.141
5469,5.996
5470,5.631
5471,5.343
5472,5.591
5473,5.799
5474,6.058
5475,6.004
5476,5.675
5477,5.627
5478,5.814
5479,5.453
5480,5.635
5481,5.829
5482,5.972
5483,5.986
5484,5.998
5485,6.093
5486,6.582
5487,6.49
5488,5.902
5489,5.858
5490,5.772
5491,5.691
5492,5.62
5493,5.517
5494,5.275
5495,5.078
5496,5.289
5497,5.155
5498,5.025
5499,4.831
5500,4.766
5501,4.793
5502,4.941
5503,5.169
5504,5.449
5505,5.775
5506,6.657
5507,6.874
5508,6.748
5509,6.651
5510,6.656
5511,6.677
5512,6.493
5513,5.786
5514,5.842
5515,5.884
5516,5.877
5517,5.731
5518,5.607
5519,5.433
5520,5.641
5521,5.536
5522,5.64
5523,5.722
5524,5.769
5525,6.072
5526,6.885
5527,7.496
5528,7.686
5529,7.867
5530,8.138
5531,7.626
5532,8.311
5533,8.592
5534,8.366
5535,8.265
5536,7.858
5537,7.188
5538,6.958
5539,6.753
5540,6.481
5541,6.215
5542,5.741
5543,5.524
5544,6.192
5545,6.098
5546,6.208
5547,5.991
5548,5.811
5549,6.409
5550,7.025
5551,7.566
5552,7.757
5553,7.962
5554,8.306
5555,7.811
5556,7.833
5557,7.733
5558,7.666
5559,7.542
5560,7.314
5561,7.337
5562,7.064
5563,6.811
5564,6.502
5565,6.229
5566,5.789
5567,5.512
5568,5.668
5569,5.725
5570,5.848
5571,5.748
5572,5.868
5573,6.268
5574,6.903
5575,7.331
5576,7.417
5577,7.541
5578,7.807
5579,7.36
5580,7.36
5581,7.244
5582,7.167
5583,7.029
5584,6.855
5585,6.898
5586,6.7
5587,6.591
5588,6.417
5589,6.173
5590,5.736
5591,5.493
5592,5.598
5593,5.675
5594,5.515
5595,5.104
5596,5.324
5597,6.192
5598,6.954
5599,7.411
5600,7.59
5601,7.805
5602,8.045
5603,7.697
5604,7.714
5605,7.954
5606,7.786
5607,7.565
5608,6.877
5609,6.888
5610,6.79
5611,6.704
5612,6.565
5613,6.281
5614,5.839
5615,5.607
5616,5.646
5617,5.541
5618,5.398
5619,5.197
5620,5.508
5621,6.208
5622,6.982
5623,7.48
5624,7.608
5625,7.763
5626,7.967
5627,7.512
5628,7.467
5629,7.252
5630,6.991
5631,6.786
5632,6.746
5633,6.778
5634,6.571
5635,6.476
5636,6.316
5637,6.106
5638,5.756
5639,5.499
5640,5.544
5641,5.377
5642,5.183
5643,5.055
5644,5.086
5645,5.298
5646,5.646
5647,6.012
5648,5.953
5649,6.098
5650,6.426
5651,6.894
5652,6.959
5653,6.846
5654,6.724
5655,6.57
5656,5.772
5657,5.891
5658,5.804
5659,5.808
5660,5.722
5661,5.63
5662,5.354
5663,5.206
5664,5.113
5665,5.34
5666,5.596
5667,5.402
5668,5.32
5669,5.213
5670,5.146
5671,5.356
5672,5.374
5673,6.069
5674,6.471
5675,6.454
5676,6.381
5677,6.276
5678,6.062
5679,5.716
5680,5.505
5681,5.707
5682,5.755
5683,5.84
5684,5.798
5685,5.682
5686,5.313
5687,5.069
5688,5.009
5689,4.915
5690,4.797
5691,4.746
5692,5.101
5693,6.021
5694,6.831
5695,7.279
5696,7.4
5697,7.598
5698,7.85
5699,7.402
5700,7.47
5701,7.399
5702,7.315
5703,7.188
5704,7.086
5705,7.043
5706,6.873
5707,6.755
5708,6.604
5709,6.294
5710,5.805
5711,5.564
5712,5.457
5713,5.247
5714,5.171
5715,4.993
5716,5.237
5717,6.209
5718,6.952
5719,7.399
5720,7.503
5721,7.712
5722,7.959
5723,7.529
5724,7.598
5725,7.513
5726,7.432
5727,7.36
5728,7.253
5729,7.268
5730,7.052
5731,6.945
5732,6.707
5733,6.388
5734,5.952
5735,5.644
5736,5.512
5737,5.41
5738,5.292
5739,5.088
5740,5.389
5741,6.351
5742,7.17
5743,7.59
5744,7.7
5745,7.87
5746,8.091
5747,7.607
5748,7.671
5749,7.613
5750,7.519
5751,7.398
5752,7.333
5753,7.33
5754,7.12
5755,7.001
5756,6.749
5757,6.438
5758,5.961
5759,5.648
5760,5.527
5761,5.372
5762,5.203
5763,4.999
5764,5.364
5765,6.318
5766,7.186
5767,7.662
5768,7.79
5769,8.015
5770,8.248
5771,7.75
5772,7.757
5773,7.673
5774,7.754
5775,7.423
5776,7.251
5777,7.236
5778,7.026
5779,6.941
5780,6.702
5781,6.408
5782,5.941
5783,5.65
5784,5.546
5785,5.539
5786,5.443
5787,5.108
5788,5.36
5789,6.281
5790,7.021
5791,7.44
5792,7.543
5793,7.758
5794,8.005
5795,7.583
5796,7.583
5797,7.483
5798,7.284
5799,7.102
5800,7.063
5801,7.069
5802,6.854
5803,6.737
5804,6.546
5805,6.283
5806,5.913
5807,5.931
5808,5.969
5809,6.011
5810,5.758
5811,5.581
5812,5.496
5813,5.677
5814,5.497
5815,6.223
5816,6.49
5817,7.011
5818,7.351
5819,7.346
5820,7.29
5821,7.149
5822,7.105
5823,7.065
5824,7.01
5825,6.324
5826,6.024
5827,6.251
5828,6.357
5829,6.749
5830,6.552
5831,6.314
5832,6.197
5833,6.127
5834,5.954
5835,5.734
5836,5.644
5837,5.701
5838,5.778
5839,6.031
5840,6.326
5841,6.595
5842,6.828
5843,6.858
5844,6.679
5845,6.528
5846,6.556
5847,6.53
5848,6.782
5849,6.478
5850,6.295
5851,6.064
5852,6.051
5853,6.204
5854,6.081
5855,6.024
5856,5.97
5857,5.956
5858,5.866
5859,5.791
5860,6.03
5861,6.337
5862,7.036
5863,7.601
5864,7.642
5865,7.784
5866,8.089
5867,7.759
5868,7.789
5869,7.776
5870,7.893
5871,7.79
5872,7.214
5873,7.194
5874,6.964
5875,6.828
5876,6.469
5877,6.14
5878,5.915
5879,5.879
5880,5.989
5881,5.902
5882,5.771
5883,5.611
5884,5.937
5885,6.399
5886,7.1
5887,7.473
5888,7.527
5889,7.632
5890,7.826
5891,7.3
5892,7.542
5893,7.355
5894,7.299
5895,7.297
5896,6.904
5897,6.974
5898,6.812
5899,6.817
5900,6.552
5901,6.199
5902,5.799
5903,5.492
5904,5.419
5905,5.247
5906,5.254
5907,5.059
5908,5.344
5909,6.327
5910,7.056
5911,7.404
5912,7.423
5913,7.641
5914,7.794
5915,7.441
5916,7.48
5917,7.33
5918,7.262
5919,7.191
5920,6.929
5921,6.977
5922,6.859
5923,6.839
5924,6.58
5925,6.225
5926,5.931
5927,5.796
5928,5.761
5929,5.652
5930,5.527
5931,5.389
5932,5.697
5933,6.317
5934,7.005
5935,7.436
5936,7.59
5937,7.875
5938,8.198
5939,7.731
5940,7.75
5941,7.656
5942,7.536
5943,7.39
5944,7.223
5945,7.185
5946,7.045
5947,6.96
5948,6.561
5949,6.269
5950,5.868
5951,5.851
5952,5.972
5953,5.889
5954,5.851
5955,5.728
5956,6.007
5957,6.403
5958,7.224
5959,7.694
5960,7.775
5961,7.962
5962,8.177
5963,7.625
5964,7.614
5965,7.726
5966,7.487
5967,7.291
5968,7.061
5969,7.05
5970,6.971
5971,6.771
5972,6.37
5973,6.127
5974,5.786
5975,5.647
5976,5.61
5977,5.463
5978,5.31
5979,5.252
5980,5.173
5981,5.194
5982,5.358
5983,5.742
5984,5.979
5985,6.104
5986,6.211
5987,6.152
5988,6.009
5989,5.889
5990,5.828
5991,5.683
5992,5.777
5993,5.899
5994,5.897
5995,5.967
5996,5.666
5997,5.535
5998,5.247
5999,5.254
6000,5.496
6001,5.668
6002,5.582
6003,5.404
6004,5.384
6005,5.57
6006,5.418
6007,5.193
6008,5.489
6009,5.788
6010,5.981
6011,6
6012,5.833
6013,5.725
6014,5.576
6015,5.559
6016,5.85
6017,6.125
6018,6.166
6019,6.139
6020,5.817
6021,5.64
6022,5.288
6023,5.118
6024,5.475
6025,5.498
6026,5.691
6027,5.564
6028,5.543
6029,6.348
6030,7.121
6031,7.558
6032,7.552
6033,7.653
6034,7.848
6035,7.333
6036,7.278
6037,7.357
6038,7.173
6039,6.888
6040,6.813
6041,6.927
6042,6.936
6043,6.921
6044,6.524
6045,6.214
6046,5.731
6047,5.776
6048,5.859
6049,6.062
6050,6.145
6051,6.021
6052,5.895
6053,6.592
6054,7.254
6055,7.585
6056,7.553
6057,7.611
6058,8.272
6059,7.868
6060,8.202
6061,8.136
6062,7.941
6063,7.641
6064,6.865
6065,6.859
6066,6.849
6067,6.894
6068,6.486
6069,6.182
6070,5.967
6071,6.027
6072,6.489
6073,6.423
6074,6.295
6075,6.175
6076,6.145
6077,6.536
6078,7.196
6079,7.462
6080,7.385
6081,7.481
6082,7.688
6083,7.847
6084,8.187
6085,8.12
6086,7.668
6087,7.652
6088,6.986
6089,6.97
6090,6.884
6091,6.808
6092,6.419
6093,6.705
6094,6.473
6095,6.742
6096,6.754
6097,6.754
6098,6.602
6099,6.329
6100,5.816
6101,6.424
6102,7.122
6103,7.449
6104,7.445
6105,7.544
6106,7.721
6107,7.253
6108,7.479
6109,7.57
6110,7.174
6111,7
6112,6.854
6113,6.911
6114,6.814
6115,6.801
6116,6.387
6117,6.147
6118,5.88
6119,6.798
6120,6.883
6121,6.842
6122,6.636
6123,6.441
6124,6.541
6125,6.417
6126,7.004
6127,7.359
6128,7.363
6129,7.47
6130,7.657
6131,7.182
6132,7.152
6133,7.06
6134,6.955
6135,6.742
6136,6.657
6137,6.764
6138,6.706
6139,6.665
6140,6.224
6141,5.982
6142,5.702
6143,5.611
6144,6.036
6145,6.086
6146,6.076
6147,5.933
6148,5.681
6149,5.436
6150,5.259
6151,5.558
6152,5.806
6153,5.96
6154,6.671
6155,7.668
6156,7.591
6157,7.567
6158,7.41
6159,6.699
6160,5.818
6161,5.841
6162,5.84
6163,5.893
6164,5.601
6165,5.49
6166,5.569
6167,5.727
6168,6.121
6169,6.284
6170,6.205
6171,6.074
6172,6.071
6173,6.188
6174,6.188
6175,6.464
6176,6.743
6177,6.863
6178,6.834
6179,6.891
6180,6.971
6181,7.001
6182,6.949
6183,6.755
6184,6.602
6185,5.805
6186,5.787
6187,5.903
6188,5.649
6189,5.487
6190,5.351
6191,6.08
6192,5.884
6193,5.915
6194,6.326
6195,6.262
6196,5.639
6197,6.061
6198,6.767
6199,7.223
6200,7.325
6201,7.455
6202,7.702
6203,7.242
6204,7.285
6205,7.206
6206,7.102
6207,7.02
6208,6.967
6209,7.025
6210,6.941
6211,6.872
6212,6.412
6213,6.153
6214,5.719
6215,5.827
6216,6.339
6217,6.429
6218,6.393
6219,6.284
6220,5.774
6221,6.318
6222,7.108
6223,7.462
6224,7.498
6225,7.67
6226,7.922
6227,7.483
6228,7.512
6229,7.432
6230,7.305
6231,7.199
6232,7.084
6233,7.078
6234,6.981
6235,6.889
6236,6.57
6237,6.43
6238,6.247
6239,6.891
6240,6.823
6241,6.79
6242,6.685
6243,6.598
6244,6.865
6245,6.618
6246,7.108
6247,7.522
6248,7.589
6249,7.75
6250,7.943
6251,7.514
6252,7.475
6253,7.443
6254,7.283
6255,7.164
6256,7.032
6257,7.007
6258,6.981
6259,6.847
6260,6.436
6261,6.171
6262,5.971
6263,5.821
6264,5.736
6265,6.942
6266,6.885
6267,5.592
6268,5.938
6269,6.5
6270,7.222
6271,7.567
6272,7.548
6273,7.67
6274,7.816
6275,7.338
6276,7.551
6277,7.216
6278,7.516
6279,7.231
6280,6.881
6281,7
6282,7.084
6283,6.943
6284,6.503
6285,6.209
6286,6.781
6287,6.653
6288,6.687
6289,6.558
6290,6.465
6291,6.339
6292,6.296
6293,6.54
6294,7.312
6295,7.58
6296,7.549
6297,7.582
6298,7.727
6299,7.345
6300,7.336
6301,7.209
6302,7.24
6303,7.144
6304,6.664
6305,6.771
6306,6.834
6307,6.742
6308,6.398
6309,6.667
6310,6.858
6311,6.875
6312,6.919
6313,6.829
6314,6.846
6315,6.611
6316,6.478
6317,6.521
6318,6.097
6319,6.197
6320,6.545
6321,6.88
6322,7.128
6323,7.117
6324,7.218
6325,7.25
6326,7.23
6327,7.038
6328,6.079
6329,5.825
6330,5.943
6331,5.99
6332,6.377
6333,6.338
6334,6.449
6335,6.66
6336,6.567
6337,6.468
6338,6.282
6339,6.041
6340,6.019
6341,6.064
6342,5.982
6343,6.293
6344,6.621
6345,6.914
6346,7.095
6347,7.176
6348,6.873
6349,6.792
6350,6.691
6351,6.73
6352,6.741
6353,5.995
6354,6.013
6355,5.945
6356,5.915
6357,6.227
6358,6.489
6359,6.613
6360,6.61
6361,6.59
6362,6.499
6363,6.382
6364,6.524
6365,6.451
6366,7.206
6367,7.717
6368,7.902
6369,8.105
6370,8.28
6371,7.687
6372,7.58
6373,7.381
6374,7.255
6375,7.108
6376,6.958
6377,7.069
6378,7.096
6379,6.901
6380,6.426
6381,6.119
6382,6.136
6383,5.962
6384,6.158
6385,6.16
6386,5.995
6387,5.758
6388,5.765
6389,6.465
6390,7.272
6391,7.569
6392,7.607
6393,7.796
6394,8.021
6395,7.477
6396,7.442
6397,7.326
6398,7.254
6399,7.147
6400,7.078
6401,7.28
6402,7.273
6403,6.957
6404,6.443
6405,6.223
6406,6.002
6407,6.198
6408,6.28
6409,6.329
6410,6.228
6411,5.798
6412,5.698
6413,6.427
6414,7.261
6415,7.574
6416,7.534
6417,7.672
6418,7.85
6419,7.357
6420,7.334
6421,7.234
6422,7.138
6423,7.069
6424,7.02
6425,7.21
6426,7.255
6427,6.914
6428,6.442
6429,6.15
6430,5.826
6431,5.996
6432,6.384
6433,6.557
6434,6.336
6435,6.279
6436,6.069
6437,6.436
6438,7.337
6439,7.766
6440,7.878
6441,8.023
6442,8.202
6443,7.643
6444,7.598
6445,7.484
6446,7.369
6447,7.23
6448,7.097
6449,7.194
6450,7.244
6451,6.983
6452,6.611
6453,6.541
6454,6.748
6455,6.754
6456,7.069
6457,7.061
6458,6.914
6459,6.708
6460,6.727
6461,6.582
6462,7.174
6463,7.549
6464,7.593
6465,7.69
6466,7.797
6467,7.354
6468,7.293
6469,7.112
6470,6.937
6471,6.783
6472,6.724
6473,6.896
6474,6.982
6475,6.674
6476,6.422
6477,6.472
6478,6.918
6479,6.471
6480,6.464
6481,6.39
6482,6.218
6483,5.995
6484,5.925
6485,6.139
6486,6.008
6487,5.884
6488,6.075
6489,6.125
6490,6.265
6491,6.322
6492,6.374
6493,6.488
6494,6.443
6495,6.553
6496,6.657
6497,6.24
6498,6.253
6499,6.099
6500,6.267
6501,5.908
6502,5.971
6503,6.522
6504,6.633
6505,6.598
6506,6.425
6507,6.296
6508,6.261
6509,6.322
6510,6.201
6511,6.281
6512,6.597
6513,6.837
6514,7.02
6515,7.091
6516,6.909
6517,6.754
6518,6.723
6519,6.731
6520,6.782
6521,6.838
6522,6.49
6523,6.698
6524,6.553
6525,6.742
6526,6.493
6527,6.084
6528,6.122
6529,6.074
6530,6.006
6531,5.965
6532,6.26
6533,6.724
6534,6.961
6535,7.322
6536,7.393
6537,7.518
6538,7.665
6539,7.21
6540,7.225
6541,7.251
6542,7.467
6543,7.252
6544,6.899
6545,6.979
6546,7.144
6547,6.871
6548,6.421
6549,6.414
6550,6.322
6551,6.63
6552,6.616
6553,6.563
6554,6.598
6555,6.446
6556,6.631
6557,6.603
6558,7.23
6559,7.517
6560,7.491
6561,7.717
6562,7.836
6563,7.248
6564,7.296
6565,7.354
6566,7.297
6567,7.048
6568,7.006
6569,7.207
6570,7.288
6571,6.861
6572,6.519
6573,6.361
6574,6.656
6575,6.695
6576,6.621
6577,6.489
6578,6.54
6579,6.462
6580,6.636
6581,6.558
6582,7.216
6583,7.627
6584,7.738
6585,7.788
6586,7.956
6587,7.52
6588,7.716
6589,7.89
6590,7.854
6591,7.705
6592,7.418
6593,7.424
6594,7.429
6595,7.028
6596,6.668
6597,6.665
6598,6.795
6599,7.253
6600,7.207
6601,7.185
6602,7.1
6603,6.972
6604,7.404
6605,7.794
6606,7.593
6607,7.872
6608,7.855
6609,7.863
6610,8.394
6611,8.191
6612,8.337
6613,8.179
6614,7.946
6615,7.034
6616,6.956
6617,7.203
6618,7.452
6619,7.135
6620,6.671
6621,6.404
6622,6.701
6623,6.536
6624,6.683
6625,6.866
6626,6.802
6627,6.593
6628,6.868
6629,6.866
6630,7.42
6631,7.776
6632,7.851
6633,8.111
6634,8.292
6635,7.921
6636,7.996
6637,7.788
6638,7.414
6639,7.263
6640,7.249
6641,7.394
6642,7.408
6643,7.057
6644,7.283
6645,7.117
6646,6.773
6647,7.024
6648,6.987
6649,7.001
6650,6.963
6651,6.722
6652,6.73
6653,6.946
6654,6.915
6655,6.377
6656,6.485
6657,6.554
6658,6.565
6659,6.575
6660,6.83
6661,6.673
6662,6.627
6663,6.419
6664,6.255
6665,6.421
6666,6.512
6667,6.246
6668,6.298
6669,6.385
6670,6.472
6671,6.591
6672,6.673
6673,6.589
6674,6.364
6675,6.339
6676,6.207
6677,6.413
6678,6.469
6679,6.486
6680,6.524
6681,6.73
6682,6.855
6683,6.562
6684,6.669
6685,7.157
6686,7.123
6687,7.02
6688,6.864
6689,6.996
6690,6.676
6691,6.818
6692,6.571
6693,6.455
6694,6.484
6695,6.519
6696,6.498
6697,6.448
6698,6.45
6699,6.437
6700,6.606
6701,6.658
6702,7.321
6703,7.712
6704,7.73
6705,7.807
6706,7.853
6707,7.449
6708,7.445
6709,7.469
6710,7.248
6711,7.137
6712,6.976
6713,7.222
6714,7.433
6715,7.126
6716,6.85
6717,6.838
6718,7.155
6719,7.109
6720,6.966
6721,6.933
6722,6.938
6723,6.831
6724,7.196
6725,7.27
6726,7.503
6727,7.879
6728,7.91
6729,7.995
6730,8.049
6731,7.57
6732,7.495
6733,7.42
6734,7.301
6735,7.217
6736,7.016
6737,7.275
6738,7.408
6739,7.011
6740,6.908
6741,6.842
6742,6.99
6743,6.774
6744,6.793
6745,6.77
6746,6.676
6747,6.646
6748,6.815
6749,7.183
6750,7.444
6751,7.932
6752,8.11
6753,8.369
6754,8.558
6755,8.225
6756,8.249
6757,8.197
6758,8.109
6759,7.979
6760,7.709
6761,7.74
6762,7.734
6763,7.303
6764,7.145
6765,7.274
6766,7.418
6767,7.24
6768,7.178
6769,7.106
6770,6.998
6771,6.94
6772,7.203
6773,7.356
6774,7.527
6775,7.898
6776,7.991
6777,8.113
6778,8.14
6779,7.865
6780,7.832
6781,7.705
6782,7.589
6783,7.516
6784,7.185
6785,7.374
6786,7.643
6787,7.288
6788,7.166
6789,6.994
6790,6.976
6791,6.908
6792,6.884
6793,6.896
6794,6.913
6795,6.812
6796,6.969
6797,7.316
6798,7.658
6799,7.964
6800,7.94
6801,7.921
6802,8.067
6803,7.823
6804,7.867
6805,7.731
6806,7.995
6807,7.829
6808,7.703
6809,7.338
6810,7.376
6811,6.999
6812,7.032
6813,7.035
6814,7.011
6815,6.897
6816,6.825
6817,6.682
6818,6.774
6819,6.567
6820,6.571
6821,6.759
6822,6.69
6823,6.635
6824,6.698
6825,6.829
6826,6.827
6827,6.894
6828,7.111
6829,6.923
6830,6.697
6831,6.361
6832,6.205
6833,6.334
6834,6.44
6835,6.111
6836,6.048
6837,6.155
6838,6.007
6839,5.763
6840,6.053
6841,6.167
6842,6.136
6843,6.072
6844,6.031
6845,5.877
6846,5.674
6847,5.794
6848,6.048
6849,6.262
6850,6.378
6851,6.538
6852,6.729
6853,6.739
6854,6.617
6855,6.595
6856,6.281
6857,5.973
6858,6.291
6859,6.074
6860,5.781
6861,6.098
6862,6.189
6863,6.221
6864,6.385
6865,6.374
6866,6.371
6867,6.35
6868,6.335
6869,6.639
6870,7.34
6871,7.708
6872,7.643
6873,7.708
6874,7.811
6875,7.371
6876,7.567
6877,7.47
6878,7.058
6879,7.003
6880,6.939
6881,7.258
6882,7.37
6883,6.987
6884,6.602
6885,6.517
6886,6.674
6887,6.27
6888,6.155
6889,6.152
6890,6.116
6891,6.101
6892,6.475
6893,6.855
6894,7.394
6895,7.788
6896,7.907
6897,8.095
6898,8.359
6899,7.957
6900,8.028
6901,7.927
6902,7.88
6903,7.878
6904,7.827
6905,7.998
6906,7.789
6907,7.262
6908,6.834
6909,6.602
6910,6.756
6911,6.743
6912,7.045
6913,7.189
6914,7.123
6915,6.975
6916,7.226
6917,7.013
6918,7.642
6919,7.984
6920,7.896
6921,7.897
6922,8.222
6923,7.876
6924,8.296
6925,8.053
6926,7.622
6927,7.108
6928,7.013
6929,7.408
6930,7.613
6931,7.201
6932,6.818
6933,6.561
6934,6.546
6935,6.868
6936,7.046
6937,7.054
6938,6.992
6939,6.902
6940,6.986
6941,6.848
6942,7.62
6943,7.891
6944,7.835
6945,7.835
6946,7.883
6947,7.366
6948,7.368
6949,7.359
6950,7.296
6951,7.235
6952,7.276
6953,7.574
6954,7.518
6955,7.074
6956,6.606
6957,6.525
6958,6.635
6959,6.849
6960,7.003
6961,6.976
6962,6.818
6963,6.594
6964,6.906
6965,6.691
6966,7.46
6967,7.814
6968,7.956
6969,8.112
6970,8.24
6971,7.76
6972,7.673
6973,7.555
6974,7.495
6975,7.439
6976,7.567
6977,7.658
6978,7.546
6979,7.079
6980,6.68
6981,6.447
6982,6.78
6983,7.185
6984,7.109
6985,6.923
6986,6.769
6987,6.568
6988,6.699
6989,6.828
6990,6.51
6991,6.773
6992,7.082
6993,7.182
6994,7.244
6995,6.913
6996,7.007
6997,7.419
6998,7.099
6999,6.883
7000,6.597
7001,6.721
7002,6.607
7003,6.454
7004,6.471
7005,6.301
7006,6.676
7007,6.619
7008,6.633
7009,6.587
7010,6.478
7011,6.295
7012,6.287
7013,6.288
7014,6.319
7015,6.316
7016,6.197
7017,6.396
7018,6.492
7019,6.442
7020,6.219
7021,6.759
7022,6.837
7023,6.492
7024,5.971
7025,6.39
7026,6.503
7027,6.218
7028,5.931
7029,6.283
7030,6.028
7031,6.546
7032,6.699
7033,6.756
7034,6.702
7035,6.748
7036,6.852
7037,7.011
7038,7.463
7039,7.942
7040,8.016
7041,8.14
7042,8.396
7043,7.929
7044,7.936
7045,7.808
7046,7.704
7047,7.633
7048,7.638
7049,7.816
7050,7.627
7051,7.145
7052,6.673
7053,6.509
7054,6.676
7055,6.646
7056,7.024
7057,7.06
7058,7.014
7059,6.925
7060,7.07
7061,6.697
7062,7.624
7063,8.029
7064,8.056
7065,8.126
7066,8.312
7067,7.797
7068,7.742
7069,7.704
7070,7.627
7071,7.54
7072,7.479
7073,7.743
7074,7.571
7075,7.111
7076,6.714
7077,6.606
7078,6.847
7079,6.999
7080,7.108
7081,7.11
7082,7.094
7083,6.94
7084,7.269
7085,6.916
7086,7.619
7087,8.001
7088,7.986
7089,8.034
7090,8.142
7091,7.64
7092,7.622
7093,7.474
7094,7.453
7095,7.344
7096,7.337
7097,7.704
7098,7.576
7099,7.12
7100,6.869
7101,6.715
7102,7.093
7103,6.553
7104,6.511
7105,6.574
7106,6.606
7107,6.488
7108,6.511
7109,6.75
7110,7.613
7111,7.963
7112,7.865
7113,7.974
7114,8.216
7115,7.76
7116,7.747
7117,7.788
7118,7.768
7119,7.752
7120,7.479
7121,7.732
7122,7.575
7123,7.192
7124,7.021
7125,7.355
7126,7.418
7127,6.923
7128,6.956
7129,6.903
7130,6.78
7131,6.589
7132,7.046
7133,6.81
7134,7.66
7135,7.958
7136,7.894
7137,8
7138,8.134
7139,7.711
7140,7.66
7141,7.462
7142,7.282
7143,7.139
7144,7.122
7145,7.417
7146,7.43
7147,7.101
7148,6.82
7149,6.558
7150,6.38
7151,6.651
7152,6.802
7153,6.797
7154,6.671
7155,6.666
7156,6.547
7157,6.547
7158,6.192
7159,6.497
7160,6.538
7161,6.638
7162,7.129
7163,6.51
7164,7.044
7165,7.152
7166,6.941
7167,6.919
7168,6.46
7169,6.576
7170,6.646
7171,6.692
7172,6.395
7173,6.333
7174,6.186
7175,6.067
7176,5.911
7177,6.017
7178,6.026
7179,6.061
7180,6.068
7181,5.851
7182,5.971
7183,5.922
7184,5.883
7185,5.822
7186,5.768
7187,5.965
7188,5.986
7189,5.941
7190,5.973
7191,5.784
7192,5.591
7193,6.349
7194,6.712
7195,6.418
7196,6.045
7197,5.754
7198,5.613
7199,5.438
7200,6.116
7201,6.419
7202,6.538
7203,6.555
7204,6.578
7205,6.738
7206,6.65
7207,7.38
7208,7.923
7209,8.018
7210,8.162
7211,8.352
7212,7.95
7213,8.025
7214,7.951
7215,7.895
7216,7.923
7217,8.07
7218,8.113
7219,7.665
7220,7.1
7221,6.724
7222,6.503
7223,6.777
7224,6.161
7225,6.281
7226,6.009
7227,6.247
7228,6.193
7229,6.385
7230,6.872
7231,7.65
7232,8.118
7233,8.218
7234,8.377
7235,8.555
7236,8.137
7237,8.165
7238,8.059
7239,8.051
7240,8.09
7241,8.257
7242,8.175
7243,7.774
7244,7.31
7245,6.839
7246,6.669
7247,6.457
7248,6.356
7249,6.383
7250,6.615
7251,6.625
7252,6.411
7253,6.348
7254,6.957
7255,7.741
7256,8.199
7257,8.287
7258,8.456
7259,8.621
7260,8.271
7261,8.231
7262,8.147
7263,8.088
7264,8.099
7265,8.268
7266,8.247
7267,7.837
7268,7.351
7269,6.871
7270,6.68
7271,6.353
7272,6.168
7273,6.173
7274,6.505
7275,6.576
7276,6.504
7277,6.623
7278,7.015
7279,7.743
7280,8.172
7281,8.248
7282,8.389
7283,8.548
7284,8.184
7285,8.194
7286,8.082
7287,8.017
7288,7.956
7289,8.101
7290,8.026
7291,7.674
7292,7.182
7293,6.773
7294,6.576
7295,6.194
7296,6.272
7297,6.384
7298,6.563
7299,6.657
7300,6.521
7301,6.733
7302,7.107
7303,7.129
7304,7.455
7305,7.525
7306,7.756
7307,7.834
7308,7.667
7309,7.671
7310,7.589
7311,7.342
7312,7.276
7313,7.446
7314,7.513
7315,7.196
7316,6.876
7317,7.033
7318,6.995
7319,6.9
7320,6.582
7321,6.492
7322,6.29
7323,6.186
7324,6.049
7325,6.009
7326,6.129
7327,6.199
7328,6.469
7329,6.635
7330,7.185
7331,7.455
7332,7.134
7333,6.995
7334,6.863
7335,6.85
7336,7.017
7337,7.21
7338,7.037
7339,6.913
7340,6.986
7341,6.824
7342,6.722
7343,6.705
7344,6.459
7345,6.546
7346,6.508
7347,6.418
7348,6.263
7349,6.236
7350,6.143
7351,6.092
7352,6.25
7353,6.364
7354,6.309
7355,6.206
7356,6.369
7357,6.243
7358,6.199
7359,6.219
7360,6.309
7361,6.85
7362,7.037
7363,6.754
7364,6.465
7365,6.236
7366,6.706
7367,6.505
7368,6.291
7369,6.215
7370,6.333
7371,6.36
7372,6.449
7373,6.771
7374,7.007
7375,7.638
7376,8.038
7377,7.983
7378,8.142
7379,8.394
7380,7.978
7381,7.996
7382,7.856
7383,7.81
7384,7.887
7385,8.171
7386,8.204
7387,7.775
7388,7.272
7389,7.162
7390,6.927
7391,6.929
7392,7.024
7393,6.946
7394,6.966
7395,6.898
7396,6.845
7397,7.246
7398,7.147
7399,7.781
7400,8.096
7401,8.05
7402,8.067
7403,8.245
7404,7.803
7405,7.848
7406,7.824
7407,7.822
7408,7.951
7409,8.26
7410,8.338
7411,7.916
7412,7.428
7413,6.984
7414,6.749
7415,6.383
7416,6.199
7417,6.678
7418,6.734
7419,6.703
7420,6.628
7421,6.362
7422,7.156
7423,7.977
7424,8.338
7425,8.338
7426,8.435
7427,8.641
7428,8.245
7429,8.168
7430,8.041
7431,7.972
7432,8.095
7433,8.468
7434,8.53
7435,8.113
7436,7.626
7437,7.169
7438,6.915
7439,6.584
7440,6.647
7441,6.708
7442,7.293
7443,7.313
7444,7.212
7445,7.323
7446,7.638
7447,8.19
7448,8.475
7449,8.475
7450,8.616
7451,8.79
7452,8.429
7453,8.44
7454,8.328
7455,8.307
7456,8.4
7457,8.593
7458,8.537
7459,8.193
7460,7.728
7461,7.291
7462,7.125
7463,6.908
7464,6.765
7465,7.123
7466,7.267
7467,7.23
7468,7.154
7469,7.12
7470,7.453
7471,8.196
7472,8.661
7473,8.812
7474,8.975
7475,9.061
7476,8.779
7477,8.721
7478,8.467
7479,8.279
7480,8.292
7481,8.557
7482,8.515
7483,8.181
7484,7.681
7485,7.298
7486,7.151
7487,6.877
7488,6.756
7489,6.908
7490,7.036
7491,7.014
7492,6.952
7493,7.045
7494,6.57
7495,6.565
7496,6.854
7497,7.071
7498,7.122
7499,7.076
7500,7.035
7501,6.938
7502,6.837
7503,6.876
7504,7.07
7505,7.678
7506,7.757
7507,7.545
7508,7.278
7509,7.344
7510,7.585
7511,7.569
7512,7.526
7513,7.493
7514,7.388
7515,7.325
7516,7.205
7517,7.247
7518,7.189
7519,7.058
7520,7.252
7521,7.234
7522,7.278
7523,7.237
7524,7.107
7525,6.778
7526,6.79
7527,6.587
7528,6.637
7529,7.431
7530,7.661
7531,7.457
7532,7.179
7533,6.868
7534,6.864
7535,6.8
7536,6.739
7537,6.981
7538,7.355
7539,7.377
7540,7.392
7541,7.795
7542,8.034
7543,8.455
7544,8.914
7545,8.93
7546,8.978
7547,9.019
7548,8.64
7549,8.661
7550,8.573
7551,8.593
7552,8.691
7553,8.856
7554,8.831
7555,8.415
7556,7.957
7557,7.516
7558,7.279
7559,7.013
7560,7.178
7561,7.53
7562,7.555
7563,7.606
7564,7.603
7565,7.786
7566,7.855
7567,8.614
7568,8.924
7569,8.844
7570,8.833
7571,8.868
7572,8.408
7573,8.42
7574,8.336
7575,8.331
7576,8.469
7577,8.86
7578,8.908
7579,8.529
7580,8.057
7581,7.639
7582,7.385
7583,7.207
7584,7.132
7585,7.581
7586,7.67
7587,7.669
7588,7.487
7589,7.729
7590,7.876
7591,8.614
7592,8.956
7593,8.882
7594,8.872
7595,8.913
7596,8.585
7597,8.577
7598,8.492
7599,8.464
7600,8.627
7601,8.937
7602,8.96
7603,8.6
7604,8.178
7605,7.806
7606,7.667
7607,7.582
7608,7.769
7609,7.894
7610,7.899
7611,7.825
7612,7.701
7613,7.83
7614,8.099
7615,8.718
7616,9.041
7617,9.019
7618,9.059
7619,9.104
7620,8.764
7621,8.82
7622,8.754
7623,8.727
7624,8.862
7625,8.968
7626,8.91
7627,8.513
7628,8.049
7629,7.575
7630,7.345
7631,7.072
7632,6.824
7633,6.696
7634,6.775
7635,7.682
7636,7.648
7637,7.843
7638,7.798
7639,8.542
7640,8.95
7641,8.999
7642,9.046
7643,9.05
7644,8.622
7645,8.557
7646,8.477
7647,8.374
7648,8.437
7649,8.787
7650,8.734
7651,8.377
7652,7.922
7653,7.498
7654,7.342
7655,7.068
7656,6.909
7657,7.156
7658,7.269
7659,7.31
7660,7.291
7661,7.308
7662,7.085
7663,7.154
7664,7.258
7665,7.203
7666,7.188
7667,7.136
7668,7.095
7669,7.11
7670,7.106
7671,7.187
7672,7.325
7673,7.822
7674,7.878
7675,7.519
7676,7.174
7677,6.961
7678,6.957
7679,6.746
7680,6.752
7681,6.961
7682,7.184
7683,7.179
7684,7.088
7685,7.108
7686,7.068
7687,7.077
7688,7.354
7689,7.606
7690,7.709
7691,7.515
7692,7.514
7693,7.36
7694,7.565
7695,7.637
7696,7.51
7697,7.768
7698,7.817
7699,7.524
7700,7.245
7701,7.053
7702,6.869
7703,6.612
7704,6.804
7705,7.129
7706,7.297
7707,7.196
7708,7.254
7709,7.819
7710,7.77
7711,8.504
7712,8.915
7713,8.905
7714,8.93
7715,9.009
7716,8.609
7717,8.592
7718,8.51
7719,8.475
7720,8.683
7721,9.022
7722,8.97
7723,8.575
7724,8.142
7725,7.705
7726,7.462
7727,7.158
7728,6.999
7729,6.945
7730,6.945
7731,7.043
7732,7.079
7733,7.232
7734,7.948
7735,8.802
7736,9.165
7737,9.157
7738,9.179
7739,9.178
7740,8.759
7741,8.766
7742,8.664
7743,8.673
7744,8.851
7745,9.025
7746,8.964
7747,8.519
7748,8.07
7749,7.627
7750,7.376
7751,6.996
7752,6.802
7753,6.803
7754,6.82
7755,6.919
7756,6.837
7757,7.093
7758,7.719
7759,8.552
7760,8.967
7761,8.989
7762,9.041
7763,9.103
7764,8.768
7765,8.732
7766,8.637
7767,8.597
7768,8.707
7769,8.954
7770,8.911
7771,8.483
7772,8.021
7773,7.565
7774,7.304
7775,6.946
7776,7.031
7777,7.147
7778,7.306
7779,7.506
7780,7.438
7781,7.446
7782,7.768
7783,8.62
7784,8.955
7785,8.984
7786,9.084
7787,9.141
7788,8.787
7789,8.821
7790,8.712
7791,8.708
7792,8.822
7793,9.022
7794,8.888
7795,8.489
7796,8.088
7797,7.61
7798,7.373
7799,7.052
7800,7.108
7801,7.26
7802,7.352
7803,7.308
7804,7.341
7805,7.495
7806,7.855
7807,8.608
7808,8.962
7809,8.989
7810,9.037
7811,9.019
7812,8.655
7813,8.594
7814,8.448
7815,8.374
7816,8.442
7817,8.72
7818,8.631
7819,8.304
7820,7.878
7821,7.458
7822,7.45
7823,7.343
7824,6.931
7825,7.126
7826,7.243
7827,7.533
7828,7.406
7829,7.248
7830,6.607
7831,6.598
7832,6.866
7833,7.192
7834,7.243
7835,7.283
7836,7.274
7837,7.19
7838,7.006
7839,7.04
7840,7.26
7841,7.689
7842,7.657
7843,7.322
7844,6.917
7845,6.631
7846,6.542
7847,6.438
7848,6.742
7849,7.196
7850,7.385
7851,7.394
7852,7.317
7853,7.308
7854,7.197
7855,7.101
7856,7.308
7857,7.282
7858,6.916
7859,6.815
7860,6.744
7861,7.151
7862,6.998
7863,6.839
7864,6.742
7865,7.252
7866,7.417
7867,7.159
7868,6.913
7869,6.713
7870,6.65
7871,7.191
7872,7.421
7873,7.349
7874,7.349
7875,7.378
7876,7.393
7877,7.865
7878,7.428
7879,8.287
7880,8.665
7881,8.678
7882,8.668
7883,8.767
7884,8.393
7885,8.424
7886,8.302
7887,8.347
7888,8.499
7889,8.677
7890,8.592
7891,8.171
7892,7.662
7893,7.33
7894,7.486
7895,7.423
7896,7.392
7897,7.685
7898,7.745
7899,7.824
7900,7.761
7901,7.724
7902,7.859
7903,8.398
7904,8.7
7905,8.681
7906,8.701
7907,8.808
7908,8.328
7909,8.349
7910,8.254
7911,8.177
7912,8.391
7913,8.759
7914,8.718
7915,8.295
7916,8.296
7917,8.038
7918,7.321
7919,7.296
7920,7.775
7921,7.875
7922,7.753
7923,7.814
7924,7.745
7925,7.813
7926,7.804
7927,8.409
7928,8.833
7929,8.898
7930,8.925
7931,8.896
7932,8.54
7933,8.414
7934,8.258
7935,8.227
7936,8.481
7937,8.704
7938,8.632
7939,8.349
7940,7.956
7941,7.898
7942,7.63
7943,7.741
7944,7.654
7945,7.777
7946,7.859
7947,7.793
7948,7.769
7949,7.712
7950,7.797
7951,8.419
7952,8.762
7953,8.824
7954,8.952
7955,9.19
7956,8.833
7957,8.818
7958,8.673
7959,8.609
7960,8.701
7961,8.856
7962,8.753
7963,8.408
7964,8.002
7965,7.986
7966,7.883
7967,7.862
7968,8.024
7969,7.931
7970,7.929
7971,8.044
7972,8.022
7973,7.684
7974,7.697
7975,8.454
7976,9.027
7977,9.106
7978,9.146
7979,9.112
7980,8.762
7981,8.664
7982,8.606
7983,8.768
7984,8.485
7985,8.658
7986,8.518
7987,8.211
7988,7.804
7989,7.451
7990,7.461
7991,7.517
7992,7.896
7993,7.965
7994,8.09
7995,8.013
7996,7.726
7997,7.78
7998,7.624
7999,7.97
8000,8.155
8001,7.962
8002,7.864
8003,8.258
8004,8.059
8005,7.99
8006,7.929
8007,7.675
8008,7.453
8009,7.948
8010,7.92
8011,7.721
8012,7.753
8013,7.818
8014,7.799
8015,7.85
8016,7.865
8017,7.53
8018,7.708
8019,7.706
8020,7.559
8021,7.533
8022,7.44
8023,7.202
8024,7.523
8025,7.705
8026,7.842
8027,7.52
8028,7.52
8029,7.548
8030,7.576
8031,7.36
8032,7.681
8033,7.7
8034,7.811
8035,7.593
8036,7.356
8037,7.391
8038,7.31
8039,7.425
8040,7.518
8041,7.872
8042,7.922
8043,7.952
8044,7.923
8045,7.99
8046,8.196
8047,8.604
8048,9.168
8049,9.256
8050,9.357
8051,9.423
8052,9.11
8053,9.219
8054,9.172
8055,9.159
8056,9.269
8057,9.411
8058,9.349
8059,8.964
8060,8.494
8061,8.054
8062,7.813
8063,7.617
8064,7.506
8065,7.615
8066,7.834
8067,7.941
8068,7.907
8069,8.131
8070,8.291
8071,9.146
8072,9.538
8073,9.471
8074,9.445
8075,9.414
8076,8.969
8077,8.983
8078,8.871
8079,8.906
8080,9.138
8081,9.471
8082,9.412
8083,9.032
8084,8.564
8085,8.118
8086,7.902
8087,7.632
8088,7.389
8089,7.64
8090,8.119
8091,8.348
8092,8.284
8093,7.832
8094,8.248
8095,9.041
8096,9.452
8097,9.468
8098,9.507
8099,9.495
8100,9.146
8101,9.137
8102,9.028
8103,9.008
8104,9.181
8105,9.382
8106,9.307
8107,8.906
8108,8.424
8109,7.953
8110,7.737
8111,7.388
8112,7.356
8113,7.482
8114,7.21
8115,7.174
8116,7.246
8117,7.357
8118,8.141
8119,9.082
8120,9.513
8121,9.558
8122,9.511
8123,9.444
8124,9.077
8125,9.1
8126,8.995
8127,9.005
8128,9.223
8129,9.392
8130,9.26
8131,8.938
8132,8.509
8133,8.057
8134,7.882
8135,7.759
8136,7.431
8137,7.354
8138,7.579
8139,7.563
8140,7.566
8141,7.714
8142,8.335
8143,9.134
8144,9.562
8145,9.507
8146,9.368
8147,9.225
8148,8.857
8149,8.743
8150,8.589
8151,8.536
8152,8.69
8153,9.041
8154,8.964
8155,8.546
8156,8.216
8157,7.753
8158,7.602
8159,7.307
8160,7.024
8161,7.061
8162,7.113
8163,7.381
8164,7.227
8165,6.799
8166,6.593
8167,6.653
8168,7.046
8169,7.334
8170,7.34
8171,7.319
8172,7.437
8173,7.405
8174,7.436
8175,7.302
8176,7.442
8177,7.899
8178,7.861
8179,7.594
8180,7.308
8181,7.012
8182,6.967
8183,7.011
8184,7.046
8185,7.258
8186,7.52
8187,7.758
8188,7.666
8189,7.603
8190,7.34
8191,7.055
8192,7.06
8193,7.163
8194,7.376
8195,7.557
8196,7.601
8197,7.472
8198,7.38
8199,7.237
8200,7.085
8201,7.525
8202,7.584
8203,7.319
8204,7.027
8205,6.745
8206,6.857
8207,6.995
8208,7.317
8209,7.647
8210,7.737
8211,7.791
8212,7.753
8213,7.911
8214,7.772
8215,8.6
8216,8.979
8217,8.939
8218,8.994
8219,9.174
8220,8.958
8221,9.08
8222,8.943
8223,8.996
8224,9.155
8225,9.261
8226,9.09
8227,8.713
8228,8.211
8229,7.736
8230,7.529
8231,7.137
8232,6.931
8233,6.784
8234,7.126
8235,7.087
8236,7.406
8237,7.156
8238,8.053
8239,8.909
8240,9.345
8241,9.267
8242,9.147
8243,9.092
8244,8.684
8245,8.686
8246,8.633
8247,8.704
8248,9.045
8249,9.415
8250,9.376
8251,9.029
8252,8.556
8253,8.302
8254,8.006
8255,8.099
8256,7.945
8257,7.635
8258,7.571
8259,8.338
8260,8.148
8261,7.47
8262,8.319
8263,9.132
8264,9.473
8265,9.521
8266,9.589
8267,9.606
8268,9.347
8269,9.346
8270,9.224
8271,9.24
8272,9.394
8273,9.488
8274,9.362
8275,8.926
8276,8.437
8277,8.053
8278,7.842
8279,7.502
8280,7.253
8281,7.298
8282,7.552
8283,7.517
8284,7.461
8285,7.358
8286,8.193
8287,9.068
8288,9.472
8289,9.485
8290,9.503
8291,9.426
8292,9.04
8293,9.008
8294,8.869
8295,8.909
8296,9.198
8297,9.549
8298,9.443
8299,9.045
8300,8.615
8301,8.182
8302,7.994
8303,7.693
8304,7.409
8305,7.596
8306,7.688
8307,7.789
8308,7.383
8309,7.432
8310,8.056
8311,8.92
8312,9.427
8313,9.514
8314,9.636
8315,9.595
8316,9.271
8317,9.167
8318,9.019
8319,8.921
8320,8.996
8321,9.174
8322,8.982
8323,8.602
8324,8.153
8325,7.767
8326,7.676
8327,7.993
8328,7.551
8329,7.764
8330,7.987
8331,8.02
8332,7.842
8333,7.499
8334,7.046
8335,6.651
8336,6.966
8337,7.34
8338,7.571
8339,7.649
8340,7.75
8341,7.721
8342,7.587
8343,7.311
8344,7.422
8345,7.852
8346,7.829
8347,7.518
8348,7.172
8349,7.031
8350,7.017
8351,7.138
8352,7.145
8353,7.398
8354,7.545
8355,7.497
8356,7.372
8357,7.292
8358,7.266
8359,6.707
8360,6.759
8361,6.968
8362,7.14
8363,7.309
8364,7.416
8365,7.499
8366,7.146
8367,6.671
8368,6.838
8369,7.44
8370,7.587
8371,7.407
8372,7.204
8373,6.921
8374,7.05
8375,6.972
8376,6.302
8377,6.914
8378,7.804
8379,7.855
8380,7.916
8381,7.509
8382,7.666
8383,8.554
8384,9.016
8385,8.968
8386,8.943
8387,8.945
8388,8.611
8389,8.64
8390,8.521
8391,8.478
8392,8.665
8393,8.911
8394,8.849
8395,8.44
8396,7.966
8397,7.524
8398,7.288
8399,6.887
8400,6.601
8401,7.007
8402,7.667
8403,7.17
8404,7.743
8405,6.706
8406,7.597
8407,8.432
8408,8.822
8409,8.84
8410,8.84
8411,8.938
8412,8.551
8413,8.501
8414,8.4
8415,8.407
8416,8.589
8417,8.809
8418,8.718
8419,8.339
8420,7.857
8421,7.516
8422,7.595
8423,7.478
8424,7.511
8425,7.952
8426,8.172
8427,8.213
8428,8.069
8429,7.304
8430,7.452
8431,8.282
8432,8.706
8433,8.692
8434,8.7
8435,8.734
8436,8.624
8437,8.722
8438,8.22
8439,8.135
8440,8.338
8441,8.626
8442,8.583
8443,8.618
8444,8.292
8445,8.25
8446,7.397
8447,7.828
8448,7.536
8449,7.616
8450,7.922
8451,7.923
8452,7.643
8453,7.577
8454,7.536
8455,8.342
8456,8.754
8457,8.828
8458,8.787
8459,8.699
8460,8.361
8461,8.283
8462,8.146
8463,8.113
8464,8.366
8465,8.735
8466,8.635
8467,8.342
8468,8.09
8469,7.725
8470,7.649
8471,7.644
8472,7.433
8473,7.76
8474,7.956
8475,7.752
8476,7.782
8477,7.347
8478,7.317
8479,8.001
8480,8.419
8481,8.451
8482,8.485
8483,8.496
8484,8.225
8485,8.086
8486,7.923
8487,7.805
8488,7.95
8489,8.174
8490,8.178
8491,7.977
8492,7.466
8493,7.115
8494,7.603
8495,8.109
8496,7.935
8497,7.716
8498,7.581
8499,7.474
8500,7.309
8501,7.316
8502,7.331
8503,7.161
8504,7.112
8505,6.992
8506,7.07
8507,7.047
8508,7.103
8509,6.976
8510,6.814
8511,6.731
8512,7.101
8513,7.627
8514,7.647
8515,7.402
8516,7.11
8517,6.822
8518,7.3
8519,7.246
8520,7.48
8521,7.284
8522,7.095
8523,7.157
8524,7.01
8525,6.944
8526,6.92
8527,6.924
8528,6.908
8529,6.457
8530,6.584
8531,6.737
8532,6.925
8533,6.781
8534,6.618
8535,6.593
8536,6.855
8537,7.29
8538,7.31
8539,7.093
8540,7.037
8541,7.177
8542,7.708
8543,7.728
8544,7.466
8545,7.343
8546,7.323
8547,7.337
8548,7.332
8549,7.636
8550,7.919
8551,7.184
8552,7.563
8553,7.658
8554,7.686
8555,7.667
8556,7.883
8557,8.034
8558,7.505
8559,7.422
8560,7.632
8561,7.93
8562,7.871
8563,7.584
8564,7.2
8565,6.909
8566,7.035
8567,7.799
8568,7.555
8569,7.378
8570,7.373
8571,7.365
8572,7.215
8573,7.375
8574,7.645
8575,7.07
8576,7.228
8577,7.512
8578,7.677
8579,7.658
8580,7.832
8581,7.606
8582,7.193
8583,7.028
8584,7.079
8585,7.4
8586,7.266
8587,6.963
8588,6.711
8589,6.762
8590,7.102
8591,7.551
8592,7.527
8593,7.365
8594,7.194
8595,7.168
8596,7.026
8597,7.034
8598,6.955
8599,6.873
8600,6.901
8601,6.653
8602,6.794
8603,6.716
8604,7.089
8605,7.059
8606,6.871
8607,6.49
8608,6.415
8609,6.706
8610,6.733
8611,6.661
8612,6.491
8613,6.356
8614,6.522
8615,6.513
8616,7.101
8617,7.102
8618,7.084
8619,7.301
8620,7.081
8621,6.802
8622,6.863
8623,6.657
8624,6.267
8625,6.449
8626,6.521
8627,6.437
8628,6.692
8629,6.571
8630,6.402
8631,6.386
8632,6.662
8633,7.136
8634,7.16
8635,6.981
8636,6.719
8637,6.544
8638,6.62
8639,6.58
8640,7.047
8641,6.941
8642,6.962
8643,6.907
8644,6.672
8645,6.895
8646,7.047
8647,6.495
8648,6.895
8649,7.231
8650,7.348
8651,7.279
8652,7.393
8653,7.256
8654,7.068
8655,6.965
8656,7.175
8657,7.645
8658,7.657
8659,7.352
8660,6.987
8661,6.645
8662,6.648
8663,6.461
8664,6.415
8665,6.71
8666,6.937
8667,7.09
8668,6.937
8669,6.968
8670,6.947
8671,6.364
8672,6.442
8673,6.712
8674,6.846
8675,6.95
8676,7.136
8677,7.005
8678,6.916
8679,6.817
8680,7.045
8681,7.541
8682,7.6
8683,7.358
8684,7.065
8685,6.772
8686,6.759
8687,6.834
8688,7.335
8689,7.324
8690,7.274
8691,7.26
8692,7.206
8693,7.085
8694,7.087
8695,7.117
8696,7.107
8697,7.09
8698,6.755
8699,6.747
8700,6.788
8701,7.184
8702,6.901
8703,6.536
8704,6.646
8705,7.364
8706,7.53
8707,7.356
8708,7.133
8709,6.964
8710,6.891
8711,6.977
8712,7.697
8713,7.678
8714,7.687
8715,7.66
8716,7.592
8717,7.315
8718,7.342
8719,7.297
8720,7.366
8721,7.659
8722,7.681
8723,7.527
8724,7.631
8725,7.643
8726,7.503
8727,7.37
8728,7.588
8729,8.074
8730,8.125
8731,7.805
8732,7.474
8733,7.206
8734,7.299
8735,7.084
8736,6.749
8737,7.162
8738,7.16
8739,7.158
8740,7.164
8741,6.962
8742,6.659
8743,6.833
8744,7.2
8745,7.491
8746,7.507
8747,7.311
8748,7.416
8749,7.278
8750,7.159
8751,7.163
8752,7.37
8753,7.734
8754,7.655
8755,7.358
8756,7.062
8757,6.828
8758,6.884
8759,6.886
